N,K,S,diameter,averageShortestPathLength,edges
762,4,C(762; 1; 30; 115; 134),6,4.50065703022339,3048
762,4,C(762; 1; 53; 66; 244),6,4.50065703022339,3048
