N,K,S,diameter,averageShortestPathLength,edges
491,4,C(491; 1; 42; 61; 111),6,3.9959183673469387,1964
491,4,C(491; 1; 57; 152; 178),6,3.9959183673469387,1964
491,4,C(491; 1; 80; 115; 141),6,3.9959183673469387,1964
491,4,C(491; 1; 112; 161; 195),6,3.9959183673469387,1964
