N,K,S,diameter,averageShortestPathLength,edges
292,4,C(292; 1; 11; 51; 108),5,3.4673539518900345,1168
292,4,C(292; 1; 25; 36; 68),5,3.4673539518900345,1168
292,4,C(292; 1; 26; 46; 57),5,3.4673539518900345,1168
292,4,C(292; 1; 35; 44; 92),5,3.4673539518900345,1168
292,4,C(292; 1; 41; 102; 134),5,3.4673539518900345,1168
292,4,C(292; 1; 53; 75; 116),5,3.4673539518900345,1168
292,4,C(292; 1; 63; 88; 109),5,3.4673539518900345,1168
