N,K,S,diameter,averageShortestPathLength,edges
737,4,C(737; 1; 15; 81; 152),6,4.4646739130434785,2948
737,4,C(737; 1; 33; 53; 254),6,4.4646739130434785,2948
737,4,C(737; 1; 39; 142; 344),6,4.4646739130434785,2948
737,4,C(737; 1; 55; 177; 200),6,4.4646739130434785,2948
737,4,C(737; 1; 55; 269; 292),6,4.4646739130434785,2948
737,4,C(737; 1; 91; 109; 171),6,4.4646739130434785,2948
737,4,C(737; 1; 160; 189; 306),6,4.4646739130434785,2948
