N,K,S,diameter,averageShortestPathLength,edges
817,4,C(817; 1; 20; 134; 162),6,4.578431372549019,3268
817,4,C(817; 1; 21; 116; 131),6,4.578431372549019,3268
817,4,C(817; 1; 75; 237; 286),6,4.578431372549019,3268
817,4,C(817; 1; 189; 305; 389),6,4.578431372549019,3268
