N,K,S,diameter,averageShortestPathLength,edges
498,4,C(498; 1; 101; 186; 222),6,4.010060362173038,1992
498,4,C(498; 1; 126; 143; 204),6,4.010060362173038,1992
