N,K,S,diameter,averageShortestPathLength,edges
985,4,C(985; 1; 45; 79; 322),7,4.819105691056911,3940
985,4,C(985; 1; 52; 168; 370),7,4.819105691056911,3940
985,4,C(985; 1; 225; 399; 428),7,4.819105691056911,3940
