N,K,S,diameter,averageShortestPathLength,edges
661,4,C(661; 1; 42; 77; 142),6,4.336363636363636,2644
661,4,C(661; 1; 84; 103; 301),6,4.336363636363636,2644
661,4,C(661; 1; 112; 154; 299),6,4.336363636363636,2644
661,4,C(661; 1; 135; 181; 279),6,4.336363636363636,2644
