N,K,S,diameter,averageShortestPathLength,edges
839,4,C(839; 1; 10; 103; 171),7,4.613365155131265,3356
839,4,C(839; 1; 32; 220; 393),7,4.613365155131265,3356
839,4,C(839; 1; 84; 101; 262),7,4.613365155131265,3356
839,4,C(839; 1; 98; 236; 381),7,4.613365155131265,3356
839,4,C(839; 1; 108; 157; 230),7,4.613365155131265,3356
839,4,C(839; 1; 150; 190; 207),7,4.613365155131265,3356
839,4,C(839; 1; 225; 330; 351),7,4.613365155131265,3356
839,4,C(839; 1; 259; 285; 391),7,4.613365155131265,3356
