N,K,S,diameter,averageShortestPathLength,edges
716,4,C(716; 1; 80; 90; 301),6,4.427972027972028,2864
716,4,C(716; 1; 152; 210; 342),6,4.427972027972028,2864
716,4,C(716; 1; 157; 190; 328),6,4.427972027972028,2864
