N,K,S,diameter,averageShortestPathLength,edges
338,4,C(338; 1; 21; 30; 146),5,3.602373887240356,1352
338,4,C(338; 1; 70; 119; 156),5,3.602373887240356,1352
338,4,C(338; 1; 71; 78; 100),5,3.602373887240356,1352
338,4,C(338; 1; 71; 152; 166),5,3.602373887240356,1352
338,4,C(338; 1; 98; 154; 161),5,3.602373887240356,1352
338,4,C(338; 1; 119; 150; 164),5,3.602373887240356,1352
