N,K,S,diameter,averageShortestPathLength,edges
616,4,C(616; 1; 14; 94; 250),6,4.256910569105691,2464
616,4,C(616; 1; 64; 114; 266),6,4.256910569105691,2464
