N,K,S,diameter,averageShortestPathLength,edges
486,4,C(486; 1; 102; 123; 149),6,3.9814432989690722,1944
486,4,C(486; 1; 120; 137; 159),6,3.9814432989690722,1944
