N,K,S,diameter,averageShortestPathLength,edges
420,4,C(420; 1; 11; 87; 190),5,3.8162291169451072,1680
420,4,C(420; 1; 35; 43; 160),5,3.8162291169451072,1680
420,4,C(420; 1; 93; 135; 158),5,3.8162291169451072,1680
420,4,C(420; 1; 127; 160; 175),5,3.8162291169451072,1680
420,4,C(420; 1; 138; 161; 171),5,3.8162291169451072,1680
420,4,C(420; 1; 170; 183; 191),5,3.8162291169451072,1680
