N,K,S,diameter,averageShortestPathLength,edges
474,4,C(474; 1; 11; 175; 202),6,3.955602536997886,1896
474,4,C(474; 1; 43; 59; 154),6,3.955602536997886,1896
474,4,C(474; 1; 65; 142; 233),6,3.955602536997886,1896
474,4,C(474; 1; 66; 117; 193),6,3.955602536997886,1896
474,4,C(474; 1; 67; 96; 210),6,3.955602536997886,1896
474,4,C(474; 1; 97; 120; 202),6,3.955602536997886,1896
474,4,C(474; 1; 105; 120; 167),6,3.955602536997886,1896
474,4,C(474; 1; 150; 180; 191),6,3.955602536997886,1896
474,4,C(474; 1; 178; 204; 215),6,3.955602536997886,1896
