N,K,S,diameter,averageShortestPathLength,edges
857,4,C(857; 1; 168; 207; 361),7,4.630841121495327,3428
857,4,C(857; 1; 207; 292; 403),7,4.630841121495327,3428
