N,K,S,diameter,averageShortestPathLength,edges
884,4,C(884; 1; 13; 60; 337),7,4.674971687429219,3536
884,4,C(884; 1; 181; 252; 299),7,4.674971687429219,3536
