N,K,S,diameter,averageShortestPathLength,edges
569,4,C(569; 1; 8; 90; 125),6,4.165492957746479,2276
569,4,C(569; 1; 12; 154; 217),6,4.165492957746479,2276
569,4,C(569; 1; 33; 139; 196),6,4.165492957746479,2276
569,4,C(569; 1; 36; 118; 278),6,4.165492957746479,2276
569,4,C(569; 1; 69; 82; 132),6,4.165492957746479,2276
569,4,C(569; 1; 71; 131; 229),6,4.165492957746479,2276
569,4,C(569; 1; 79; 218; 229),6,4.165492957746479,2276
569,4,C(569; 1; 82; 219; 237),6,4.165492957746479,2276
