N,K,S,diameter,averageShortestPathLength,edges
723,4,C(723; 1; 80; 116; 211),6,4.437673130193906,2892
723,4,C(723; 1; 107; 151; 244),6,4.437673130193906,2892
723,4,C(723; 1; 154; 250; 268),6,4.437673130193906,2892
723,4,C(723; 1; 158; 233; 277),6,4.437673130193906,2892
