N,K,S,diameter,averageShortestPathLength,edges
46,4,C(46; 1; 4; 10; 17),3,1.9333333333333333,184
46,4,C(46; 1; 6; 16; 19),3,1.9333333333333333,184
