N,K,S,diameter,averageShortestPathLength,edges
906,4,C(906; 1; 20; 187; 298),7,4.707182320441989,3624
906,4,C(906; 1; 47; 264; 278),7,4.707182320441989,3624
906,4,C(906; 1; 62; 167; 320),7,4.707182320441989,3624
906,4,C(906; 1; 102; 347; 430),7,4.707182320441989,3624
906,4,C(906; 1; 136; 217; 322),7,4.707182320441989,3624
906,4,C(906; 1; 184; 281; 386),7,4.707182320441989,3624
