N,K,S,diameter,averageShortestPathLength,edges
761,4,C(761; 1; 27; 63; 201),6,4.505263157894737,3044
761,4,C(761; 1; 53; 91; 295),6,4.505263157894737,3044
761,4,C(761; 1; 62; 101; 377),6,4.505263157894737,3044
761,4,C(761; 1; 63; 92; 135),6,4.505263157894737,3044
761,4,C(761; 1; 91; 109; 355),6,4.505263157894737,3044
761,4,C(761; 1; 92; 256; 310),6,4.505263157894737,3044
761,4,C(761; 1; 178; 217; 302),6,4.505263157894737,3044
761,4,C(761; 1; 302; 324; 373),6,4.505263157894737,3044
