N,K,S,diameter,averageShortestPathLength,edges
808,4,C(808; 1; 20; 125; 219),6,4.568773234200743,3232
808,4,C(808; 1; 47; 181; 388),6,4.568773234200743,3232
808,4,C(808; 1; 107; 284; 361),6,4.568773234200743,3232
