N,K,S,diameter,averageShortestPathLength,edges
922,4,C(922; 1; 25; 192; 304),7,4.731813246471227,3688
922,4,C(922; 1; 37; 65; 302),7,4.731813246471227,3688
922,4,C(922; 1; 58; 73; 299),7,4.731813246471227,3688
922,4,C(922; 1; 246; 295; 398),7,4.731813246471227,3688
922,4,C(922; 1; 341; 383; 416),7,4.731813246471227,3688
