N,K,S,diameter,averageShortestPathLength,edges
249,4,C(249; 1; 6; 44; 71),5,3.306451612903226,996
249,4,C(249; 1; 7; 42; 59),5,3.306451612903226,996
249,4,C(249; 1; 17; 38; 102),5,3.306451612903226,996
