N,K,S,diameter,averageShortestPathLength,edges
633,4,C(633; 1; 27; 129; 269),6,4.287974683544304,2532
633,4,C(633; 1; 40; 96; 186),6,4.287974683544304,2532
