N,K,S,diameter,averageShortestPathLength,edges
677,4,C(677; 1; 26; 148; 214),6,4.349112426035503,2708
677,4,C(677; 1; 26; 174; 215),6,4.349112426035503,2708
