N,K,S,diameter,averageShortestPathLength,edges
699,4,C(699; 1; 15; 51; 278),6,4.3982808022922635,2796
699,4,C(699; 1; 78; 88; 294),6,4.3982808022922635,2796
