N,K,S,diameter,averageShortestPathLength,edges
318,4,C(318; 1; 65; 141; 156),5,3.5394321766561516,1272
318,4,C(318; 1; 66; 81; 137),5,3.5394321766561516,1272
