N,K,S,diameter,averageShortestPathLength,edges
727,4,C(727; 1; 37; 65; 237),6,4.449035812672176,2908
727,4,C(727; 1; 85; 100; 334),6,4.449035812672176,2908
727,4,C(727; 1; 215; 227; 325),6,4.449035812672176,2908
727,4,C(727; 1; 269; 302; 328),6,4.449035812672176,2908
