N,K,S,diameter,averageShortestPathLength,edges
854,4,C(854; 1; 26; 111; 177),6,4.630715123094959,3416
854,4,C(854; 1; 73; 106; 193),6,4.630715123094959,3416
854,4,C(854; 1; 117; 377; 408),6,4.630715123094959,3416
