N,K,S,diameter,averageShortestPathLength,edges
262,4,C(262; 1; 21; 58; 70),5,3.3524904214559386,1048
262,4,C(262; 1; 25; 84; 122),5,3.3524904214559386,1048
