N,K,S,diameter,averageShortestPathLength,edges
744,4,C(744; 1; 108; 125; 348),6,4.472409152086137,2976
744,4,C(744; 1; 148; 161; 192),6,4.472409152086137,2976
744,4,C(744; 1; 216; 244; 305),6,4.472409152086137,2976
