N,K,S,diameter,averageShortestPathLength,edges
319,4,C(319; 1; 36; 126; 152),5,3.547169811320755,1276
319,4,C(319; 1; 47; 59; 149),5,3.547169811320755,1276
319,4,C(319; 1; 50; 61; 142),5,3.547169811320755,1276
319,4,C(319; 1; 62; 146; 156),5,3.547169811320755,1276
319,4,C(319; 1; 68; 86; 109),5,3.547169811320755,1276
319,4,C(319; 1; 94; 115; 155),5,3.547169811320755,1276
319,4,C(319; 1; 95; 119; 137),5,3.547169811320755,1276
319,4,C(319; 1; 112; 120; 134),5,3.547169811320755,1276
