N,K,S,diameter,averageShortestPathLength,edges
136,4,C(136; 1; 4; 16; 55),4,2.7555555555555555,544
136,4,C(136; 1; 47; 52; 64),4,2.7555555555555555,544
