N,K,S,diameter,averageShortestPathLength,edges
615,4,C(615; 1; 48; 110; 293),6,4.250814332247557,2460
615,4,C(615; 1; 50; 212; 279),6,4.250814332247557,2460
