N,K,S,diameter,averageShortestPathLength,edges
968,4,C(968; 1; 42; 107; 332),7,4.800413650465357,3872
968,4,C(968; 1; 52; 326; 395),7,4.800413650465357,3872
968,4,C(968; 1; 118; 389; 404),7,4.800413650465357,3872
968,4,C(968; 1; 139; 404; 470),7,4.800413650465357,3872
968,4,C(968; 1; 195; 310; 372),7,4.800413650465357,3872
968,4,C(968; 1; 290; 316; 397),7,4.800413650465357,3872
