N,K,S,diameter,averageShortestPathLength,edges
417,4,C(417; 1; 28; 63; 79),5,3.8076923076923075,1668
417,4,C(417; 1; 95; 147; 158),5,3.8076923076923075,1668
417,4,C(417; 1; 102; 134; 161),5,3.8076923076923075,1668
