N,K,S,diameter,averageShortestPathLength,edges
984,4,C(984; 1; 20; 108; 203),7,4.8158697863682605,3936
984,4,C(984; 1; 92; 300; 349),7,4.8158697863682605,3936
