N,K,S,diameter,averageShortestPathLength,edges
107,4,C(107; 1; 4; 18; 47),4,2.5660377358490565,428
107,4,C(107; 1; 6; 24; 39),4,2.5660377358490565,428
107,4,C(107; 1; 11; 41; 50),4,2.5660377358490565,428
107,4,C(107; 1; 15; 27; 49),4,2.5660377358490565,428
