N,K,S,diameter,averageShortestPathLength,edges
488,4,C(488; 1; 15; 54; 142),6,3.9856262833675564,1952
488,4,C(488; 1; 42; 65; 94),6,3.9856262833675564,1952
