N,K,S,diameter,averageShortestPathLength,edges
825,4,C(825; 1; 25; 264; 333),7,4.597087378640777,3300
825,4,C(825; 1; 83; 305; 323),7,4.597087378640777,3300
825,4,C(825; 1; 95; 264; 409),7,4.597087378640777,3300
825,4,C(825; 1; 100; 159; 272),7,4.597087378640777,3300
825,4,C(825; 1; 145; 236; 396),7,4.597087378640777,3300
825,4,C(825; 1; 212; 271; 310),7,4.597087378640777,3300
825,4,C(825; 1; 215; 328; 344),7,4.597087378640777,3300
825,4,C(825; 1; 222; 367; 400),7,4.597087378640777,3300
