N,K,S,diameter,averageShortestPathLength,edges
602,4,C(602; 1; 23; 147; 212),6,4.231281198003328,2408
602,4,C(602; 1; 157; 174; 203),6,4.231281198003328,2408
