N,K,S,diameter,averageShortestPathLength,edges
366,4,C(366; 1; 29; 52; 148),5,3.6794520547945204,1464
366,4,C(366; 1; 58; 101; 128),5,3.6794520547945204,1464
