N,K,S,diameter,averageShortestPathLength,edges
894,4,C(894; 1; 36; 63; 293),7,4.692049272116462,3576
894,4,C(894; 1; 119; 186; 345),7,4.692049272116462,3576
