N,K,S,diameter,averageShortestPathLength,edges
153,4,C(153; 1; 16; 21; 72),4,2.8684210526315788,612
153,4,C(153; 1; 21; 30; 35),4,2.8684210526315788,612
153,4,C(153; 1; 30; 67; 72),4,2.8684210526315788,612
