N,K,S,diameter,averageShortestPathLength,edges
254,4,C(254; 1; 20; 88; 101),5,3.3280632411067192,1016
254,4,C(254; 1; 62; 83; 118),5,3.3280632411067192,1016
