N,K,S,diameter,averageShortestPathLength,edges
666,4,C(666; 1; 27; 61; 226),6,4.345864661654136,2664
666,4,C(666; 1; 131; 207; 302),6,4.345864661654136,2664
