N,K,S,diameter,averageShortestPathLength,edges
545,4,C(545; 1; 16; 74; 142),6,4.113970588235294,2180
545,4,C(545; 1; 23; 61; 172),6,4.113970588235294,2180
545,4,C(545; 1; 34; 77; 209),6,4.113970588235294,2180
545,4,C(545; 1; 54; 238; 263),6,4.113970588235294,2180
545,4,C(545; 1; 57; 81; 206),6,4.113970588235294,2180
545,4,C(545; 1; 92; 142; 153),6,4.113970588235294,2180
545,4,C(545; 1; 111; 237; 258),6,4.113970588235294,2180
545,4,C(545; 1; 134; 158; 188),6,4.113970588235294,2180
