N,K,S,diameter,averageShortestPathLength,edges
516,4,C(516; 1; 13; 82; 114),6,4.052427184466019,2064
516,4,C(516; 1; 16; 41; 211),6,4.052427184466019,2064
516,4,C(516; 1; 46; 119; 150),6,4.052427184466019,2064
516,4,C(516; 1; 131; 151; 164),6,4.052427184466019,2064
516,4,C(516; 1; 176; 193; 247),6,4.052427184466019,2064
516,4,C(516; 1; 194; 222; 234),6,4.052427184466019,2064
