N,K,S,diameter,averageShortestPathLength,edges
668,4,C(668; 1; 66; 182; 279),6,4.350824587706147,2672
668,4,C(668; 1; 106; 249; 266),6,4.350824587706147,2672
