N,K,S,diameter,averageShortestPathLength,edges
381,4,C(381; 1; 27; 47; 132),5,3.7157894736842105,1524
381,4,C(381; 1; 33; 135; 154),5,3.7157894736842105,1524
