N,K,S,diameter,averageShortestPathLength,edges
477,4,C(477; 1; 11; 79; 141),6,3.96218487394958,1908
477,4,C(477; 1; 20; 70; 155),6,3.96218487394958,1908
477,4,C(477; 1; 40; 62; 154),6,3.96218487394958,1908
477,4,C(477; 1; 59; 201; 228),6,3.96218487394958,1908
477,4,C(477; 1; 60; 97; 174),6,3.96218487394958,1908
477,4,C(477; 1; 100; 136; 184),6,3.96218487394958,1908
477,4,C(477; 1; 127; 167; 235),6,3.96218487394958,1908
477,4,C(477; 1; 130; 204; 224),6,3.96218487394958,1908
477,4,C(477; 1; 157; 181; 195),6,3.96218487394958,1908
