N,K,S,diameter,averageShortestPathLength,edges
515,4,C(515; 1; 15; 39; 213),6,4.0505836575875485,2060
515,4,C(515; 1; 40; 66; 153),6,4.0505836575875485,2060
515,4,C(515; 1; 138; 145; 162),6,4.0505836575875485,2060
