N,K,S,diameter,averageShortestPathLength,edges
786,4,C(786; 1; 60; 113; 258),6,4.532484076433121,3144
786,4,C(786; 1; 84; 204; 313),6,4.532484076433121,3144
