N,K,S,diameter,averageShortestPathLength,edges
888,4,C(888; 1; 179; 408; 438),7,4.682074408117249,3552
888,4,C(888; 1; 186; 216; 253),7,4.682074408117249,3552
