N,K,S,diameter,averageShortestPathLength,edges
316,4,C(316; 1; 24; 42; 153),5,3.533333333333333,1264
316,4,C(316; 1; 68; 95; 118),5,3.533333333333333,1264
