N,K,S,diameter,averageShortestPathLength,edges
323,4,C(323; 1; 26; 35; 151),5,3.5527950310559007,1292
323,4,C(323; 1; 32; 110; 120),5,3.5527950310559007,1292
323,4,C(323; 1; 64; 77; 111),5,3.5527950310559007,1292
323,4,C(323; 1; 87; 106; 138),5,3.5527950310559007,1292
