N,K,S,diameter,averageShortestPathLength,edges
745,4,C(745; 1; 15; 114; 279),6,4.473118279569892,2980
745,4,C(745; 1; 40; 251; 304),6,4.473118279569892,2980
745,4,C(745; 1; 174; 255; 281),6,4.473118279569892,2980
