N,K,S,diameter,averageShortestPathLength,edges
988,4,C(988; 1; 51; 116; 432),7,4.826747720364741,3952
988,4,C(988; 1; 155; 196; 224),7,4.826747720364741,3952
