N,K,S,diameter,averageShortestPathLength,edges
731,4,C(731; 1; 14; 89; 156),6,4.454794520547945,2924
731,4,C(731; 1; 24; 103; 164),6,4.454794520547945,2924
731,4,C(731; 1; 115; 148; 335),6,4.454794520547945,2924
731,4,C(731; 1; 163; 220; 261),6,4.454794520547945,2924
