N,K,S,diameter,averageShortestPathLength,edges
850,4,C(850; 1; 61; 326; 368),7,4.63133097762073,3400
850,4,C(850; 1; 134; 209; 412),7,4.63133097762073,3400
