N,K,S,diameter,averageShortestPathLength,edges
320,4,C(320; 1; 8; 61; 149),5,3.5517241379310347,1280
320,4,C(320; 1; 9; 51; 132),5,3.5517241379310347,1280
320,4,C(320; 1; 9; 88; 131),5,3.5517241379310347,1280
320,4,C(320; 1; 19; 69; 148),5,3.5517241379310347,1280
320,4,C(320; 1; 21; 71; 152),5,3.5517241379310347,1280
320,4,C(320; 1; 71; 92; 101),5,3.5517241379310347,1280
