N,K,S,diameter,averageShortestPathLength,edges
123,4,C(123; 1; 11; 18; 60),4,2.6885245901639343,492
123,4,C(123; 1; 24; 39; 56),4,2.6885245901639343,492
