N,K,S,diameter,averageShortestPathLength,edges
881,4,C(881; 1; 11; 93; 319),7,4.672727272727273,3524
881,4,C(881; 1; 29; 80; 392),7,4.672727272727273,3524
881,4,C(881; 1; 58; 108; 243),7,4.672727272727273,3524
881,4,C(881; 1; 155; 180; 218),7,4.672727272727273,3524
