N,K,S,diameter,averageShortestPathLength,edges
838,4,C(838; 1; 104; 125; 386),6,4.60931899641577,3352
838,4,C(838; 1; 181; 312; 388),6,4.60931899641577,3352
