N,K,S,diameter,averageShortestPathLength,edges
482,4,C(482; 1; 34; 58; 221),6,3.9750519750519753,1928
482,4,C(482; 1; 74; 214; 229),6,3.9750519750519753,1928
