N,K,S,diameter,averageShortestPathLength,edges
903,4,C(903; 1; 21; 112; 191),7,4.700665188470066,3612
903,4,C(903; 1; 52; 189; 406),7,4.700665188470066,3612
