N,K,S,diameter,averageShortestPathLength,edges
124,4,C(124; 1; 30; 36; 49),4,2.6910569105691056,496
124,4,C(124; 1; 43; 50; 60),4,2.6910569105691056,496
