N,K,S,diameter,averageShortestPathLength,edges
522,4,C(522; 1; 28; 75; 230),6,4.067178502879079,2088
522,4,C(522; 1; 32; 76; 177),6,4.067178502879079,2088
522,4,C(522; 1; 74; 237; 246),6,4.067178502879079,2088
522,4,C(522; 1; 103; 228; 240),6,4.067178502879079,2088
522,4,C(522; 1; 210; 223; 246),6,4.067178502879079,2088
