N,K,S,diameter,averageShortestPathLength,edges
963,4,C(963; 1; 16; 139; 178),7,4.79002079002079,3852
963,4,C(963; 1; 68; 97; 374),7,4.79002079002079,3852
963,4,C(963; 1; 211; 439; 476),7,4.79002079002079,3852
963,4,C(963; 1; 301; 350; 430),7,4.79002079002079,3852
