N,K,S,diameter,averageShortestPathLength,edges
428,4,C(428; 1; 15; 64; 102),5,3.838407494145199,1712
428,4,C(428; 1; 57; 178; 204),5,3.838407494145199,1712
