N,K,S,diameter,averageShortestPathLength,edges
678,4,C(678; 1; 25; 162; 310),6,4.3545051698670605,2712
678,4,C(678; 1; 102; 148; 217),6,4.3545051698670605,2712
