N,K,S,diameter,averageShortestPathLength,edges
599,4,C(599; 1; 41; 220; 291),6,4.214046822742475,2396
599,4,C(599; 1; 106; 241; 275),6,4.214046822742475,2396
599,4,C(599; 1; 139; 243; 263),6,4.214046822742475,2396
599,4,C(599; 1; 181; 256; 282),6,4.214046822742475,2396
