N,K,S,diameter,averageShortestPathLength,edges
918,4,C(918; 1; 12; 166; 402),7,4.724100327153762,3672
918,4,C(918; 1; 122; 176; 279),7,4.724100327153762,3672
