N,K,S,diameter,averageShortestPathLength,edges
548,4,C(548; 1; 11; 84; 205),6,4.115173674588665,2192
548,4,C(548; 1; 81; 92; 249),6,4.115173674588665,2192
548,4,C(548; 1; 115; 139; 168),6,4.115173674588665,2192
