N,K,S,diameter,averageShortestPathLength,edges
981,4,C(981; 1; 14; 117; 153),7,4.816326530612245,3924
981,4,C(981; 1; 70; 81; 342),7,4.816326530612245,3924
