N,K,S,diameter,averageShortestPathLength,edges
687,4,C(687; 1; 100; 141; 234),6,4.381924198250728,2748
687,4,C(687; 1; 126; 158; 294),6,4.381924198250728,2748
