N,K,S,diameter,averageShortestPathLength,edges
647,4,C(647; 1; 25; 106; 169),6,4.309597523219814,2588
647,4,C(647; 1; 30; 115; 134),6,4.309597523219814,2588
647,4,C(647; 1; 45; 56; 207),6,4.309597523219814,2588
647,4,C(647; 1; 104; 151; 177),6,4.309597523219814,2588
