N,K,S,diameter,averageShortestPathLength,edges
156,4,C(156; 1; 9; 34; 47),4,2.8645161290322583,624
156,4,C(156; 1; 14; 33; 73),4,2.8645161290322583,624
