N,K,S,diameter,averageShortestPathLength,edges
403,4,C(403; 1; 23; 136; 194),5,3.7761194029850746,1612
403,4,C(403; 1; 27; 45; 185),5,3.7761194029850746,1612
403,4,C(403; 1; 35; 61; 76),5,3.7761194029850746,1612
403,4,C(403; 1; 80; 175; 197),5,3.7761194029850746,1612
