N,K,S,diameter,averageShortestPathLength,edges
986,4,C(986; 1; 109; 158; 288),7,4.820304568527919,3944
986,4,C(986; 1; 110; 124; 199),7,4.820304568527919,3944
