N,K,S,diameter,averageShortestPathLength,edges
758,4,C(758; 1; 42; 120; 263),6,4.494055482166447,3032
758,4,C(758; 1; 49; 184; 216),6,4.494055482166447,3032
