N,K,S,diameter,averageShortestPathLength,edges
503,4,C(503; 1; 13; 60; 200),6,4.0199203187251,2012
503,4,C(503; 1; 50; 73; 83),6,4.0199203187251,2012
503,4,C(503; 1; 62; 82; 116),6,4.0199203187251,2012
503,4,C(503; 1; 92; 109; 171),6,4.0199203187251,2012
