N,K,S,diameter,averageShortestPathLength,edges
819,4,C(819; 1; 47; 75; 285),7,4.5843520782396086,3276
819,4,C(819; 1; 122; 141; 372),7,4.5843520782396086,3276
