N,K,S,diameter,averageShortestPathLength,edges
568,4,C(568; 1; 62; 137; 238),6,4.160493827160494,2272
568,4,C(568; 1; 158; 199; 218),6,4.160493827160494,2272
