N,K,S,diameter,averageShortestPathLength,edges
829,4,C(829; 1; 24; 89; 375),7,4.599033816425121,3316
829,4,C(829; 1; 42; 179; 407),7,4.599033816425121,3316
829,4,C(829; 1; 88; 169; 380),7,4.599033816425121,3316
829,4,C(829; 1; 326; 363; 387),7,4.599033816425121,3316
