N,K,S,diameter,averageShortestPathLength,edges
344,4,C(344; 1; 15; 36; 141),5,3.620991253644315,1376
344,4,C(344; 1; 23; 140; 147),5,3.620991253644315,1376
344,4,C(344; 1; 32; 57; 162),5,3.620991253644315,1376
344,4,C(344; 1; 61; 117; 132),5,3.620991253644315,1376
344,4,C(344; 1; 96; 142; 169),5,3.620991253644315,1376
