N,K,S,diameter,averageShortestPathLength,edges
400,4,C(400; 1; 14; 66; 86),5,3.769423558897243,1600
400,4,C(400; 1; 66; 114; 186),5,3.769423558897243,1600
