N,K,S,diameter,averageShortestPathLength,edges
972,4,C(972; 1; 46; 125; 318),7,4.807415036045314,3888
972,4,C(972; 1; 122; 315; 477),7,4.807415036045314,3888
972,4,C(972; 1; 178; 225; 466),7,4.807415036045314,3888
972,4,C(972; 1; 334; 438; 451),7,4.807415036045314,3888
972,4,C(972; 1; 351; 454; 464),7,4.807415036045314,3888
