N,K,S,diameter,averageShortestPathLength,edges
873,4,C(873; 1; 168; 190; 429),7,4.660550458715596,3492
873,4,C(873; 1; 170; 249; 402),7,4.660550458715596,3492
