N,K,S,diameter,averageShortestPathLength,edges
886,4,C(886; 1; 62; 73; 326),7,4.675706214689265,3544
886,4,C(886; 1; 214; 267; 280),7,4.675706214689265,3544
