N,K,S,diameter,averageShortestPathLength,edges
960,4,C(960; 1; 38; 103; 262),7,4.78415015641293,3840
960,4,C(960; 1; 214; 233; 394),7,4.78415015641293,3840
