N,K,S,diameter,averageShortestPathLength,edges
847,4,C(847; 1; 75; 105; 189),7,4.626477541371158,3388
847,4,C(847; 1; 133; 168; 192),7,4.626477541371158,3388
