N,K,S,diameter,averageShortestPathLength,edges
302,4,C(302; 1; 20; 92; 127),5,3.485049833887043,1208
302,4,C(302; 1; 26; 107; 122),5,3.485049833887043,1208
