N,K,S,diameter,averageShortestPathLength,edges
976,4,C(976; 1; 50; 229; 296),7,4.8133333333333335,3904
976,4,C(976; 1; 166; 179; 280),7,4.8133333333333335,3904
