N,K,S,diameter,averageShortestPathLength,edges
939,4,C(939; 1; 14; 79; 284),7,4.754797441364605,3756
939,4,C(939; 1; 67; 248; 341),7,4.754797441364605,3756
939,4,C(939; 1; 116; 367; 443),7,4.754797441364605,3756
939,4,C(939; 1; 170; 190; 416),7,4.754797441364605,3756
