N,K,S,diameter,averageShortestPathLength,edges
973,4,C(973; 1; 75; 92; 342),7,4.806584362139918,3892
973,4,C(973; 1; 96; 321; 349),7,4.806584362139918,3892
973,4,C(973; 1; 97; 202; 418),7,4.806584362139918,3892
973,4,C(973; 1; 277; 375; 480),7,4.806584362139918,3892
