N,K,S,diameter,averageShortestPathLength,edges
333,4,C(333; 1; 7; 53; 125),5,3.5843373493975905,1332
333,4,C(333; 1; 8; 56; 91),5,3.5843373493975905,1332
333,4,C(333; 1; 25; 44; 161),5,3.5843373493975905,1332
333,4,C(333; 1; 40; 95; 113),5,3.5843373493975905,1332
