N,K,S,diameter,averageShortestPathLength,edges
783,4,C(783; 1; 82; 130; 382),6,4.529411764705882,3132
783,4,C(783; 1; 97; 259; 280),6,4.529411764705882,3132
783,4,C(783; 1; 113; 296; 320),6,4.529411764705882,3132
783,4,C(783; 1; 115; 316; 371),6,4.529411764705882,3132
