N,K,S,diameter,averageShortestPathLength,edges
936,4,C(936; 1; 45; 122; 219),7,4.754010695187166,3744
936,4,C(936; 1; 62; 382; 464),7,4.754010695187166,3744
