N,K,S,diameter,averageShortestPathLength,edges
517,4,C(517; 1; 18; 170; 218),6,4.054263565891473,2068
517,4,C(517; 1; 48; 127; 201),6,4.054263565891473,2068
517,4,C(517; 1; 57; 83; 151),6,4.054263565891473,2068
517,4,C(517; 1; 140; 202; 222),6,4.054263565891473,2068
