N,K,S,diameter,averageShortestPathLength,edges
496,4,C(496; 1; 8; 88; 149),6,4.002020202020202,1984
496,4,C(496; 1; 40; 56; 243),6,4.002020202020202,1984
