N,K,S,diameter,averageShortestPathLength,edges
833,4,C(833; 1; 11; 98; 168),7,4.603365384615385,3332
833,4,C(833; 1; 91; 294; 303),7,4.603365384615385,3332
