N,K,S,diameter,averageShortestPathLength,edges
268,4,C(268; 1; 19; 32; 130),5,3.3745318352059925,1072
268,4,C(268; 1; 44; 106; 127),5,3.3745318352059925,1072
