N,K,S,diameter,averageShortestPathLength,edges
907,4,C(907; 1; 119; 278; 330),7,4.713024282560706,3628
907,4,C(907; 1; 201; 285; 448),7,4.713024282560706,3628
907,4,C(907; 1; 282; 361; 394),7,4.713024282560706,3628
907,4,C(907; 1; 323; 343; 436),7,4.713024282560706,3628
