N,K,S,diameter,averageShortestPathLength,edges
807,4,C(807; 1; 12; 68; 244),6,4.568238213399503,3228
807,4,C(807; 1; 27; 143; 218),6,4.568238213399503,3228
807,4,C(807; 1; 43; 291; 304),6,4.568238213399503,3228
807,4,C(807; 1; 48; 211; 314),6,4.568238213399503,3228
807,4,C(807; 1; 79; 275; 288),6,4.568238213399503,3228
807,4,C(807; 1; 146; 178; 285),6,4.568238213399503,3228
