N,K,S,diameter,averageShortestPathLength,edges
748,4,C(748; 1; 141; 238; 266),6,4.481927710843373,2992
748,4,C(748; 1; 230; 306; 313),6,4.481927710843373,2992
