N,K,S,diameter,averageShortestPathLength,edges
391,4,C(391; 1; 6; 41; 139),5,3.7487179487179487,1564
391,4,C(391; 1; 20; 106; 135),5,3.7487179487179487,1564
391,4,C(391; 1; 32; 38; 124),5,3.7487179487179487,1564
391,4,C(391; 1; 42; 65; 72),5,3.7487179487179487,1564
391,4,C(391; 1; 45; 110; 121),5,3.7487179487179487,1564
391,4,C(391; 1; 84; 89; 116),5,3.7487179487179487,1564
391,4,C(391; 1; 91; 112; 176),5,3.7487179487179487,1564
391,4,C(391; 1; 123; 166; 192),5,3.7487179487179487,1564
