N,K,S,diameter,averageShortestPathLength,edges
781,4,C(781; 1; 26; 134; 360),6,4.528205128205128,3124
781,4,C(781; 1; 26; 163; 204),6,4.528205128205128,3124
781,4,C(781; 1; 30; 115; 134),6,4.528205128205128,3124
781,4,C(781; 1; 30; 128; 204),6,4.528205128205128,3124
