N,K,S,diameter,averageShortestPathLength,edges
313,4,C(313; 1; 6; 47; 115),5,3.532051282051282,1252
313,4,C(313; 1; 11; 107; 135),5,3.532051282051282,1252
313,4,C(313; 1; 19; 49; 112),5,3.532051282051282,1252
313,4,C(313; 1; 20; 109; 120),5,3.532051282051282,1252
313,4,C(313; 1; 33; 52; 60),5,3.532051282051282,1252
313,4,C(313; 1; 35; 117; 145),5,3.532051282051282,1252
313,4,C(313; 1; 51; 65; 136),5,3.532051282051282,1252
313,4,C(313; 1; 57; 130; 152),5,3.532051282051282,1252
