N,K,S,diameter,averageShortestPathLength,edges
706,4,C(706; 1; 186; 206; 219),6,4.4070921985815605,2824
706,4,C(706; 1; 245; 320; 344),6,4.4070921985815605,2824
