N,K,S,diameter,averageShortestPathLength,edges
932,4,C(932; 1; 19; 144; 368),7,4.74328678839957,3728
932,4,C(932; 1; 49; 324; 400),7,4.74328678839957,3728
