N,K,S,diameter,averageShortestPathLength,edges
227,4,C(227; 1; 13; 45; 54),4,3.2212389380530975,908
227,4,C(227; 1; 14; 35; 74),4,3.2212389380530975,908
227,4,C(227; 1; 21; 37; 46),4,3.2212389380530975,908
227,4,C(227; 1; 81; 92; 111),4,3.2212389380530975,908
