N,K,S,diameter,averageShortestPathLength,edges
892,4,C(892; 1; 13; 120; 195),7,4.6846240179573515,3568
892,4,C(892; 1; 15; 128; 343),7,4.6846240179573515,3568
892,4,C(892; 1; 68; 119; 215),7,4.6846240179573515,3568
