N,K,S,diameter,averageShortestPathLength,edges
709,4,C(709; 1; 21; 96; 185),6,4.4124293785310735,2836
709,4,C(709; 1; 23; 81; 226),6,4.4124293785310735,2836
709,4,C(709; 1; 35; 96; 111),6,4.4124293785310735,2836
709,4,C(709; 1; 135; 160; 198),6,4.4124293785310735,2836
