N,K,S,diameter,averageShortestPathLength,edges
457,4,C(457; 1; 19; 108; 138),5,3.912280701754386,1828
457,4,C(457; 1; 24; 113; 150),5,3.912280701754386,1828
457,4,C(457; 1; 27; 120; 206),5,3.912280701754386,1828
457,4,C(457; 1; 55; 131; 179),5,3.912280701754386,1828
457,4,C(457; 1; 77; 106; 220),5,3.912280701754386,1828
457,4,C(457; 1; 120; 182; 202),5,3.912280701754386,1828
457,4,C(457; 1; 143; 179; 194),5,3.912280701754386,1828
457,4,C(457; 1; 147; 184; 193),5,3.912280701754386,1828
