N,K,S,diameter,averageShortestPathLength,edges
37,4,C(37; 1; 3; 10; 15),3,1.8333333333333333,148
37,4,C(37; 1; 4; 10; 15),3,1.8333333333333333,148
37,4,C(37; 1; 4; 11; 17),3,1.8333333333333333,148
37,4,C(37; 1; 5; 9; 12),3,1.8333333333333333,148
37,4,C(37; 1; 5; 13; 15),3,1.8333333333333333,148
37,4,C(37; 1; 5; 13; 17),3,1.8333333333333333,148
37,4,C(37; 1; 7; 11; 17),3,1.8333333333333333,148
37,4,C(37; 1; 9; 13; 16),3,1.8333333333333333,148
