N,K,S,diameter,averageShortestPathLength,edges
396,4,C(396; 1; 6; 122; 178),5,3.7645569620253165,1584
396,4,C(396; 1; 28; 49; 137),5,3.7645569620253165,1584
396,4,C(396; 1; 32; 43; 185),5,3.7645569620253165,1584
396,4,C(396; 1; 34; 57; 177),5,3.7645569620253165,1584
396,4,C(396; 1; 56; 97; 175),5,3.7645569620253165,1584
