N,K,S,diameter,averageShortestPathLength,edges
394,4,C(394; 1; 10; 44; 115),5,3.753180661577608,1576
394,4,C(394; 1; 120; 134; 185),5,3.753180661577608,1576
