N,K,S,diameter,averageShortestPathLength,edges
775,4,C(775; 1; 20; 127; 219),6,4.516795865633075,3100
775,4,C(775; 1; 46; 145; 358),6,4.516795865633075,3100
775,4,C(775; 1; 110; 197; 238),6,4.516795865633075,3100
