N,K,S,diameter,averageShortestPathLength,edges
404,4,C(404; 1; 14; 51; 160),5,3.7766749379652604,1616
404,4,C(404; 1; 84; 103; 174),5,3.7766749379652604,1616
