N,K,S,diameter,averageShortestPathLength,edges
721,4,C(721; 1; 24; 182; 322),6,4.438888888888889,2884
721,4,C(721; 1; 30; 287; 308),6,4.438888888888889,2884
