N,K,S,diameter,averageShortestPathLength,edges
558,4,C(558; 1; 13; 206; 238),6,4.141831238779174,2232
558,4,C(558; 1; 43; 70; 190),6,4.141831238779174,2232
558,4,C(558; 1; 63; 234; 275),6,4.141831238779174,2232
558,4,C(558; 1; 198; 209; 225),6,4.141831238779174,2232
