N,K,S,diameter,averageShortestPathLength,edges
893,4,C(893; 1; 57; 161; 347),7,4.688340807174888,3572
893,4,C(893; 1; 152; 175; 401),7,4.688340807174888,3572
893,4,C(893; 1; 188; 246; 392),7,4.688340807174888,3572
893,4,C(893; 1; 188; 265; 292),7,4.688340807174888,3572
893,4,C(893; 1; 282; 315; 426),7,4.688340807174888,3572
893,4,C(893; 1; 314; 399; 416),7,4.688340807174888,3572
