N,K,S,diameter,averageShortestPathLength,edges
448,4,C(448; 1; 27; 100; 142),5,3.8903803131991053,1792
448,4,C(448; 1; 29; 96; 138),5,3.8903803131991053,1792
448,4,C(448; 1; 82; 96; 139),5,3.8903803131991053,1792
448,4,C(448; 1; 83; 138; 212),5,3.8903803131991053,1792
