N,K,S,diameter,averageShortestPathLength,edges
828,4,C(828; 1; 22; 205; 265),7,4.597339782345828,3312
828,4,C(828; 1; 25; 157; 278),7,4.597339782345828,3312
828,4,C(828; 1; 218; 311; 385),7,4.597339782345828,3312
