N,K,S,diameter,averageShortestPathLength,edges
304,4,C(304; 1; 18; 75; 140),5,3.4983498349834985,1216
304,4,C(304; 1; 77; 134; 140),5,3.4983498349834985,1216
