N,K,S,diameter,averageShortestPathLength,edges
539,4,C(539; 1; 49; 58; 189),6,4.100371747211896,2156
539,4,C(539; 1; 158; 196; 217),6,4.100371747211896,2156
