N,K,S,diameter,averageShortestPathLength,edges
705,4,C(705; 1; 74; 174; 189),6,4.403409090909091,2820
705,4,C(705; 1; 181; 231; 336),6,4.403409090909091,2820
