N,K,S,diameter,averageShortestPathLength,edges
274,4,C(274; 1; 9; 60; 100),5,3.3956043956043955,1096
274,4,C(274; 1; 61; 72; 98),5,3.3956043956043955,1096
