N,K,S,diameter,averageShortestPathLength,edges
640,4,C(640; 1; 64; 77; 200),6,4.305164319248826,2560
640,4,C(640; 1; 83; 152; 176),6,4.305164319248826,2560
640,4,C(640; 1; 106; 153; 174),6,4.305164319248826,2560
640,4,C(640; 1; 122; 162; 297),6,4.305164319248826,2560
640,4,C(640; 1; 133; 192; 280),6,4.305164319248826,2560
640,4,C(640; 1; 264; 272; 293),6,4.305164319248826,2560
