N,K,S,diameter,averageShortestPathLength,edges
959,4,C(959; 1; 68; 294; 472),7,4.784968684759916,3836
959,4,C(959; 1; 73; 128; 231),7,4.784968684759916,3836
959,4,C(959; 1; 289; 371; 409),7,4.784968684759916,3836
