N,K,S,diameter,averageShortestPathLength,edges
358,4,C(358; 1; 10; 63; 88),5,3.6582633053221287,1432
358,4,C(358; 1; 98; 125; 176),5,3.6582633053221287,1432
