N,K,S,diameter,averageShortestPathLength,edges
638,4,C(638; 1; 164; 209; 304),6,4.2967032967032965,2552
638,4,C(638; 1; 180; 220; 252),6,4.2967032967032965,2552
