N,K,S,diameter,averageShortestPathLength,edges
927,4,C(927; 1; 29; 79; 350),7,4.740820734341253,3708
927,4,C(927; 1; 32; 76; 253),7,4.740820734341253,3708
927,4,C(927; 1; 61; 98; 326),7,4.740820734341253,3708
927,4,C(927; 1; 176; 418; 458),7,4.740820734341253,3708
