N,K,S,diameter,averageShortestPathLength,edges
811,4,C(811; 1; 17; 157; 268),7,4.5777777777777775,3244
811,4,C(811; 1; 31; 198; 284),7,4.5777777777777775,3244
811,4,C(811; 1; 239; 299; 348),7,4.5777777777777775,3244
811,4,C(811; 1; 277; 302; 334),7,4.5777777777777775,3244
