N,K,S,diameter,averageShortestPathLength,edges
933,4,C(933; 1; 16; 115; 255),7,4.74892703862661,3732
933,4,C(933; 1; 20; 68; 371),7,4.74892703862661,3732
933,4,C(933; 1; 90; 328; 435),7,4.74892703862661,3732
933,4,C(933; 1; 128; 300; 324),7,4.74892703862661,3732
933,4,C(933; 1; 140; 190; 308),7,4.74892703862661,3732
933,4,C(933; 1; 159; 175; 401),7,4.74892703862661,3732
933,4,C(933; 1; 254; 415; 455),7,4.74892703862661,3732
933,4,C(933; 1; 329; 343; 365),7,4.74892703862661,3732
933,4,C(933; 1; 349; 430; 444),7,4.74892703862661,3732
