N,K,S,diameter,averageShortestPathLength,edges
870,4,C(870; 1; 149; 176; 415),7,4.653624856156502,3480
870,4,C(870; 1; 181; 295; 334),7,4.653624856156502,3480
