N,K,S,diameter,averageShortestPathLength,edges
815,4,C(815; 1; 43; 50; 349),6,4.582309582309582,3260
815,4,C(815; 1; 175; 257; 404),6,4.582309582309582,3260
815,4,C(815; 1; 340; 352; 398),6,4.582309582309582,3260
