N,K,S,diameter,averageShortestPathLength,edges
495,4,C(495; 1; 15; 55; 144),6,4.004048582995951,1980
495,4,C(495; 1; 32; 120; 141),6,4.004048582995951,1980
495,4,C(495; 1; 42; 120; 232),6,4.004048582995951,1980
495,4,C(495; 1; 55; 120; 141),6,4.004048582995951,1980
