N,K,S,diameter,averageShortestPathLength,edges
162,4,C(162; 1; 7; 34; 72),4,2.906832298136646,648
162,4,C(162; 1; 23; 28; 36),4,2.906832298136646,648
162,4,C(162; 1; 32; 52; 69),4,2.906832298136646,648
