N,K,S,diameter,averageShortestPathLength,edges
571,4,C(571; 1; 12; 75; 131),6,4.168421052631579,2284
571,4,C(571; 1; 23; 82; 236),6,4.168421052631579,2284
571,4,C(571; 1; 149; 227; 238),6,4.168421052631579,2284
571,4,C(571; 1; 170; 188; 244),6,4.168421052631579,2284
