N,K,S,diameter,averageShortestPathLength,edges
293,4,C(293; 1; 43; 74; 138),5,3.4657534246575343,1172
293,4,C(293; 1; 99; 109; 138),5,3.4657534246575343,1172
