N,K,S,diameter,averageShortestPathLength,edges
142,4,C(142; 1; 6; 29; 44),4,2.7943262411347516,568
142,4,C(142; 1; 10; 26; 49),4,2.7943262411347516,568
