N,K,S,diameter,averageShortestPathLength,edges
964,4,C(964; 1; 163; 234; 458),7,4.7912772585669785,3856
964,4,C(964; 1; 207; 238; 334),7,4.7912772585669785,3856
