N,K,S,diameter,averageShortestPathLength,edges
806,4,C(806; 1; 48; 150; 183),6,4.560248447204969,3224
806,4,C(806; 1; 207; 264; 384),6,4.560248447204969,3224
