N,K,S,diameter,averageShortestPathLength,edges
269,4,C(269; 1; 9; 76; 122),5,3.3805970149253732,1076
269,4,C(269; 1; 30; 106; 128),5,3.3805970149253732,1076
269,4,C(269; 1; 33; 80; 86),5,3.3805970149253732,1076
269,4,C(269; 1; 37; 46; 124),5,3.3805970149253732,1076
