N,K,S,diameter,averageShortestPathLength,edges
623,4,C(623; 1; 18; 81; 210),6,4.263665594855305,2492
623,4,C(623; 1; 69; 100; 182),6,4.263665594855305,2492
623,4,C(623; 1; 173; 196; 307),6,4.263665594855305,2492
