N,K,S,diameter,averageShortestPathLength,edges
579,4,C(579; 1; 27; 103; 120),6,4.179930795847751,2316
579,4,C(579; 1; 63; 174; 208),6,4.179930795847751,2316
