N,K,S,diameter,averageShortestPathLength,edges
931,4,C(931; 1; 56; 126; 271),7,4.744086021505376,3724
931,4,C(931; 1; 161; 175; 213),7,4.744086021505376,3724
