N,K,S,diameter,averageShortestPathLength,edges
925,4,C(925; 1; 55; 172; 210),7,4.738095238095238,3700
925,4,C(925; 1; 55; 242; 360),7,4.738095238095238,3700
