N,K,S,diameter,averageShortestPathLength,edges
379,4,C(379; 1; 16; 62; 72),5,3.7195767195767195,1516
379,4,C(379; 1; 18; 116; 157),5,3.7195767195767195,1516
379,4,C(379; 1; 21; 114; 162),5,3.7195767195767195,1516
379,4,C(379; 1; 49; 113; 124),5,3.7195767195767195,1516
379,4,C(379; 1; 55; 122; 170),5,3.7195767195767195,1516
379,4,C(379; 1; 70; 123; 161),5,3.7195767195767195,1516
379,4,C(379; 1; 71; 146; 185),5,3.7195767195767195,1516
379,4,C(379; 1; 84; 100; 136),5,3.7195767195767195,1516
