N,K,S,diameter,averageShortestPathLength,edges
492,4,C(492; 1; 11; 86; 113),6,3.9979633401221997,1968
492,4,C(492; 1; 15; 64; 102),6,3.9979633401221997,1968
492,4,C(492; 1; 55; 142; 179),6,3.9979633401221997,1968
492,4,C(492; 1; 80; 216; 225),6,3.9979633401221997,1968
492,4,C(492; 1; 161; 209; 230),6,3.9979633401221997,1968
