N,K,S,diameter,averageShortestPathLength,edges
648,4,C(648; 1; 24; 155; 296),6,4.316846986089645,2592
648,4,C(648; 1; 96; 301; 320),6,4.316846986089645,2592
