N,K,S,diameter,averageShortestPathLength,edges
929,4,C(929; 1; 35; 222; 272),7,4.739224137931035,3716
929,4,C(929; 1; 47; 222; 338),7,4.739224137931035,3716
929,4,C(929; 1; 206; 292; 459),7,4.739224137931035,3716
929,4,C(929; 1; 230; 272; 336),7,4.739224137931035,3716
