N,K,S,diameter,averageShortestPathLength,edges
945,4,C(945; 1; 68; 123; 160),7,4.766949152542373,3780
945,4,C(945; 1; 220; 403; 429),7,4.766949152542373,3780
