N,K,S,diameter,averageShortestPathLength,edges
944,4,C(944; 1; 120; 264; 309),7,4.765641569459173,3776
944,4,C(944; 1; 120; 312; 333),7,4.765641569459173,3776
