N,K,S,diameter,averageShortestPathLength,edges
978,4,C(978; 1; 16; 139; 178),7,4.812691914022518,3912
978,4,C(978; 1; 142; 197; 218),7,4.812691914022518,3912
