N,K,S,diameter,averageShortestPathLength,edges
637,4,C(637; 1; 37; 153; 246),6,4.2924528301886795,2548
637,4,C(637; 1; 45; 73; 241),6,4.2924528301886795,2548
637,4,C(637; 1; 55; 184; 246),6,4.2924528301886795,2548
637,4,C(637; 1; 96; 139; 204),6,4.2924528301886795,2548
