N,K,S,diameter,averageShortestPathLength,edges
860,4,C(860; 1; 33; 188; 272),6,4.630966239813737,3440
860,4,C(860; 1; 96; 136; 417),6,4.630966239813737,3440
