N,K,S,diameter,averageShortestPathLength,edges
255,4,C(255; 1; 10; 47; 90),5,3.3307086614173227,1020
255,4,C(255; 1; 38; 105; 125),5,3.3307086614173227,1020
