N,K,S,diameter,averageShortestPathLength,edges
849,4,C(849; 1; 22; 139; 240),7,4.632075471698113,3396
849,4,C(849; 1; 96; 122; 226),7,4.632075471698113,3396
849,4,C(849; 1; 193; 341; 375),7,4.632075471698113,3396
