N,K,S,diameter,averageShortestPathLength,edges
278,4,C(278; 1; 9; 33; 120),5,3.407942238267148,1112
278,4,C(278; 1; 25; 59; 130),5,3.407942238267148,1112
278,4,C(278; 1; 31; 89; 106),5,3.407942238267148,1112
