N,K,S,diameter,averageShortestPathLength,edges
149,4,C(149; 1; 4; 18; 60),4,2.8378378378378377,596
149,4,C(149; 1; 9; 24; 60),4,2.8378378378378377,596
149,4,C(149; 1; 10; 45; 72),4,2.8378378378378377,596
149,4,C(149; 1; 15; 37; 70),4,2.8378378378378377,596
149,4,C(149; 1; 19; 31; 72),4,2.8378378378378377,596
149,4,C(149; 1; 33; 43; 47),4,2.8378378378378377,596
149,4,C(149; 1; 52; 60; 72),4,2.8378378378378377,596
149,4,C(149; 1; 53; 58; 66),4,2.8378378378378377,596
