N,K,S,diameter,averageShortestPathLength,edges
832,4,C(832; 1; 92; 250; 363),7,4.601684717208183,3328
832,4,C(832; 1; 146; 259; 300),7,4.601684717208183,3328
