N,K,S,diameter,averageShortestPathLength,edges
348,4,C(348; 1; 9; 61; 84),5,3.6311239193083575,1392
348,4,C(348; 1; 97; 144; 171),5,3.6311239193083575,1392
