N,K,S,diameter,averageShortestPathLength,edges
679,4,C(679; 1; 19; 158; 230),6,4.359882005899705,2716
679,4,C(679; 1; 20; 92; 177),6,4.359882005899705,2716
679,4,C(679; 1; 34; 93; 267),6,4.359882005899705,2716
679,4,C(679; 1; 62; 180; 290),6,4.359882005899705,2716
679,4,C(679; 1; 73; 200; 234),6,4.359882005899705,2716
679,4,C(679; 1; 96; 159; 305),6,4.359882005899705,2716
679,4,C(679; 1; 143; 187; 298),6,4.359882005899705,2716
679,4,C(679; 1; 155; 275; 295),6,4.359882005899705,2716
