N,K,S,diameter,averageShortestPathLength,edges
836,4,C(836; 1; 18; 103; 180),7,4.608383233532934,3344
836,4,C(836; 1; 120; 349; 406),7,4.608383233532934,3344
