N,K,S,diameter,averageShortestPathLength,edges
291,4,C(291; 1; 8; 45; 116),5,3.4551724137931035,1164
291,4,C(291; 1; 20; 33; 143),5,3.4551724137931035,1164
291,4,C(291; 1; 20; 50; 56),5,3.4551724137931035,1164
291,4,C(291; 1; 26; 62; 136),5,3.4551724137931035,1164
291,4,C(291; 1; 42; 109; 131),5,3.4551724137931035,1164
291,4,C(291; 1; 61; 131; 143),5,3.4551724137931035,1164
291,4,C(291; 1; 64; 92; 116),5,3.4551724137931035,1164
