N,K,S,diameter,averageShortestPathLength,edges
460,4,C(460; 1; 8; 71; 100),5,3.9193899782135078,1840
460,4,C(460; 1; 149; 180; 188),5,3.9193899782135078,1840
