N,K,S,diameter,averageShortestPathLength,edges
578,4,C(578; 1; 13; 190; 266),6,4.180242634315425,2312
578,4,C(578; 1; 24; 89; 148),6,4.180242634315425,2312
