N,K,S,diameter,averageShortestPathLength,edges
818,4,C(818; 1; 13; 146; 360),7,4.583843329253366,3272
818,4,C(818; 1; 63; 200; 224),7,4.583843329253366,3272
