N,K,S,diameter,averageShortestPathLength,edges
764,4,C(764; 1; 118; 150; 219),6,4.503276539973788,3056
764,4,C(764; 1; 210; 307; 318),6,4.503276539973788,3056
