N,K,S,diameter,averageShortestPathLength,edges
695,4,C(695; 1; 11; 97; 136),7,4.3976945244956775,2780
695,4,C(695; 1; 17; 94; 234),6,4.3976945244956775,2780
695,4,C(695; 1; 22; 106; 244),6,4.3976945244956775,2780
695,4,C(695; 1; 43; 222; 288),7,4.3976945244956775,2780
695,4,C(695; 1; 46; 189; 292),7,4.3976945244956775,2780
695,4,C(695; 1; 59; 92; 199),6,4.3976945244956775,2780
695,4,C(695; 1; 68; 158; 327),6,4.3976945244956775,2780
695,4,C(695; 1; 72; 114; 316),7,4.3976945244956775,2780
