N,K,S,diameter,averageShortestPathLength,edges
157,4,C(157; 1; 11; 29; 54),4,2.871794871794872,628
157,4,C(157; 1; 14; 32; 38),4,2.871794871794872,628
157,4,C(157; 1; 56; 65; 70),4,2.871794871794872,628
157,4,C(157; 1; 57; 62; 74),4,2.871794871794872,628
