N,K,S,diameter,averageShortestPathLength,edges
295,4,C(295; 1; 6; 36; 119),5,3.4625850340136055,1180
295,4,C(295; 1; 6; 49; 69),5,3.4625850340136055,1180
295,4,C(295; 1; 41; 49; 136),5,3.4625850340136055,1180
295,4,C(295; 1; 119; 124; 141),5,3.4625850340136055,1180
