N,K,S,diameter,averageShortestPathLength,edges
669,4,C(669; 1; 111; 269; 327),6,4.344311377245509,2676
669,4,C(669; 1; 138; 286; 303),6,4.344311377245509,2676
