N,K,S,diameter,averageShortestPathLength,edges
796,4,C(796; 1; 35; 320; 342),6,4.552201257861635,3184
796,4,C(796; 1; 78; 91; 332),6,4.552201257861635,3184
