N,K,S,diameter,averageShortestPathLength,edges
489,4,C(489; 1; 11; 51; 211),6,3.9918032786885247,1956
489,4,C(489; 1; 32; 54; 168),6,3.9918032786885247,1956
489,4,C(489; 1; 89; 138; 197),6,3.9918032786885247,1956
489,4,C(489; 1; 90; 107; 117),6,3.9918032786885247,1956
489,4,C(489; 1; 111; 139; 146),6,3.9918032786885247,1956
