N,K,S,diameter,averageShortestPathLength,edges
341,4,C(341; 1; 24; 42; 118),5,3.6058823529411765,1364
341,4,C(341; 1; 26; 58; 69),5,3.6058823529411765,1364
341,4,C(341; 1; 71; 87; 147),5,3.6058823529411765,1364
341,4,C(341; 1; 84; 98; 138),5,3.6058823529411765,1364
