N,K,S,diameter,averageShortestPathLength,edges
751,4,C(751; 1; 38; 104; 120),6,4.485333333333333,3004
751,4,C(751; 1; 65; 217; 290),6,4.485333333333333,3004
751,4,C(751; 1; 101; 138; 194),6,4.485333333333333,3004
751,4,C(751; 1; 234; 336; 353),6,4.485333333333333,3004
