N,K,S,diameter,averageShortestPathLength,edges
735,4,C(735; 1; 42; 248; 354),6,4.4577656675749315,2940
735,4,C(735; 1; 163; 231; 363),6,4.4577656675749315,2940
