N,K,S,diameter,averageShortestPathLength,edges
119,4,C(119; 1; 7; 26; 36),4,2.6610169491525424,476
119,4,C(119; 1; 11; 38; 56),4,2.6610169491525424,476
119,4,C(119; 1; 14; 32; 38),4,2.6610169491525424,476
119,4,C(119; 1; 14; 41; 47),4,2.6610169491525424,476
119,4,C(119; 1; 29; 49; 54),4,2.6610169491525424,476
119,4,C(119; 1; 43; 47; 56),4,2.6610169491525424,476
