N,K,S,diameter,averageShortestPathLength,edges
514,4,C(514; 1; 22; 59; 189),6,4.046783625730995,2056
514,4,C(514; 1; 61; 200; 221),6,4.046783625730995,2056
514,4,C(514; 1; 207; 223; 234),6,4.046783625730995,2056
