N,K,S,diameter,averageShortestPathLength,edges
343,4,C(343; 1; 17; 46; 152),5,3.6198830409356724,1372
343,4,C(343; 1; 22; 82; 116),5,3.6198830409356724,1372
343,4,C(343; 1; 23; 52; 65),5,3.6198830409356724,1372
343,4,C(343; 1; 27; 47; 164),5,3.6198830409356724,1372
343,4,C(343; 1; 33; 73; 87),5,3.6198830409356724,1372
343,4,C(343; 1; 68; 88; 124),5,3.6198830409356724,1372
343,4,C(343; 1; 78; 121; 130),5,3.6198830409356724,1372
343,4,C(343; 1; 95; 127; 138),5,3.6198830409356724,1372
