N,K,S,diameter,averageShortestPathLength,edges
594,4,C(594; 1; 201; 271; 286),6,4.21247892074199,2376
594,4,C(594; 1; 217; 255; 286),6,4.21247892074199,2376
