N,K,S,diameter,averageShortestPathLength,edges
264,4,C(264; 1; 11; 76; 107),5,3.3574144486692017,1056
264,4,C(264; 1; 37; 92; 121),5,3.3574144486692017,1056
