N,K,S,diameter,averageShortestPathLength,edges
328,4,C(328; 1; 11; 40; 94),5,3.5749235474006116,1312
328,4,C(328; 1; 56; 98; 149),5,3.5749235474006116,1312
