N,K,S,diameter,averageShortestPathLength,edges
378,4,C(378; 1; 44; 117; 137),5,3.7082228116710874,1512
378,4,C(378; 1; 45; 130; 149),5,3.7082228116710874,1512
