N,K,S,diameter,averageShortestPathLength,edges
451,4,C(451; 1; 37; 80; 91),5,3.897777777777778,1804
451,4,C(451; 1; 39; 62; 221),5,3.897777777777778,1804
451,4,C(451; 1; 100; 114; 159),5,3.897777777777778,1804
451,4,C(451; 1; 156; 185; 195),5,3.897777777777778,1804
