N,K,S,diameter,averageShortestPathLength,edges
164,4,C(164; 1; 7; 40; 64),4,2.920245398773006,656
164,4,C(164; 1; 8; 20; 65),4,2.920245398773006,656
164,4,C(164; 1; 11; 50; 69),4,2.920245398773006,656
164,4,C(164; 1; 15; 51; 70),4,2.920245398773006,656
164,4,C(164; 1; 19; 34; 45),4,2.920245398773006,656
164,4,C(164; 1; 47; 56; 76),4,2.920245398773006,656
164,4,C(164; 1; 53; 68; 76),4,2.920245398773006,656
