N,K,S,diameter,averageShortestPathLength,edges
402,4,C(402; 1; 17; 107; 118),5,3.7780548628428927,1608
402,4,C(402; 1; 18; 45; 130),5,3.7780548628428927,1608
402,4,C(402; 1; 41; 64; 71),5,3.7780548628428927,1608
402,4,C(402; 1; 49; 80; 139),5,3.7780548628428927,1608
402,4,C(402; 1; 110; 117; 152),5,3.7780548628428927,1608
