N,K,S,diameter,averageShortestPathLength,edges
286,4,C(286; 1; 12; 67; 106),5,3.4350877192982456,1144
286,4,C(286; 1; 40; 98; 111),5,3.4350877192982456,1144
