N,K,S,diameter,averageShortestPathLength,edges
425,4,C(425; 1; 7; 45; 153),5,3.8349056603773586,1700
425,4,C(425; 1; 9; 115; 162),6,3.8349056603773586,1700
425,4,C(425; 1; 18; 60; 189),6,3.8349056603773586,1700
425,4,C(425; 1; 21; 102; 195),6,3.8349056603773586,1700
425,4,C(425; 1; 70; 81; 187),6,3.8349056603773586,1700
425,4,C(425; 1; 115; 182; 204),5,3.8349056603773586,1700
425,4,C(425; 1; 118; 145; 202),6,3.8349056603773586,1700
