N,K,S,diameter,averageShortestPathLength,edges
499,4,C(499; 1; 10; 44; 203),6,4.016064257028113,1996
499,4,C(499; 1; 12; 184; 215),6,4.016064257028113,1996
499,4,C(499; 1; 31; 76; 160),6,4.016064257028113,1996
499,4,C(499; 1; 34; 84; 159),6,4.016064257028113,1996
499,4,C(499; 1; 50; 170; 204),6,4.016064257028113,1996
499,4,C(499; 1; 59; 91; 101),6,4.016064257028113,1996
499,4,C(499; 1; 151; 190; 208),6,4.016064257028113,1996
499,4,C(499; 1; 161; 188; 239),6,4.016064257028113,1996
