N,K,S,diameter,averageShortestPathLength,edges
718,4,C(718; 1; 23; 82; 229),6,4.429567642956764,2872
718,4,C(718; 1; 66; 271; 281),6,4.429567642956764,2872
718,4,C(718; 1; 257; 270; 301),6,4.429567642956764,2872
