N,K,S,diameter,averageShortestPathLength,edges
108,4,C(108; 1; 8; 21; 48),4,2.5794392523364484,432
108,4,C(108; 1; 13; 21; 38),4,2.5794392523364484,432
108,4,C(108; 1; 15; 22; 25),4,2.5794392523364484,432
