N,K,S,diameter,averageShortestPathLength,edges
154,4,C(154; 1; 12; 54; 61),4,2.8758169934640523,616
154,4,C(154; 1; 18; 32; 42),4,2.8758169934640523,616
154,4,C(154; 1; 20; 53; 64),4,2.8758169934640523,616
