N,K,S,diameter,averageShortestPathLength,edges
824,4,C(824; 1; 21; 114; 214),7,4.595382746051032,3296
824,4,C(824; 1; 157; 186; 230),7,4.595382746051032,3296
