N,K,S,diameter,averageShortestPathLength,edges
364,4,C(364; 1; 26; 45; 126),5,3.672176308539945,1456
364,4,C(364; 1; 70; 89; 130),5,3.672176308539945,1456
