N,K,S,diameter,averageShortestPathLength,edges
655,4,C(655; 1; 14; 79; 284),6,4.327217125382263,2620
655,4,C(655; 1; 15; 68; 239),6,4.327217125382263,2620
655,4,C(655; 1; 30; 206; 260),6,4.327217125382263,2620
655,4,C(655; 1; 74; 200; 208),6,4.327217125382263,2620
655,4,C(655; 1; 81; 256; 309),6,4.327217125382263,2620
655,4,C(655; 1; 124; 145; 210),6,4.327217125382263,2620
655,4,C(655; 1; 125; 148; 183),6,4.327217125382263,2620
655,4,C(655; 1; 146; 234; 301),6,4.327217125382263,2620
655,4,C(655; 1; 166; 186; 199),6,4.327217125382263,2620
