N,K,S,diameter,averageShortestPathLength,edges
635,4,C(635; 1; 26; 70; 224),6,4.290220820189274,2540
635,4,C(635; 1; 31; 104; 306),6,4.290220820189274,2540
635,4,C(635; 1; 40; 221; 309),6,4.290220820189274,2540
635,4,C(635; 1; 41; 154; 181),6,4.290220820189274,2540
635,4,C(635; 1; 64; 116; 214),6,4.290220820189274,2540
635,4,C(635; 1; 95; 171; 204),6,4.290220820189274,2540
635,4,C(635; 1; 129; 276; 301),6,4.290220820189274,2540
