N,K,S,diameter,averageShortestPathLength,edges
653,4,C(653; 1; 16; 101; 177),6,4.319018404907975,2612
653,4,C(653; 1; 41; 72; 168),6,4.319018404907975,2612
653,4,C(653; 1; 43; 187; 206),6,4.319018404907975,2612
653,4,C(653; 1; 123; 231; 278),6,4.319018404907975,2612
653,4,C(653; 1; 147; 203; 273),6,4.319018404907975,2612
653,4,C(653; 1; 193; 204; 292),6,4.319018404907975,2612
653,4,C(653; 1; 220; 263; 318),6,4.319018404907975,2612
653,4,C(653; 1; 223; 243; 269),6,4.319018404907975,2612
