N,K,S,diameter,averageShortestPathLength,edges
261,4,C(261; 1; 11; 46; 63),5,3.353846153846154,1044
261,4,C(261; 1; 17; 27; 74),5,3.353846153846154,1044
261,4,C(261; 1; 18; 67; 95),5,3.353846153846154,1044
261,4,C(261; 1; 45; 71; 105),5,3.353846153846154,1044
261,4,C(261; 1; 75; 117; 125),5,3.353846153846154,1044
