N,K,S,diameter,averageShortestPathLength,edges
518,4,C(518; 1; 15; 160; 224),6,4.058027079303675,2072
518,4,C(518; 1; 25; 58; 186),6,4.058027079303675,2072
518,4,C(518; 1; 34; 122; 145),6,4.058027079303675,2072
518,4,C(518; 1; 69; 84; 162),6,4.058027079303675,2072
