N,K,S,diameter,averageShortestPathLength,edges
526,4,C(526; 1; 104; 178; 191),6,4.074285714285714,2104
526,4,C(526; 1; 179; 206; 224),6,4.074285714285714,2104
