N,K,S,diameter,averageShortestPathLength,edges
898,4,C(898; 1; 110; 191; 418),7,4.697881828316611,3592
898,4,C(898; 1; 315; 336; 372),7,4.697881828316611,3592
