N,K,S,diameter,averageShortestPathLength,edges
484,4,C(484; 1; 88; 139; 150),6,3.979296066252588,1936
484,4,C(484; 1; 195; 210; 220),6,3.979296066252588,1936
