N,K,S,diameter,averageShortestPathLength,edges
415,4,C(415; 1; 12; 82; 136),5,3.8019323671497585,1660
415,4,C(415; 1; 30; 68; 85),5,3.8019323671497585,1660
415,4,C(415; 1; 65; 124; 150),5,3.8019323671497585,1660
415,4,C(415; 1; 71; 113; 167),5,3.8019323671497585,1660
415,4,C(415; 1; 76; 127; 173),5,3.8019323671497585,1660
415,4,C(415; 1; 85; 105; 177),5,3.8019323671497585,1660
415,4,C(415; 1; 115; 130; 164),5,3.8019323671497585,1660
415,4,C(415; 1; 119; 183; 202),5,3.8019323671497585,1660
