N,K,S,diameter,averageShortestPathLength,edges
398,4,C(398; 1; 8; 61; 149),5,3.7506297229219143,1592
398,4,C(398; 1; 32; 45; 195),5,3.7506297229219143,1592
398,4,C(398; 1; 98; 115; 137),5,3.7506297229219143,1592
