N,K,S,diameter,averageShortestPathLength,edges
693,4,C(693; 1; 15; 103; 171),6,4.390173410404624,2772
693,4,C(693; 1; 33; 244; 292),6,4.390173410404624,2772
693,4,C(693; 1; 37; 250; 261),6,4.390173410404624,2772
693,4,C(693; 1; 58; 71; 264),6,4.390173410404624,2772
693,4,C(693; 1; 74; 180; 276),6,4.390173410404624,2772
693,4,C(693; 1; 158; 302; 342),6,4.390173410404624,2772
693,4,C(693; 1; 178; 227; 330),6,4.390173410404624,2772
693,4,C(693; 1; 206; 218; 288),6,4.390173410404624,2772
