N,K,S,diameter,averageShortestPathLength,edges
738,4,C(738; 1; 12; 168; 317),6,4.465400271370421,2952
738,4,C(738; 1; 60; 149; 312),6,4.465400271370421,2952
