N,K,S,diameter,averageShortestPathLength,edges
421,4,C(421; 1; 10; 122; 192),5,3.8190476190476192,1684
421,4,C(421; 1; 42; 65; 72),5,3.8190476190476192,1684
421,4,C(421; 1; 76; 112; 176),5,3.8190476190476192,1684
421,4,C(421; 1; 109; 136; 182),5,3.8190476190476192,1684
