N,K,S,diameter,averageShortestPathLength,edges
334,4,C(334; 1; 30; 71; 156),5,3.5915915915915915,1336
334,4,C(334; 1; 106; 127; 136),5,3.5915915915915915,1336
