N,K,S,diameter,averageShortestPathLength,edges
763,4,C(763; 1; 30; 308; 329),6,4.5065616797900265,3052
763,4,C(763; 1; 112; 178; 189),6,4.5065616797900265,3052
