N,K,S,diameter,averageShortestPathLength,edges
585,4,C(585; 1; 11; 49; 177),6,4.195205479452055,2340
585,4,C(585; 1; 21; 49; 206),6,4.195205479452055,2340
585,4,C(585; 1; 31; 71; 264),6,4.195205479452055,2340
585,4,C(585; 1; 59; 144; 159),6,4.195205479452055,2340
585,4,C(585; 1; 84; 151; 191),6,4.195205479452055,2340
585,4,C(585; 1; 119; 171; 201),6,4.195205479452055,2340
585,4,C(585; 1; 123; 191; 239),6,4.195205479452055,2340
585,4,C(585; 1; 164; 266; 282),6,4.195205479452055,2340
