N,K,S,diameter,averageShortestPathLength,edges
958,4,C(958; 1; 13; 190; 456),7,4.783699059561129,3832
958,4,C(958; 1; 24; 134; 391),7,4.783699059561129,3832
958,4,C(958; 1; 49; 140; 218),7,4.783699059561129,3832
958,4,C(958; 1; 162; 186; 221),7,4.783699059561129,3832
