N,K,S,diameter,averageShortestPathLength,edges
224,4,C(224; 1; 11; 41; 58),4,3.210762331838565,896
224,4,C(224; 1; 18; 46; 77),4,3.210762331838565,896
224,4,C(224; 1; 28; 96; 109),4,3.210762331838565,896
224,4,C(224; 1; 32; 37; 84),4,3.210762331838565,896
224,4,C(224; 1; 37; 46; 61),4,3.210762331838565,896
224,4,C(224; 1; 71; 86; 109),4,3.210762331838565,896
