N,K,S,diameter,averageShortestPathLength,edges
957,4,C(957; 1; 34; 142; 234),7,4.7824267782426775,3828
957,4,C(957; 1; 96; 155; 472),7,4.7824267782426775,3828
957,4,C(957; 1; 162; 197; 221),7,4.7824267782426775,3828
