N,K,S,diameter,averageShortestPathLength,edges
715,4,C(715; 1; 46; 80; 153),6,4.428571428571429,2860
715,4,C(715; 1; 56; 104; 287),6,4.428571428571429,2860
715,4,C(715; 1; 87; 142; 247),6,4.428571428571429,2860
715,4,C(715; 1; 95; 171; 292),6,4.428571428571429,2860
715,4,C(715; 1; 104; 166; 263),6,4.428571428571429,2860
715,4,C(715; 1; 135; 243; 262),6,4.428571428571429,2860
715,4,C(715; 1; 144; 230; 325),6,4.428571428571429,2860
