N,K,S,diameter,averageShortestPathLength,edges
444,4,C(444; 1; 27; 76; 93),5,3.880361173814898,1776
444,4,C(444; 1; 45; 125; 144),5,3.880361173814898,1776
444,4,C(444; 1; 52; 61; 204),5,3.880361173814898,1776
444,4,C(444; 1; 82; 106; 204),5,3.880361173814898,1776
444,4,C(444; 1; 84; 131; 152),5,3.880361173814898,1776
444,4,C(444; 1; 103; 180; 195),5,3.880361173814898,1776
