N,K,S,diameter,averageShortestPathLength,edges
426,4,C(426; 1; 22; 174; 182),5,3.8329411764705883,1704
426,4,C(426; 1; 28; 96; 147),5,3.8329411764705883,1704
426,4,C(426; 1; 48; 104; 182),5,3.8329411764705883,1704
426,4,C(426; 1; 60; 146; 165),5,3.8329411764705883,1704
426,4,C(426; 1; 111; 118; 146),5,3.8329411764705883,1704
