N,K,S,diameter,averageShortestPathLength,edges
601,4,C(601; 1; 36; 239; 295),6,4.226666666666667,2404
601,4,C(601; 1; 39; 146; 171),6,4.226666666666667,2404
601,4,C(601; 1; 177; 217; 292),6,4.226666666666667,2404
601,4,C(601; 1; 212; 262; 273),6,4.226666666666667,2404
