N,K,S,diameter,averageShortestPathLength,edges
943,4,C(943; 1; 43; 186; 353),7,4.762208067940552,3772
943,4,C(943; 1; 56; 218; 372),7,4.762208067940552,3772
943,4,C(943; 1; 74; 307; 421),7,4.762208067940552,3772
943,4,C(943; 1; 109; 187; 446),7,4.762208067940552,3772
