N,K,S,diameter,averageShortestPathLength,edges
582,4,C(582; 1; 37; 99; 178),6,4.189328743545611,2328
582,4,C(582; 1; 52; 173; 249),6,4.189328743545611,2328
