N,K,S,diameter,averageShortestPathLength,edges
837,4,C(837; 1; 27; 119; 342),7,4.607655502392345,3348
837,4,C(837; 1; 162; 180; 211),7,4.607655502392345,3348
