N,K,S,diameter,averageShortestPathLength,edges
639,4,C(639; 1; 133; 196; 210),6,4.297805642633229,2556
639,4,C(639; 1; 136; 221; 237),6,4.297805642633229,2556
639,4,C(639; 1; 138; 238; 296),6,4.297805642633229,2556
