N,K,S,diameter,averageShortestPathLength,edges
771,4,C(771; 1; 65; 156; 297),6,4.5064935064935066,3084
771,4,C(771; 1; 306; 344; 375),6,4.5064935064935066,3084
