N,K,S,diameter,averageShortestPathLength,edges
928,4,C(928; 1; 17; 58; 344),7,4.742179072276159,3712
928,4,C(928; 1; 58; 184; 273),7,4.742179072276159,3712
