N,K,S,diameter,averageShortestPathLength,edges
989,4,C(989; 1; 82; 354; 485),7,4.827935222672065,3956
989,4,C(989; 1; 102; 271; 464),7,4.827935222672065,3956
989,4,C(989; 1; 104; 223; 373),7,4.827935222672065,3956
989,4,C(989; 1; 175; 398; 454),7,4.827935222672065,3956
