N,K,S,diameter,averageShortestPathLength,edges
743,4,C(743; 1; 26; 111; 177),6,4.466307277628032,2972
743,4,C(743; 1; 51; 273; 361),6,4.466307277628032,2972
743,4,C(743; 1; 90; 200; 264),6,4.466307277628032,2972
743,4,C(743; 1; 102; 328; 355),6,4.466307277628032,2972
