N,K,S,diameter,averageShortestPathLength,edges
299,4,C(299; 1; 9; 33; 87),5,3.4832214765100673,1196
299,4,C(299; 1; 11; 37; 90),5,3.4832214765100673,1196
299,4,C(299; 1; 19; 51; 136),5,3.4832214765100673,1196
299,4,C(299; 1; 21; 55; 103),5,3.4832214765100673,1196
299,4,C(299; 1; 57; 109; 145),5,3.4832214765100673,1196
299,4,C(299; 1; 59; 97; 129),5,3.4832214765100673,1196
299,4,C(299; 1; 63; 76; 103),5,3.4832214765100673,1196
299,4,C(299; 1; 90; 96; 133),5,3.4832214765100673,1196
