N,K,S,diameter,averageShortestPathLength,edges
160,4,C(160; 1; 20; 27; 64),4,2.9056603773584904,640
160,4,C(160; 1; 32; 60; 77),4,2.9056603773584904,640
