N,K,S,diameter,averageShortestPathLength,edges
44,4,C(44; 1; 4; 14; 21),3,1.9534883720930232,176
44,4,C(44; 1; 14; 18; 21),3,1.9534883720930232,176
