N,K,S,diameter,averageShortestPathLength,edges
287,4,C(287; 1; 11; 39; 97),5,3.4405594405594404,1148
287,4,C(287; 1; 15; 54; 103),5,3.4405594405594404,1148
287,4,C(287; 1; 26; 61; 134),5,3.4405594405594404,1148
287,4,C(287; 1; 28; 66; 107),5,3.4405594405594404,1148
287,4,C(287; 1; 59; 70; 124),5,3.4405594405594404,1148
287,4,C(287; 1; 70; 81; 100),5,3.4405594405594404,1148
287,4,C(287; 1; 71; 80; 101),5,3.4405594405594404,1148
