N,K,S,diameter,averageShortestPathLength,edges
114,4,C(114; 1; 6; 14; 45),4,2.6283185840707963,456
114,4,C(114; 1; 12; 19; 27),4,2.6283185840707963,456
