N,K,S,diameter,averageShortestPathLength,edges
747,4,C(747; 1; 15; 148; 246),6,4.479892761394102,2988
747,4,C(747; 1; 69; 96; 106),6,4.479892761394102,2988
