N,K,S,diameter,averageShortestPathLength,edges
345,4,C(345; 1; 6; 41; 139),5,3.616279069767442,1380
345,4,C(345; 1; 11; 41; 149),5,3.616279069767442,1380
345,4,C(345; 1; 23; 57; 165),5,3.616279069767442,1380
345,4,C(345; 1; 44; 79; 139),5,3.616279069767442,1380
345,4,C(345; 1; 59; 94; 139),5,3.616279069767442,1380
345,4,C(345; 1; 76; 101; 131),5,3.616279069767442,1380
345,4,C(345; 1; 84; 101; 106),5,3.616279069767442,1380
345,4,C(345; 1; 139; 144; 166),5,3.616279069767442,1380
