N,K,S,diameter,averageShortestPathLength,edges
793,4,C(793; 1; 67; 105; 227),6,4.553030303030303,3172
793,4,C(793; 1; 71; 257; 318),6,4.553030303030303,3172
793,4,C(793; 1; 108; 245; 262),6,4.553030303030303,3172
793,4,C(793; 1; 123; 197; 287),6,4.553030303030303,3172
