N,K,S,diameter,averageShortestPathLength,edges
717,4,C(717; 1; 66; 109; 318),6,4.430167597765363,2868
717,4,C(717; 1; 177; 201; 296),6,4.430167597765363,2868
