N,K,S,diameter,averageShortestPathLength,edges
35,4,C(35; 1; 6; 7; 10),2,1.7647058823529411,140
35,4,C(35; 1; 7; 11; 16),2,1.7647058823529411,140
