N,K,S,diameter,averageShortestPathLength,edges
271,4,C(271; 1; 13; 60; 127),5,3.3925925925925924,1084
271,4,C(271; 1; 23; 32; 126),5,3.3925925925925924,1084
271,4,C(271; 1; 38; 93; 105),5,3.3925925925925924,1084
271,4,C(271; 1; 59; 80; 123),5,3.3925925925925924,1084
271,4,C(271; 1; 76; 107; 124),5,3.3925925925925924,1084
271,4,C(271; 1; 77; 106; 131),5,3.3925925925925924,1084
271,4,C(271; 1; 82; 102; 130),5,3.3925925925925924,1084
271,4,C(271; 1; 88; 114; 125),5,3.3925925925925924,1084
