N,K,S,diameter,averageShortestPathLength,edges
993,4,C(993; 1; 38; 217; 314),7,4.832661290322581,3972
993,4,C(993; 1; 44; 334; 392),7,4.832661290322581,3972
993,4,C(993; 1; 110; 125; 421),7,4.832661290322581,3972
993,4,C(993; 1; 143; 158; 370),7,4.832661290322581,3972
