N,K,S,diameter,averageShortestPathLength,edges
983,4,C(983; 1; 49; 139; 485),7,4.822810590631365,3932
983,4,C(983; 1; 64; 99; 152),7,4.822810590631365,3932
983,4,C(983; 1; 97; 227; 310),7,4.822810590631365,3932
983,4,C(983; 1; 321; 371; 384),7,4.822810590631365,3932
