N,K,S,diameter,averageShortestPathLength,edges
995,4,C(995; 1; 50; 86; 278),7,4.837022132796781,3980
995,4,C(995; 1; 68; 122; 415),7,4.837022132796781,3980
995,4,C(995; 1; 70; 81; 367),7,4.837022132796781,3980
