N,K,S,diameter,averageShortestPathLength,edges
909,4,C(909; 1; 26; 149; 239),7,4.711453744493392,3636
909,4,C(909; 1; 26; 232; 331),7,4.711453744493392,3636
909,4,C(909; 1; 35; 61; 232),7,4.711453744493392,3636
909,4,C(909; 1; 35; 184; 239),7,4.711453744493392,3636
