N,K,S,diameter,averageShortestPathLength,edges
649,4,C(649; 1; 24; 177; 231),6,4.314814814814815,2596
649,4,C(649; 1; 27; 236; 253),6,4.314814814814815,2596
