N,K,S,diameter,averageShortestPathLength,edges
869,4,C(869; 1; 22; 252; 350),7,4.658986175115207,3476
869,4,C(869; 1; 33; 80; 382),7,4.658986175115207,3476
869,4,C(869; 1; 33; 315; 408),7,4.658986175115207,3476
869,4,C(869; 1; 72; 105; 154),7,4.658986175115207,3476
869,4,C(869; 1; 100; 240; 407),7,4.658986175115207,3476
869,4,C(869; 1; 164; 198; 389),7,4.658986175115207,3476
