N,K,S,diameter,averageShortestPathLength,edges
756,4,C(756; 1; 35; 128; 356),6,4.49271523178808,3024
756,4,C(756; 1; 308; 326; 357),6,4.49271523178808,3024
