N,K,S,diameter,averageShortestPathLength,edges
598,4,C(598; 1; 30; 82; 235),6,4.217755443886097,2392
598,4,C(598; 1; 48; 178; 285),6,4.217755443886097,2392
