N,K,S,diameter,averageShortestPathLength,edges
383,4,C(383; 1; 16; 36; 170),5,3.7329842931937174,1532
383,4,C(383; 1; 24; 98; 133),5,3.7329842931937174,1532
383,4,C(383; 1; 26; 43; 117),5,3.7329842931937174,1532
383,4,C(383; 1; 72; 162; 187),5,3.7329842931937174,1532
