N,K,S,diameter,averageShortestPathLength,edges
670,4,C(670; 1; 99; 140; 226),6,4.34678624813154,2680
670,4,C(670; 1; 106; 130; 291),6,4.34678624813154,2680
