N,K,S,diameter,averageShortestPathLength,edges
310,4,C(310; 1; 11; 49; 128),5,3.5145631067961167,1240
310,4,C(310; 1; 19; 48; 101),5,3.5145631067961167,1240
310,4,C(310; 1; 68; 89; 141),5,3.5145631067961167,1240
