N,K,S,diameter,averageShortestPathLength,edges
575,4,C(575; 1; 14; 111; 189),6,4.177700348432055,2300
575,4,C(575; 1; 41; 49; 274),6,4.177700348432055,2300
575,4,C(575; 1; 76; 176; 259),6,4.177700348432055,2300
575,4,C(575; 1; 85; 120; 194),6,4.177700348432055,2300
575,4,C(575; 1; 149; 174; 216),6,4.177700348432055,2300
575,4,C(575; 1; 195; 210; 246),6,4.177700348432055,2300
