N,K,S,diameter,averageShortestPathLength,edges
412,4,C(412; 1; 6; 122; 190),5,3.802919708029197,1648
412,4,C(412; 1; 27; 45; 150),5,3.802919708029197,1648
412,4,C(412; 1; 61; 86; 139),5,3.802919708029197,1648
412,4,C(412; 1; 83; 119; 134),5,3.802919708029197,1648
