N,K,S,diameter,averageShortestPathLength,edges
792,4,C(792; 1; 24; 103; 164),6,4.54614412136536,3168
792,4,C(792; 1; 140; 192; 223),6,4.54614412136536,3168
