N,K,S,diameter,averageShortestPathLength,edges
604,4,C(604; 1; 84; 149; 246),6,4.223880597014926,2416
604,4,C(604; 1; 227; 260; 274),6,4.223880597014926,2416
