N,K,S,diameter,averageShortestPathLength,edges
923,4,C(923; 1; 30; 104; 188),7,4.733188720173536,3692
923,4,C(923; 1; 54; 78; 226),7,4.733188720173536,3692
923,4,C(923; 1; 65; 400; 437),7,4.733188720173536,3692
