N,K,S,diameter,averageShortestPathLength,edges
356,4,C(356; 1; 16; 132; 143),5,3.659154929577465,1424
356,4,C(356; 1; 92; 117; 136),5,3.659154929577465,1424
