N,K,S,diameter,averageShortestPathLength,edges
500,4,C(500; 1; 9; 80; 112),6,4.014028056112225,2000
500,4,C(500; 1; 68; 111; 120),6,4.014028056112225,2000
