N,K,S,diameter,averageShortestPathLength,edges
532,4,C(532; 1; 12; 93; 122),6,4.088512241054614,2128
532,4,C(532; 1; 17; 64; 122),6,4.088512241054614,2128
532,4,C(532; 1; 26; 72; 113),6,4.088512241054614,2128
532,4,C(532; 1; 110; 120; 143),6,4.088512241054614,2128
532,4,C(532; 1; 113; 156; 254),6,4.088512241054614,2128
532,4,C(532; 1; 118; 184; 219),6,4.088512241054614,2128
532,4,C(532; 1; 189; 198; 212),6,4.088512241054614,2128
