N,K,S,diameter,averageShortestPathLength,edges
999,4,C(999; 1; 150; 279; 346),7,4.841683366733467,3996
999,4,C(999; 1; 205; 219; 252),7,4.841683366733467,3996
