N,K,S,diameter,averageShortestPathLength,edges
336,4,C(336; 1; 29; 38; 81),5,3.5940298507462685,1344
336,4,C(336; 1; 94; 139; 165),5,3.5940298507462685,1344
