N,K,S,diameter,averageShortestPathLength,edges
897,4,C(897; 1; 24; 192; 421),7,4.700892857142857,3588
897,4,C(897; 1; 219; 309; 424),7,4.700892857142857,3588
