N,K,S,diameter,averageShortestPathLength,edges
555,4,C(555; 1; 17; 72; 115),6,4.129963898916968,2220
555,4,C(555; 1; 98; 159; 170),6,4.129963898916968,2220
