N,K,S,diameter,averageShortestPathLength,edges
390,4,C(390; 1; 15; 53; 132),5,3.7403598971722367,1560
390,4,C(390; 1; 15; 54; 103),5,3.7403598971722367,1560
