N,K,S,diameter,averageShortestPathLength,edges
810,4,C(810; 1; 65; 241; 386),6,4.568603213844252,3240
810,4,C(810; 1; 121; 235; 274),6,4.568603213844252,3240
