N,K,S,diameter,averageShortestPathLength,edges
690,4,C(690; 1; 12; 150; 319),6,4.381712626995646,2760
690,4,C(690; 1; 180; 199; 318),6,4.381712626995646,2760
