N,K,S,diameter,averageShortestPathLength,edges
770,4,C(770; 1; 32; 146; 347),6,4.511053315994799,3080
770,4,C(770; 1; 138; 233; 244),6,4.511053315994799,3080
