N,K,S,diameter,averageShortestPathLength,edges
405,4,C(405; 1; 15; 54; 103),5,3.787128712871287,1620
405,4,C(405; 1; 24; 140; 200),5,3.787128712871287,1620
405,4,C(405; 1; 27; 165; 173),5,3.787128712871287,1620
405,4,C(405; 1; 35; 50; 94),5,3.787128712871287,1620
405,4,C(405; 1; 35; 56; 65),5,3.787128712871287,1620
405,4,C(405; 1; 45; 83; 145),5,3.787128712871287,1620
405,4,C(405; 1; 122; 130; 180),5,3.787128712871287,1620
