N,K,S,diameter,averageShortestPathLength,edges
701,4,C(701; 1; 26; 180; 253),6,4.405714285714286,2804
701,4,C(701; 1; 27; 47; 179),6,4.405714285714286,2804
701,4,C(701; 1; 47; 106; 133),6,4.405714285714286,2804
701,4,C(701; 1; 74; 179; 205),6,4.405714285714286,2804
