N,K,S,diameter,averageShortestPathLength,edges
841,4,C(841; 1; 24; 123; 380),7,4.621428571428571,3364
841,4,C(841; 1; 35; 100; 156),7,4.621428571428571,3364
841,4,C(841; 1; 124; 135; 215),7,4.621428571428571,3364
841,4,C(841; 1; 133; 294; 328),7,4.621428571428571,3364
