N,K,S,diameter,averageShortestPathLength,edges
659,4,C(659; 1; 19; 130; 216),6,4.3373860182370825,2636
659,4,C(659; 1; 58; 104; 319),6,4.3373860182370825,2636
659,4,C(659; 1; 120; 147; 157),6,4.3373860182370825,2636
659,4,C(659; 1; 125; 180; 324),6,4.3373860182370825,2636
