N,K,S,diameter,averageShortestPathLength,edges
606,4,C(606; 1; 70; 111; 259),6,4.231404958677686,2424
606,4,C(606; 1; 87; 98; 241),6,4.231404958677686,2424
