N,K,S,diameter,averageShortestPathLength,edges
688,4,C(688; 1; 57; 162; 188),6,4.38136826783115,2752
688,4,C(688; 1; 124; 142; 169),6,4.38136826783115,2752
