N,K,S,diameter,averageShortestPathLength,edges
674,4,C(674; 1; 35; 275; 288),6,4.358098068350668,2696
674,4,C(674; 1; 66; 77; 281),6,4.358098068350668,2696
674,4,C(674; 1; 125; 278; 331),6,4.358098068350668,2696
