N,K,S,diameter,averageShortestPathLength,edges
867,4,C(867; 1; 138; 155; 351),7,4.655889145496536,3468
867,4,C(867; 1; 179; 405; 426),7,4.655889145496536,3468
