N,K,S,diameter,averageShortestPathLength,edges
407,4,C(407; 1; 21; 166; 174),5,3.7783251231527095,1628
407,4,C(407; 1; 32; 76; 200),5,3.7783251231527095,1628
407,4,C(407; 1; 49; 116; 138),5,3.7783251231527095,1628
407,4,C(407; 1; 89; 108; 155),5,3.7783251231527095,1628
