N,K,S,diameter,averageShortestPathLength,edges
387,4,C(387; 1; 9; 33; 158),5,3.7357512953367875,1548
387,4,C(387; 1; 27; 159; 169),5,3.7357512953367875,1548
