N,K,S,diameter,averageShortestPathLength,edges
131,4,C(131; 1; 4; 24; 38),4,2.723076923076923,524
131,4,C(131; 1; 6; 33; 56),4,2.723076923076923,524
131,4,C(131; 1; 7; 31; 42),4,2.723076923076923,524
131,4,C(131; 1; 22; 53; 60),4,2.723076923076923,524
