N,K,S,diameter,averageShortestPathLength,edges
232,4,C(232; 1; 48; 59; 100),4,3.238095238095238,928
232,4,C(232; 1; 59; 68; 84),4,3.238095238095238,928
