N,K,S,diameter,averageShortestPathLength,edges
671,4,C(671; 1; 82; 154; 324),6,4.352238805970149,2684
671,4,C(671; 1; 90; 231; 307),6,4.352238805970149,2684
671,4,C(671; 1; 153; 220; 321),6,4.352238805970149,2684
