N,K,S,diameter,averageShortestPathLength,edges
784,4,C(784; 1; 27; 290; 307),6,4.532567049808429,3136
784,4,C(784; 1; 29; 214; 279),6,4.532567049808429,3136
784,4,C(784; 1; 234; 281; 309),6,4.532567049808429,3136
