N,K,S,diameter,averageShortestPathLength,edges
39,4,C(39; 1; 2; 10; 16),3,1.8421052631578947,156
39,4,C(39; 1; 4; 8; 14),3,1.8421052631578947,156
39,4,C(39; 1; 4; 10; 16),3,1.8421052631578947,156
39,4,C(39; 1; 4; 10; 17),3,1.8421052631578947,156
39,4,C(39; 1; 4; 14; 16),3,1.8421052631578947,156
39,4,C(39; 1; 5; 8; 19),3,1.8421052631578947,156
39,4,C(39; 1; 5; 14; 17),3,1.8421052631578947,156
39,4,C(39; 1; 9; 14; 18),3,1.8421052631578947,156
39,4,C(39; 1; 10; 14; 17),3,1.8421052631578947,156
