N,K,S,diameter,averageShortestPathLength,edges
591,4,C(591; 1; 11; 51; 178),6,4.203389830508475,2364
591,4,C(591; 1; 83; 96; 269),6,4.203389830508475,2364
591,4,C(591; 1; 145; 215; 264),6,4.203389830508475,2364
