N,K,S,diameter,averageShortestPathLength,edges
597,4,C(597; 1; 13; 62; 258),6,4.218120805369128,2388
597,4,C(597; 1; 46; 72; 133),6,4.218120805369128,2388
597,4,C(597; 1; 202; 216; 260),6,4.218120805369128,2388
