N,K,S,diameter,averageShortestPathLength,edges
609,4,C(609; 1; 27; 198; 272),6,4.240131578947368,2436
609,4,C(609; 1; 132; 156; 253),6,4.240131578947368,2436
