N,K,S,diameter,averageShortestPathLength,edges
469,4,C(469; 1; 15; 79; 132),6,3.9444444444444446,1876
469,4,C(469; 1; 18; 95; 123),6,3.9444444444444446,1876
469,4,C(469; 1; 26; 85; 125),6,3.9444444444444446,1876
469,4,C(469; 1; 61; 160; 167),6,3.9444444444444446,1876
469,4,C(469; 1; 70; 193; 230),6,3.9444444444444446,1876
469,4,C(469; 1; 79; 126; 226),6,3.9444444444444446,1876
469,4,C(469; 1; 95; 104; 224),6,3.9444444444444446,1876
