N,K,S,diameter,averageShortestPathLength,edges
587,4,C(587; 1; 89; 122; 192),6,4.197952218430034,2348
587,4,C(587; 1; 107; 131; 140),6,4.197952218430034,2348
587,4,C(587; 1; 198; 239; 255),6,4.197952218430034,2348
587,4,C(587; 1; 233; 252; 277),6,4.197952218430034,2348
