N,K,S,diameter,averageShortestPathLength,edges
105,4,C(105; 1; 7; 33; 43),4,2.5576923076923075,420
105,4,C(105; 1; 9; 22; 49),4,2.5576923076923075,420
105,4,C(105; 1; 16; 20; 27),4,2.5576923076923075,420
105,4,C(105; 1; 18; 25; 46),4,2.5576923076923075,420
105,4,C(105; 1; 25; 36; 42),4,2.5576923076923075,420
