N,K,S,diameter,averageShortestPathLength,edges
374,4,C(374; 1; 9; 108; 172),5,3.6970509383378016,1496
374,4,C(374; 1; 12; 64; 83),5,3.6970509383378016,1496
