N,K,S,diameter,averageShortestPathLength,edges
882,4,C(882; 1; 118; 257; 422),7,4.667423382519864,3528
882,4,C(882; 1; 151; 178; 218),7,4.667423382519864,3528
