N,K,S,diameter,averageShortestPathLength,edges
228,4,C(228; 1; 9; 32; 80),4,3.2246696035242293,912
228,4,C(228; 1; 24; 81; 110),4,3.2246696035242293,912
228,4,C(228; 1; 31; 56; 69),4,3.2246696035242293,912
228,4,C(228; 1; 39; 68; 103),4,3.2246696035242293,912
