N,K,S,diameter,averageShortestPathLength,edges
729,4,C(729; 1; 9; 77; 264),6,4.4532967032967035,2916
729,4,C(729; 1; 142; 180; 309),6,4.4532967032967035,2916
