N,K,S,diameter,averageShortestPathLength,edges
794,4,C(794; 1; 57; 180; 211),6,4.552332912988651,3176
794,4,C(794; 1; 143; 164; 195),6,4.552332912988651,3176
794,4,C(794; 1; 143; 211; 332),6,4.552332912988651,3176
