N,K,S,diameter,averageShortestPathLength,edges
651,4,C(651; 1; 112; 131; 231),6,4.316923076923077,2604
651,4,C(651; 1; 126; 140; 164),6,4.316923076923077,2604
651,4,C(651; 1; 159; 259; 280),6,4.316923076923077,2604
