N,K,S,diameter,averageShortestPathLength,edges
726,4,C(726; 1; 102; 264; 289),6,4.437241379310345,2904
726,4,C(726; 1; 103; 330; 342),6,4.437241379310345,2904
