N,K,S,diameter,averageShortestPathLength,edges
910,4,C(910; 1; 55; 77; 326),7,4.712871287128713,3640
910,4,C(910; 1; 250; 324; 378),7,4.712871287128713,3640
