N,K,S,diameter,averageShortestPathLength,edges
279,4,C(279; 1; 33; 96; 110),5,3.4100719424460433,1116
279,4,C(279; 1; 60; 84; 104),5,3.4100719424460433,1116
