N,K,S,diameter,averageShortestPathLength,edges
917,4,C(917; 1; 89; 103; 227),7,4.722707423580786,3668
917,4,C(917; 1; 152; 174; 340),7,4.722707423580786,3668
917,4,C(917; 1; 158; 368; 408),7,4.722707423580786,3668
917,4,C(917; 1; 195; 276; 296),7,4.722707423580786,3668
