N,K,S,diameter,averageShortestPathLength,edges
872,4,C(872; 1; 24; 105; 252),7,4.652123995407577,3488
872,4,C(872; 1; 172; 191; 224),7,4.652123995407577,3488
