N,K,S,diameter,averageShortestPathLength,edges
327,4,C(327; 1; 33; 52; 93),5,3.5644171779141103,1308
327,4,C(327; 1; 44; 144; 159),5,3.5644171779141103,1308
