N,K,S,diameter,averageShortestPathLength,edges
614,4,C(614; 1; 27; 247; 264),6,4.2561174551386625,2456
614,4,C(614; 1; 46; 217; 248),6,4.2561174551386625,2456
614,4,C(614; 1; 78; 91; 241),6,4.2561174551386625,2456
614,4,C(614; 1; 87; 107; 250),6,4.2561174551386625,2456
614,4,C(614; 1; 212; 249; 262),6,4.2561174551386625,2456
