N,K,S,diameter,averageShortestPathLength,edges
844,4,C(844; 1; 47; 300; 368),7,4.619217081850533,3376
844,4,C(844; 1; 64; 168; 413),7,4.619217081850533,3376
