N,K,S,diameter,averageShortestPathLength,edges
1979,4,C(1979; 1; 36; 169; 427),8,5.804853387259858,7916
1979,4,C(1979; 1; 55; 263; 600),8,5.804853387259858,7916
1979,4,C(1979; 1; 241; 760; 830),8,5.804853387259858,7916
1979,4,C(1979; 1; 597; 670; 808),8,5.804853387259858,7916
