N,K,S,diameter,averageShortestPathLength,edges
1703,4,C(1703; 1; 141; 297; 505),8,5.571092831962397,6812
1703,4,C(1703; 1; 285; 539; 636),8,5.571092831962397,6812
1703,4,C(1703; 1; 324; 378; 773),8,5.571092831962397,6812
1703,4,C(1703; 1; 428; 462; 729),8,5.571092831962397,6812
