N,K,S,diameter,averageShortestPathLength,edges
1191,4,C(1191; 1; 16; 174; 417),7,5.080672268907563,4764
1191,4,C(1191; 1; 138; 495; 521),7,5.080672268907563,4764
