N,K,S,diameter,averageShortestPathLength,edges
1811,4,C(1811; 1; 77; 244; 879),8,5.664088397790056,7244
1811,4,C(1811; 1; 204; 334; 364),8,5.664088397790056,7244
1811,4,C(1811; 1; 403; 588; 717),8,5.664088397790056,7244
1811,4,C(1811; 1; 410; 435; 783),8,5.664088397790056,7244
