N,K,S,diameter,averageShortestPathLength,edges
1418,4,C(1418; 1; 70; 299; 644),7,5.3091037402964005,5672
1418,4,C(1418; 1; 216; 313; 640),7,5.3091037402964005,5672
