N,K,S,diameter,averageShortestPathLength,edges
1210,4,C(1210; 1; 22; 322; 448),7,5.101736972704715,4840
1210,4,C(1210; 1; 28; 150; 256),7,5.101736972704715,4840
