N,K,S,diameter,averageShortestPathLength,edges
1147,4,C(1147; 1; 60; 108; 308),7,5.027923211169284,4588
1147,4,C(1147; 1; 108; 194; 402),7,5.027923211169284,4588
1147,4,C(1147; 1; 128; 308; 337),7,5.027923211169284,4588
1147,4,C(1147; 1; 311; 325; 457),7,5.027923211169284,4588
