N,K,S,diameter,averageShortestPathLength,edges
1599,4,C(1599; 1; 299; 538; 723),8,5.481852315394243,6396
1599,4,C(1599; 1; 495; 746; 793),8,5.481852315394243,6396
