N,K,S,diameter,averageShortestPathLength,edges
1865,4,C(1865; 1; 38; 271; 413),8,5.71137339055794,7460
1865,4,C(1865; 1; 358; 848; 874),8,5.71137339055794,7460
1865,4,C(1865; 1; 529; 547; 638),8,5.71137339055794,7460
1865,4,C(1865; 1; 618; 691; 718),8,5.71137339055794,7460
