N,K,S,diameter,averageShortestPathLength,edges
1391,4,C(1391; 1; 111; 151; 285),7,5.287769784172662,5564
1391,4,C(1391; 1; 223; 401; 653),7,5.287769784172662,5564
1391,4,C(1391; 1; 304; 360; 398),7,5.287769784172662,5564
1391,4,C(1391; 1; 346; 532; 630),7,5.287769784172662,5564
