N,K,S,diameter,averageShortestPathLength,edges
1567,4,C(1567; 1; 152; 346; 599),8,5.452107279693487,6268
1567,4,C(1567; 1; 159; 220; 620),8,5.452107279693487,6268
1567,4,C(1567; 1; 245; 548; 749),8,5.452107279693487,6268
1567,4,C(1567; 1; 307; 406; 567),8,5.452107279693487,6268
