N,K,S,diameter,averageShortestPathLength,edges
1528,4,C(1528; 1; 304; 629; 728),8,5.417157825802226,6112
1528,4,C(1528; 1; 515; 560; 704),8,5.417157825802226,6112
