N,K,S,diameter,averageShortestPathLength,edges
1916,4,C(1916; 1; 368; 459; 672),8,5.757702349869452,7664
1916,4,C(1916; 1; 455; 748; 800),8,5.757702349869452,7664
