N,K,S,diameter,averageShortestPathLength,edges
1903,4,C(1903; 1; 35; 131; 696),8,5.7465825446898,7612
1903,4,C(1903; 1; 52; 216; 249),8,5.7465825446898,7612
1903,4,C(1903; 1; 105; 183; 435),8,5.7465825446898,7612
1903,4,C(1903; 1; 107; 145; 276),8,5.7465825446898,7612
1903,4,C(1903; 1; 231; 332; 814),8,5.7465825446898,7612
1903,4,C(1903; 1; 330; 556; 935),8,5.7465825446898,7612
