N,K,S,diameter,averageShortestPathLength,edges
1524,4,C(1524; 1; 24; 153; 268),8,5.407091267235719,6096
1524,4,C(1524; 1; 164; 416; 711),8,5.407091267235719,6096
