N,K,S,diameter,averageShortestPathLength,edges
1877,4,C(1877; 1; 28; 191; 311),8,5.723880597014926,7508
1877,4,C(1877; 1; 67; 190; 342),8,5.723880597014926,7508
1877,4,C(1877; 1; 208; 236; 796),8,5.723880597014926,7508
1877,4,C(1877; 1; 326; 682; 749),8,5.723880597014926,7508
