N,K,S,diameter,averageShortestPathLength,edges
1354,4,C(1354; 1; 26; 165; 289),7,5.24759793052476,5416
1354,4,C(1354; 1; 142; 312; 636),8,5.24759793052476,5416
1354,4,C(1354; 1; 168; 306; 561),7,5.24759793052476,5416
1354,4,C(1354; 1; 192; 229; 253),7,5.24759793052476,5416
1354,4,C(1354; 1; 232; 321; 616),7,5.24759793052476,5416
1354,4,C(1354; 1; 279; 484; 609),7,5.24759793052476,5416
