N,K,S,diameter,averageShortestPathLength,edges
1868,4,C(1868; 1; 94; 204; 901),8,5.716122121049812,7472
1868,4,C(1868; 1; 176; 450; 651),8,5.716122121049812,7472
