N,K,S,diameter,averageShortestPathLength,edges
1644,4,C(1644; 1; 26; 165; 289),8,5.516129032258065,6576
1644,4,C(1644; 1; 285; 347; 802),8,5.516129032258065,6576
