N,K,S,diameter,averageShortestPathLength,edges
1128,4,C(1128; 1; 126; 178; 547),7,5.007985803016859,4512
1128,4,C(1128; 1; 258; 365; 454),7,5.007985803016859,4512
