N,K,S,diameter,averageShortestPathLength,edges
1101,4,C(1101; 1; 23; 61; 434),7,4.972727272727273,4404
1101,4,C(1101; 1; 29; 242; 383),7,4.972727272727273,4404
1101,4,C(1101; 1; 38; 241; 388),7,4.972727272727273,4404
1101,4,C(1101; 1; 332; 361; 505),7,4.972727272727273,4404
