N,K,S,diameter,averageShortestPathLength,edges
1982,4,C(1982; 1; 38; 203; 346),8,5.803634528016153,7928
1982,4,C(1982; 1; 506; 537; 586),8,5.803634528016153,7928
