N,K,S,diameter,averageShortestPathLength,edges
1395,4,C(1395; 1; 27; 121; 450),8,5.288378766140602,5580
1395,4,C(1395; 1; 196; 288; 315),8,5.288378766140602,5580
