N,K,S,diameter,averageShortestPathLength,edges
1324,4,C(1324; 1; 173; 626; 642),7,5.219198790627362,5296
1324,4,C(1324; 1; 218; 375; 402),7,5.219198790627362,5296
