N,K,S,diameter,averageShortestPathLength,edges
1736,4,C(1736; 1; 62; 623; 781),8,5.597118155619596,6944
1736,4,C(1736; 1; 77; 429; 558),8,5.597118155619596,6944
