N,K,S,diameter,averageShortestPathLength,edges
1753,4,C(1753; 1; 70; 458; 795),8,5.614155251141552,7012
1753,4,C(1753; 1; 111; 595; 758),8,5.614155251141552,7012
1753,4,C(1753; 1; 274; 613; 838),8,5.614155251141552,7012
1753,4,C(1753; 1; 387; 576; 858),8,5.614155251141552,7012
