N,K,S,diameter,averageShortestPathLength,edges
1985,4,C(1985; 1; 101; 185; 965),8,5.811491935483871,7940
1985,4,C(1985; 1; 118; 368; 949),8,5.811491935483871,7940
1985,4,C(1985; 1; 157; 251; 927),8,5.811491935483871,7940
1985,4,C(1985; 1; 177; 676; 757),8,5.811491935483871,7940
1985,4,C(1985; 1; 178; 197; 831),8,5.811491935483871,7940
1985,4,C(1985; 1; 511; 745; 835),8,5.811491935483871,7940
