N,K,S,diameter,averageShortestPathLength,edges
1707,4,C(1707; 1; 65; 117; 540),8,5.570926143024619,6828
1707,4,C(1707; 1; 123; 604; 681),8,5.570926143024619,6828
