N,K,S,diameter,averageShortestPathLength,edges
1940,4,C(1940; 1; 22; 204; 807),8,5.7746260959257345,7760
1940,4,C(1940; 1; 81; 541; 666),8,5.7746260959257345,7760
1940,4,C(1940; 1; 226; 332; 363),8,5.7746260959257345,7760
1940,4,C(1940; 1; 319; 459; 826),8,5.7746260959257345,7760
1940,4,C(1940; 1; 479; 821; 854),8,5.7746260959257345,7760
