N,K,S,diameter,averageShortestPathLength,edges
1546,4,C(1546; 1; 186; 451; 688),8,5.432362459546925,6184
1546,4,C(1546; 1; 526; 686; 761),8,5.432362459546925,6184
