N,K,S,diameter,averageShortestPathLength,edges
1254,4,C(1254; 1; 102; 387; 619),7,5.144453312051078,5016
1254,4,C(1254; 1; 144; 235; 597),7,5.144453312051078,5016
