N,K,S,diameter,averageShortestPathLength,edges
1613,4,C(1613; 1; 157; 619; 790),8,5.492555831265508,6452
1613,4,C(1613; 1; 158; 186; 782),8,5.492555831265508,6452
1613,4,C(1613; 1; 203; 628; 684),8,5.492555831265508,6452
1613,4,C(1613; 1; 294; 529; 750),8,5.492555831265508,6452
