N,K,S,diameter,averageShortestPathLength,edges
1348,4,C(1348; 1; 57; 138; 290),7,5.242761692650334,5392
1348,4,C(1348; 1; 326; 473; 570),7,5.242761692650334,5392
