N,K,S,diameter,averageShortestPathLength,edges
1572,4,C(1572; 1; 180; 200; 547),8,5.455760661998727,6288
1572,4,C(1572; 1; 319; 652; 744),8,5.455760661998727,6288
