N,K,S,diameter,averageShortestPathLength,edges
1747,4,C(1747; 1; 32; 335; 515),8,5.6139747995418094,6988
1747,4,C(1747; 1; 42; 289; 805),8,5.6139747995418094,6988
1747,4,C(1747; 1; 102; 221; 790),8,5.6139747995418094,6988
1747,4,C(1747; 1; 115; 166; 538),8,5.6139747995418094,6988
1747,4,C(1747; 1; 152; 726; 787),8,5.6139747995418094,6988
1747,4,C(1747; 1; 208; 272; 714),8,5.6139747995418094,6988
1747,4,C(1747; 1; 273; 611; 835),8,5.6139747995418094,6988
1747,4,C(1747; 1; 386; 558; 862),8,5.6139747995418094,6988
