N,K,S,diameter,averageShortestPathLength,edges
1076,4,C(1076; 1; 30; 110; 346),7,4.945116279069768,4304
1076,4,C(1076; 1; 37; 102; 226),7,4.945116279069768,4304
1076,4,C(1076; 1; 90; 326; 349),7,4.945116279069768,4304
