N,K,S,diameter,averageShortestPathLength,edges
1927,4,C(1927; 1; 27; 147; 423),8,5.766355140186916,7708
1927,4,C(1927; 1; 571; 658; 851),8,5.766355140186916,7708
1927,4,C(1927; 1; 603; 705; 865),8,5.766355140186916,7708
