N,K,S,diameter,averageShortestPathLength,edges
1965,4,C(1965; 1; 244; 395; 765),8,5.7922606924643585,7860
1965,4,C(1965; 1; 285; 604; 815),8,5.7922606924643585,7860
