N,K,S,diameter,averageShortestPathLength,edges
1826,4,C(1826; 1; 274; 464; 751),8,5.680547945205479,7304
1826,4,C(1826; 1; 448; 554; 851),8,5.680547945205479,7304
