N,K,S,diameter,averageShortestPathLength,edges
1578,4,C(1578; 1; 63; 408; 740),8,5.465440710209258,6312
1578,4,C(1578; 1; 72; 280; 444),8,5.465440710209258,6312
