N,K,S,diameter,averageShortestPathLength,edges
1027,4,C(1027; 1; 27; 146; 274),7,4.879142300194932,4108
1027,4,C(1027; 1; 38; 142; 413),7,4.879142300194932,4108
1027,4,C(1027; 1; 49; 120; 372),7,4.879142300194932,4108
1027,4,C(1027; 1; 68; 311; 506),7,4.879142300194932,4108
1027,4,C(1027; 1; 202; 233; 503),7,4.879142300194932,4108
1027,4,C(1027; 1; 204; 373; 438),7,4.879142300194932,4108
1027,4,C(1027; 1; 305; 368; 454),7,4.879142300194932,4108
1027,4,C(1027; 1; 431; 450; 483),7,4.879142300194932,4108
