N,K,S,diameter,averageShortestPathLength,edges
1559,4,C(1559; 1; 36; 384; 633),8,5.441591784338896,6236
1559,4,C(1559; 1; 37; 125; 564),8,5.441591784338896,6236
1559,4,C(1559; 1; 449; 536; 678),8,5.441591784338896,6236
1559,4,C(1559; 1; 509; 563; 632),8,5.441591784338896,6236
