N,K,S,diameter,averageShortestPathLength,edges
1949,4,C(1949; 1; 264; 419; 453),8,5.7792607802874745,7796
1949,4,C(1949; 1; 307; 692; 810),8,5.7792607802874745,7796
1949,4,C(1949; 1; 644; 849; 936),8,5.7792607802874745,7796
1949,4,C(1949; 1; 752; 882; 917),8,5.7792607802874745,7796
