N,K,S,diameter,averageShortestPathLength,edges
1157,4,C(1157; 1; 34; 186; 539),7,5.031141868512111,4628
1157,4,C(1157; 1; 34; 249; 367),7,5.031141868512111,4628
