N,K,S,diameter,averageShortestPathLength,edges
1187,4,C(1187; 1; 23; 103; 383),7,5.074198988195615,4748
1187,4,C(1187; 1; 100; 242; 369),7,5.074198988195615,4748
1187,4,C(1187; 1; 158; 273; 406),7,5.074198988195615,4748
1187,4,C(1187; 1; 258; 293; 460),7,5.074198988195615,4748
