N,K,S,diameter,averageShortestPathLength,edges
1890,4,C(1890; 1; 13; 526; 884),8,5.732662784542086,7560
1890,4,C(1890; 1; 68; 622; 727),8,5.732662784542086,7560
1890,4,C(1890; 1; 219; 815; 910),8,5.732662784542086,7560
