N,K,S,diameter,averageShortestPathLength,edges
1745,4,C(1745; 1; 26; 213; 303),8,5.6077981651376145,6980
1745,4,C(1745; 1; 213; 478; 604),8,5.6077981651376145,6980
