N,K,S,diameter,averageShortestPathLength,edges
1250,4,C(1250; 1; 45; 128; 363),7,5.138510808646918,5000
1250,4,C(1250; 1; 344; 427; 465),7,5.138510808646918,5000
