N,K,S,diameter,averageShortestPathLength,edges
1340,4,C(1340; 1; 54; 331; 542),7,5.235250186706497,5360
1340,4,C(1340; 1; 154; 251; 638),7,5.235250186706497,5360
