N,K,S,diameter,averageShortestPathLength,edges
1807,4,C(1807; 1; 49; 110; 593),8,5.663344407530454,7228
1807,4,C(1807; 1; 76; 295; 344),8,5.663344407530454,7228
1807,4,C(1807; 1; 115; 214; 471),8,5.663344407530454,7228
1807,4,C(1807; 1; 232; 401; 424),8,5.663344407530454,7228
1807,4,C(1807; 1; 321; 721; 779),8,5.663344407530454,7228
1807,4,C(1807; 1; 399; 457; 710),8,5.663344407530454,7228
1807,4,C(1807; 1; 438; 508; 553),8,5.663344407530454,7228
1807,4,C(1807; 1; 653; 814; 887),8,5.663344407530454,7228
