N,K,S,diameter,averageShortestPathLength,edges
1582,4,C(1582; 1; 50; 90; 505),8,5.462998102466793,6328
1582,4,C(1582; 1; 307; 470; 736),8,5.462998102466793,6328
