N,K,S,diameter,averageShortestPathLength,edges
1190,4,C(1190; 1; 389; 455; 484),7,5.076534903280067,4760
1190,4,C(1190; 1; 506; 525; 569),7,5.076534903280067,4760
