N,K,S,diameter,averageShortestPathLength,edges
1967,4,C(1967; 1; 47; 524; 690),8,5.796541200406917,7868
1967,4,C(1967; 1; 53; 768; 837),8,5.796541200406917,7868
1967,4,C(1967; 1; 62; 112; 628),8,5.796541200406917,7868
1967,4,C(1967; 1; 191; 233; 858),8,5.796541200406917,7868
1967,4,C(1967; 1; 244; 334; 802),8,5.796541200406917,7868
1967,4,C(1967; 1; 252; 349; 835),8,5.796541200406917,7868
1967,4,C(1967; 1; 711; 808; 952),8,5.796541200406917,7868
