N,K,S,diameter,averageShortestPathLength,edges
1677,4,C(1677; 1; 18; 334; 798),8,5.547732696897374,6708
1677,4,C(1677; 1; 492; 570; 718),8,5.547732696897374,6708
