N,K,S,diameter,averageShortestPathLength,edges
1318,4,C(1318; 1; 62; 324; 553),8,5.217919514047077,5272
1318,4,C(1318; 1; 143; 202; 360),8,5.217919514047077,5272
