N,K,S,diameter,averageShortestPathLength,edges
1398,4,C(1398; 1; 63; 433; 518),8,5.29563350035791,5592
1398,4,C(1398; 1; 113; 129; 182),8,5.29563350035791,5592
