N,K,S,diameter,averageShortestPathLength,edges
1335,4,C(1335; 1; 319; 386; 410),7,5.235382308845577,5340
1335,4,C(1335; 1; 340; 556; 626),7,5.235382308845577,5340
1335,4,C(1335; 1; 449; 470; 611),7,5.235382308845577,5340
