N,K,S,diameter,averageShortestPathLength,edges
1802,4,C(1802; 1; 162; 448; 797),8,5.658523042754026,7208
1802,4,C(1802; 1; 226; 551; 761),8,5.658523042754026,7208
1802,4,C(1802; 1; 251; 453; 864),8,5.658523042754026,7208
1802,4,C(1802; 1; 541; 641; 706),8,5.658523042754026,7208
1802,4,C(1802; 1; 608; 836; 875),8,5.658523042754026,7208
