N,K,S,diameter,averageShortestPathLength,edges
1924,4,C(1924; 1; 54; 372; 567),8,5.760790431617265,7696
1924,4,C(1924; 1; 376; 458; 811),8,5.760790431617265,7696
