N,K,S,diameter,averageShortestPathLength,edges
1462,4,C(1462; 1; 50; 90; 465),8,5.355920602327173,5848
1462,4,C(1462; 1; 236; 371; 456),8,5.355920602327173,5848
