N,K,S,diameter,averageShortestPathLength,edges
1252,4,C(1252; 1; 128; 359; 392),7,5.14308553157474,5008
1252,4,C(1252; 1; 279; 444; 596),7,5.14308553157474,5008
