N,K,S,diameter,averageShortestPathLength,edges
1035,4,C(1035; 1; 18; 406; 470),7,4.891682785299807,4140
1035,4,C(1035; 1; 23; 86; 250),7,4.891682785299807,4140
1035,4,C(1035; 1; 75; 92; 307),7,4.891682785299807,4140
1035,4,C(1035; 1; 118; 465; 506),7,4.891682785299807,4140
1035,4,C(1035; 1; 153; 181; 200),7,4.891682785299807,4140
1035,4,C(1035; 1; 253; 310; 349),7,4.891682785299807,4140
