N,K,S,diameter,averageShortestPathLength,edges
1154,4,C(1154; 1; 19; 255; 326),7,5.039028620988725,4616
1154,4,C(1154; 1; 243; 351; 408),7,5.039028620988725,4616
1154,4,C(1154; 1; 267; 457; 492),7,5.039028620988725,4616
