N,K,S,diameter,averageShortestPathLength,edges
1925,4,C(1925; 1; 14; 537; 901),8,5.762993762993763,7700
1925,4,C(1925; 1; 27; 147; 423),8,5.762993762993763,7700
1925,4,C(1925; 1; 626; 713; 861),8,5.762993762993763,7700
