N,K,S,diameter,averageShortestPathLength,edges
1447,4,C(1447; 1; 91; 551; 565),8,5.343015214384509,5788
1447,4,C(1447; 1; 121; 159; 658),8,5.343015214384509,5788
1447,4,C(1447; 1; 287; 671; 711),8,5.343015214384509,5788
1447,4,C(1447; 1; 486; 521; 583),8,5.343015214384509,5788
