N,K,S,diameter,averageShortestPathLength,edges
1664,4,C(1664; 1; 165; 270; 454),8,5.542393265183404,6656
1664,4,C(1664; 1; 562; 595; 758),8,5.542393265183404,6656
