N,K,S,diameter,averageShortestPathLength,edges
1429,4,C(1429; 1; 52; 298; 630),8,5.323529411764706,5716
1429,4,C(1429; 1; 93; 549; 563),8,5.323529411764706,5716
1429,4,C(1429; 1; 177; 379; 687),8,5.323529411764706,5716
1429,4,C(1429; 1; 230; 609; 698),8,5.323529411764706,5716
