N,K,S,diameter,averageShortestPathLength,edges
1103,4,C(1103; 1; 75; 390; 446),7,4.976406533575318,4412
1103,4,C(1103; 1; 97; 250; 436),7,4.976406533575318,4412
1103,4,C(1103; 1; 230; 357; 398),7,4.976406533575318,4412
1103,4,C(1103; 1; 382; 448; 461),7,4.976406533575318,4412
