N,K,S,diameter,averageShortestPathLength,edges
1556,4,C(1556; 1; 60; 452; 699),8,5.441157556270096,6224
1556,4,C(1556; 1; 325; 636; 728),8,5.441157556270096,6224
