N,K,S,diameter,averageShortestPathLength,edges
1509,4,C(1509; 1; 26; 149; 335),8,5.404509283819628,6036
1509,4,C(1509; 1; 43; 145; 500),8,5.404509283819628,6036
1509,4,C(1509; 1; 58; 187; 412),8,5.404509283819628,6036
1509,4,C(1509; 1; 137; 152; 386),8,5.404509283819628,6036
1509,4,C(1509; 1; 287; 335; 685),8,5.404509283819628,6036
1509,4,C(1509; 1; 304; 476; 494),8,5.404509283819628,6036
1509,4,C(1509; 1; 500; 559; 581),8,5.404509283819628,6036
1509,4,C(1509; 1; 614; 673; 749),8,5.404509283819628,6036
