N,K,S,diameter,averageShortestPathLength,edges
1303,4,C(1303; 1; 100; 164; 343),7,5.202764976958525,5212
1303,4,C(1303; 1; 158; 251; 430),7,5.202764976958525,5212
1303,4,C(1303; 1; 255; 353; 642),7,5.202764976958525,5212
1303,4,C(1303; 1; 419; 580; 635),7,5.202764976958525,5212
