N,K,S,diameter,averageShortestPathLength,edges
1958,4,C(1958; 1; 42; 283; 593),8,5.789984670413899,7832
1958,4,C(1958; 1; 175; 482; 575),8,5.789984670413899,7832
1958,4,C(1958; 1; 498; 521; 851),8,5.789984670413899,7832
