N,K,S,diameter,averageShortestPathLength,edges
1415,4,C(1415; 1; 143; 548; 645),8,5.306930693069307,5660
1415,4,C(1415; 1; 173; 200; 684),8,5.306930693069307,5660
1415,4,C(1415; 1; 188; 271; 430),8,5.306930693069307,5660
