N,K,S,diameter,averageShortestPathLength,edges
1980,4,C(1980; 1; 323; 386; 528),8,5.805457301667509,7920
1980,4,C(1980; 1; 613; 924; 982),8,5.805457301667509,7920
