N,K,S,diameter,averageShortestPathLength,edges
1237,4,C(1237; 1; 25; 136; 255),7,5.134304207119741,4948
1237,4,C(1237; 1; 83; 228; 485),7,5.134304207119741,4948
1237,4,C(1237; 1; 99; 143; 505),7,5.134304207119741,4948
1237,4,C(1237; 1; 173; 191; 462),7,5.134304207119741,4948
