N,K,S,diameter,averageShortestPathLength,edges
1549,4,C(1549; 1; 78; 261; 458),8,5.437984496124031,6196
1549,4,C(1549; 1; 81; 146; 416),8,5.437984496124031,6196
1549,4,C(1549; 1; 139; 153; 652),8,5.437984496124031,6196
1549,4,C(1549; 1; 273; 392; 435),8,5.437984496124031,6196
