N,K,S,diameter,averageShortestPathLength,edges
1516,4,C(1516; 1; 68; 302; 695),8,5.405280528052805,6064
1516,4,C(1516; 1; 373; 408; 462),8,5.405280528052805,6064
