N,K,S,diameter,averageShortestPathLength,edges
1713,4,C(1713; 1; 38; 289; 699),8,5.581775700934579,6852
1713,4,C(1713; 1; 45; 326; 397),8,5.581775700934579,6852
1713,4,C(1713; 1; 207; 233; 586),8,5.581775700934579,6852
