N,K,S,diameter,averageShortestPathLength,edges
1104,4,C(1104; 1; 14; 199; 485),7,4.9773345421577515,4416
1104,4,C(1104; 1; 50; 233; 397),7,4.9773345421577515,4416
1104,4,C(1104; 1; 173; 203; 214),7,4.9773345421577515,4416
