N,K,S,diameter,averageShortestPathLength,edges
1332,4,C(1332; 1; 38; 138; 500),7,5.229151014274981,5328
1332,4,C(1332; 1; 260; 375; 598),7,5.229151014274981,5328
