N,K,S,diameter,averageShortestPathLength,edges
1532,4,C(1532; 1; 50; 90; 533),8,5.423252775963423,6128
1532,4,C(1532; 1; 503; 638; 690),8,5.423252775963423,6128
