N,K,S,diameter,averageShortestPathLength,edges
1645,4,C(1645; 1; 262; 380; 435),8,5.523114355231144,6580
1645,4,C(1645; 1; 383; 460; 780),8,5.523114355231144,6580
