N,K,S,diameter,averageShortestPathLength,edges
1859,4,C(1859; 1; 86; 156; 374),8,5.706135629709365,7436
1859,4,C(1859; 1; 281; 780; 869),8,5.706135629709365,7436
