N,K,S,diameter,averageShortestPathLength,edges
1346,4,C(1346; 1; 107; 487; 506),8,5.243122676579926,5384
1346,4,C(1346; 1; 199; 243; 256),8,5.243122676579926,5384
1346,4,C(1346; 1; 206; 239; 637),8,5.243122676579926,5384
