N,K,S,diameter,averageShortestPathLength,edges
1380,4,C(1380; 1; 24; 107; 305),7,5.2770123277737495,5520
1380,4,C(1380; 1; 235; 348; 503),7,5.2770123277737495,5520
