N,K,S,diameter,averageShortestPathLength,edges
1881,4,C(1881; 1; 27; 239; 363),8,5.723404255319149,7524
1881,4,C(1881; 1; 33; 189; 425),8,5.723404255319149,7524
