N,K,S,diameter,averageShortestPathLength,edges
1604,4,C(1604; 1; 140; 240; 553),8,5.479101684341859,6416
1604,4,C(1604; 1; 284; 525; 716),8,5.479101684341859,6416
