N,K,S,diameter,averageShortestPathLength,edges
1468,4,C(1468; 1; 90; 282; 675),8,5.3640081799591,5872
1468,4,C(1468; 1; 98; 311; 378),8,5.3640081799591,5872
1468,4,C(1468; 1; 141; 205; 392),8,5.3640081799591,5872
1468,4,C(1468; 1; 177; 388; 415),8,5.3640081799591,5872
1468,4,C(1468; 1; 237; 528; 623),8,5.3640081799591,5872
