N,K,S,diameter,averageShortestPathLength,edges
1662,4,C(1662; 1; 160; 558; 578),8,5.541240216736906,6648
1662,4,C(1662; 1; 345; 478; 736),8,5.541240216736906,6648
