N,K,S,diameter,averageShortestPathLength,edges
1931,4,C(1931; 1; 319; 346; 393),8,5.76580310880829,7724
1931,4,C(1931; 1; 373; 509; 586),8,5.76580310880829,7724
1931,4,C(1931; 1; 454; 673; 770),8,5.76580310880829,7724
1931,4,C(1931; 1; 511; 805; 846),8,5.76580310880829,7724
