N,K,S,diameter,averageShortestPathLength,edges
1280,4,C(1280; 1; 331; 462; 602),7,5.17982799061767,5120
1280,4,C(1280; 1; 462; 598; 611),7,5.17982799061767,5120
