N,K,S,diameter,averageShortestPathLength,edges
1695,4,C(1695; 1; 189; 554; 637),8,5.569067296340023,6780
1695,4,C(1695; 1; 291; 353; 719),8,5.569067296340023,6780
1695,4,C(1695; 1; 295; 506; 528),8,5.569067296340023,6780
1695,4,C(1695; 1; 463; 557; 633),8,5.569067296340023,6780
1695,4,C(1695; 1; 560; 738; 814),8,5.569067296340023,6780
