N,K,S,diameter,averageShortestPathLength,edges
1748,4,C(1748; 1; 43; 196; 403),8,5.611333714939897,6992
1748,4,C(1748; 1; 160; 347; 811),8,5.611333714939897,6992
1748,4,C(1748; 1; 280; 763; 813),8,5.611333714939897,6992
