N,K,S,diameter,averageShortestPathLength,edges
1871,4,C(1871; 1; 17; 516; 716),8,5.721925133689839,7484
1871,4,C(1871; 1; 27; 433; 554),8,5.721925133689839,7484
1871,4,C(1871; 1; 95; 350; 684),8,5.721925133689839,7484
1871,4,C(1871; 1; 110; 178; 630),8,5.721925133689839,7484
1871,4,C(1871; 1; 260; 564; 889),8,5.721925133689839,7484
1871,4,C(1871; 1; 358; 473; 501),8,5.721925133689839,7484
1871,4,C(1871; 1; 367; 693; 709),8,5.721925133689839,7484
1871,4,C(1871; 1; 422; 475; 591),8,5.721925133689839,7484
