N,K,S,diameter,averageShortestPathLength,edges
1530,4,C(1530; 1; 46; 271; 528),8,5.417920209287116,6120
1530,4,C(1530; 1; 226; 271; 732),8,5.417920209287116,6120
