N,K,S,diameter,averageShortestPathLength,edges
1977,4,C(1977; 1; 108; 231; 530),8,5.798582995951417,7908
1977,4,C(1977; 1; 235; 321; 906),8,5.798582995951417,7908
