N,K,S,diameter,averageShortestPathLength,edges
1989,4,C(1989; 1; 126; 675; 860),8,5.814889336016097,7956
1989,4,C(1989; 1; 171; 488; 774),8,5.814889336016097,7956
1989,4,C(1989; 1; 258; 494; 901),8,5.814889336016097,7956
