N,K,S,diameter,averageShortestPathLength,edges
1473,4,C(1473; 1; 35; 272; 358),8,5.365489130434782,5892
1473,4,C(1473; 1; 112; 142; 328),8,5.365489130434782,5892
1473,4,C(1473; 1; 229; 355; 695),8,5.365489130434782,5892
1473,4,C(1473; 1; 238; 434; 529),8,5.365489130434782,5892
1473,4,C(1473; 1; 247; 278; 323),8,5.365489130434782,5892
1473,4,C(1473; 1; 284; 539; 692),8,5.365489130434782,5892
1473,4,C(1473; 1; 352; 536; 662),8,5.365489130434782,5892
1473,4,C(1473; 1; 371; 389; 505),8,5.365489130434782,5892
