N,K,S,diameter,averageShortestPathLength,edges
1545,4,C(1545; 1; 61; 330; 522),8,5.432642487046632,6180
1545,4,C(1545; 1; 76; 360; 498),8,5.432642487046632,6180
