N,K,S,diameter,averageShortestPathLength,edges
1794,4,C(1794; 1; 190; 291; 357),8,5.653653095370887,7176
1794,4,C(1794; 1; 465; 759; 818),8,5.653653095370887,7176
