N,K,S,diameter,averageShortestPathLength,edges
1988,4,C(1988; 1; 314; 701; 918),8,5.8102667337695015,7952
1988,4,C(1988; 1; 363; 666; 750),8,5.8102667337695015,7952
