N,K,S,diameter,averageShortestPathLength,edges
1458,4,C(1458; 1; 17; 401; 558),8,5.351407000686342,5832
1458,4,C(1458; 1; 343; 396; 491),8,5.351407000686342,5832
1458,4,C(1458; 1; 389; 504; 709),8,5.351407000686342,5832
