N,K,S,diameter,averageShortestPathLength,edges
1355,4,C(1355; 1; 26; 165; 289),7,5.2466765140324965,5420
1355,4,C(1355; 1; 41; 150; 469),7,5.2466765140324965,5420
1355,4,C(1355; 1; 235; 286; 661),7,5.2466765140324965,5420
