N,K,S,diameter,averageShortestPathLength,edges
1073,4,C(1073; 1; 14; 407; 486),7,4.936567164179104,4292
1073,4,C(1073; 1; 29; 106; 370),7,4.936567164179104,4292
1073,4,C(1073; 1; 29; 151; 222),7,4.936567164179104,4292
1073,4,C(1073; 1; 37; 348; 469),7,4.936567164179104,4292
1073,4,C(1073; 1; 37; 435; 496),7,4.936567164179104,4292
1073,4,C(1073; 1; 170; 234; 518),7,4.936567164179104,4292
1073,4,C(1073; 1; 188; 230; 259),7,4.936567164179104,4292
