N,K,S,diameter,averageShortestPathLength,edges
1998,4,C(1998; 1; 268; 563; 946),8,5.821732598898348,7992
1998,4,C(1998; 1; 520; 688; 763),8,5.821732598898348,7992
