N,K,S,diameter,averageShortestPathLength,edges
1221,4,C(1221; 1; 29; 95; 361),7,5.111475409836066,4884
1221,4,C(1221; 1; 37; 392; 530),7,5.111475409836066,4884
1221,4,C(1221; 1; 64; 115; 328),7,5.111475409836066,4884
1221,4,C(1221; 1; 182; 526; 592),7,5.111475409836066,4884
1221,4,C(1221; 1; 190; 296; 578),7,5.111475409836066,4884
1221,4,C(1221; 1; 248; 437; 463),7,5.111475409836066,4884
1221,4,C(1221; 1; 298; 421; 577),7,5.111475409836066,4884
