N,K,S,diameter,averageShortestPathLength,edges
1514,4,C(1514; 1; 42; 365; 482),8,5.403172504957039,6056
1514,4,C(1514; 1; 260; 676; 701),8,5.403172504957039,6056
