N,K,S,diameter,averageShortestPathLength,edges
1019,4,C(1019; 1; 67; 125; 281),7,4.868369351669941,4076
1019,4,C(1019; 1; 230; 354; 365),7,4.868369351669941,4076
1019,4,C(1019; 1; 308; 330; 490),7,4.868369351669941,4076
1019,4,C(1019; 1; 350; 375; 418),7,4.868369351669941,4076
