N,K,S,diameter,averageShortestPathLength,edges
1744,4,C(1744; 1; 144; 244; 602),8,5.608146873207114,6976
1744,4,C(1744; 1; 158; 178; 742),8,5.608146873207114,6976
