N,K,S,diameter,averageShortestPathLength,edges
1945,4,C(1945; 1; 50; 726; 865),8,5.779835390946502,7780
1945,4,C(1945; 1; 94; 213; 229),8,5.779835390946502,7780
1945,4,C(1945; 1; 269; 639; 892),8,5.779835390946502,7780
1945,4,C(1945; 1; 282; 347; 447),8,5.779835390946502,7780
1945,4,C(1945; 1; 320; 375; 576),8,5.779835390946502,7780
1945,4,C(1945; 1; 654; 738; 764),8,5.779835390946502,7780
