N,K,S,diameter,averageShortestPathLength,edges
1584,4,C(1584; 1; 499; 567; 728),8,5.469993682880607,6336
1584,4,C(1584; 1; 619; 675; 776),8,5.469993682880607,6336
