N,K,S,diameter,averageShortestPathLength,edges
1612,4,C(1612; 1; 27; 166; 266),8,5.495344506517691,6448
1612,4,C(1612; 1; 597; 770; 786),8,5.495344506517691,6448
