N,K,S,diameter,averageShortestPathLength,edges
1647,4,C(1647; 1; 27; 198; 470),8,5.522478736330498,6588
1647,4,C(1647; 1; 410; 459; 477),8,5.522478736330498,6588
