N,K,S,diameter,averageShortestPathLength,edges
1365,4,C(1365; 1; 86; 197; 525),8,5.258064516129032,5460
1365,4,C(1365; 1; 97; 152; 420),8,5.258064516129032,5460
1365,4,C(1365; 1; 105; 458; 619),8,5.258064516129032,5460
