N,K,S,diameter,averageShortestPathLength,edges
1777,4,C(1777; 1; 119; 702; 737),8,5.637387387387387,7108
1777,4,C(1777; 1; 173; 224; 872),8,5.637387387387387,7108
1777,4,C(1777; 1; 217; 488; 832),8,5.637387387387387,7108
1777,4,C(1777; 1; 377; 528; 848),8,5.637387387387387,7108
