N,K,S,diameter,averageShortestPathLength,edges
1204,4,C(1204; 1; 84; 370; 483),7,5.092269326683292,4816
1204,4,C(1204; 1; 342; 532; 553),7,5.092269326683292,4816
