N,K,S,diameter,averageShortestPathLength,edges
1383,4,C(1383; 1; 75; 135; 427),7,5.276410998552822,5532
1383,4,C(1383; 1; 126; 531; 583),7,5.276410998552822,5532
