N,K,S,diameter,averageShortestPathLength,edges
1631,4,C(1631; 1; 69; 167; 351),8,5.507975460122699,6524
1631,4,C(1631; 1; 76; 260; 617),8,5.507975460122699,6524
1631,4,C(1631; 1; 90; 293; 645),8,5.507975460122699,6524
1631,4,C(1631; 1; 279; 743; 776),8,5.507975460122699,6524
