N,K,S,diameter,averageShortestPathLength,edges
1891,4,C(1891; 1; 158; 676; 713),8,5.737566137566137,7564
1891,4,C(1891; 1; 227; 279; 637),8,5.737566137566137,7564
1891,4,C(1891; 1; 547; 651; 933),8,5.737566137566137,7564
1891,4,C(1891; 1; 558; 754; 866),8,5.737566137566137,7564
1891,4,C(1891; 1; 620; 662; 885),8,5.737566137566137,7564
1891,4,C(1891; 1; 666; 842; 899),8,5.737566137566137,7564
