N,K,S,diameter,averageShortestPathLength,edges
1227,4,C(1227; 1; 121; 347; 542),7,5.1190864600326265,4908
1227,4,C(1227; 1; 299; 442; 506),7,5.1190864600326265,4908
1227,4,C(1227; 1; 391; 565; 578),7,5.1190864600326265,4908
1227,4,C(1227; 1; 532; 554; 568),7,5.1190864600326265,4908
