N,K,S,diameter,averageShortestPathLength,edges
1292,4,C(1292; 1; 14; 366; 480),7,5.189775367931836,5168
1292,4,C(1292; 1; 83; 363; 510),7,5.189775367931836,5168
1292,4,C(1292; 1; 269; 442; 467),7,5.189775367931836,5168
1292,4,C(1292; 1; 317; 541; 578),7,5.189775367931836,5168
