N,K,S,diameter,averageShortestPathLength,edges
1167,4,C(1167; 1; 15; 206; 334),7,5.0531732418524875,4668
1167,4,C(1167; 1; 17; 157; 255),7,5.0531732418524875,4668
1167,4,C(1167; 1; 223; 290; 318),7,5.0531732418524875,4668
