N,K,S,diameter,averageShortestPathLength,edges
1719,4,C(1719; 1; 27; 148; 558),8,5.5867287543655415,6876
1719,4,C(1719; 1; 27; 151; 639),8,5.5867287543655415,6876
1719,4,C(1719; 1; 42; 110; 690),8,5.5867287543655415,6876
1719,4,C(1719; 1; 150; 797; 813),8,5.5867287543655415,6876
