N,K,S,diameter,averageShortestPathLength,edges
1033,4,C(1033; 1; 75; 233; 355),7,4.883720930232558,4132
1033,4,C(1033; 1; 133; 303; 355),7,4.883720930232558,4132
