N,K,S,diameter,averageShortestPathLength,edges
1111,4,C(1111; 1; 17; 79; 325),7,4.985585585585586,4444
1111,4,C(1111; 1; 70; 196; 373),7,4.985585585585586,4444
1111,4,C(1111; 1; 201; 225; 492),7,4.985585585585586,4444
1111,4,C(1111; 1; 304; 417; 482),7,4.985585585585586,4444
