N,K,S,diameter,averageShortestPathLength,edges
1587,4,C(1587; 1; 48; 306; 581),8,5.465321563682219,6348
1587,4,C(1587; 1; 123; 189; 295),8,5.465321563682219,6348
