N,K,S,diameter,averageShortestPathLength,edges
1635,4,C(1635; 1; 16; 198; 255),8,5.512851897184823,6540
1635,4,C(1635; 1; 192; 495; 511),8,5.512851897184823,6540
