N,K,S,diameter,averageShortestPathLength,edges
1793,4,C(1793; 1; 116; 485; 641),8,5.651785714285714,7172
1793,4,C(1793; 1; 122; 192; 690),8,5.651785714285714,7172
1793,4,C(1793; 1; 218; 356; 400),8,5.651785714285714,7172
1793,4,C(1793; 1; 541; 607; 732),8,5.651785714285714,7172
