N,K,S,diameter,averageShortestPathLength,edges
1300,4,C(1300; 1; 86; 291; 568),7,5.196304849884527,5200
1300,4,C(1300; 1; 246; 411; 552),7,5.196304849884527,5200
