N,K,S,diameter,averageShortestPathLength,edges
1492,4,C(1492; 1; 158; 242; 297),8,5.380952380952381,5968
1492,4,C(1492; 1; 326; 386; 427),8,5.380952380952381,5968
