N,K,S,diameter,averageShortestPathLength,edges
1991,4,C(1991; 1; 72; 674; 948),8,5.8160804020100505,7964
1991,4,C(1991; 1; 257; 585; 734),8,5.8160804020100505,7964
1991,4,C(1991; 1; 345; 599; 636),8,5.8160804020100505,7964
1991,4,C(1991; 1; 756; 887; 985),8,5.8160804020100505,7964
