N,K,S,diameter,averageShortestPathLength,edges
1068,4,C(1068; 1; 22; 98; 401),7,4.933458294283037,4272
1068,4,C(1068; 1; 51; 376; 450),7,4.933458294283037,4272
1068,4,C(1068; 1; 69; 454; 513),7,4.933458294283037,4272
1068,4,C(1068; 1; 106; 118; 194),7,4.933458294283037,4272
1068,4,C(1068; 1; 269; 338; 490),7,4.933458294283037,4272
