N,K,S,diameter,averageShortestPathLength,edges
1472,4,C(1472; 1; 54; 170; 204),8,5.364377974167233,5888
1472,4,C(1472; 1; 277; 326; 521),8,5.364377974167233,5888
1472,4,C(1472; 1; 365; 426; 647),8,5.364377974167233,5888
1472,4,C(1472; 1; 594; 613; 643),8,5.364377974167233,5888
