N,K,S,diameter,averageShortestPathLength,edges
1743,4,C(1743; 1; 18; 173; 665),8,5.606199770378875,6972
1743,4,C(1743; 1; 282; 403; 427),8,5.606199770378875,6972
