N,K,S,diameter,averageShortestPathLength,edges
1535,4,C(1535; 1; 67; 190; 342),8,5.421121251629726,6140
1535,4,C(1535; 1; 170; 193; 651),8,5.421121251629726,6140
1535,4,C(1535; 1; 224; 252; 295),8,5.421121251629726,6140
