N,K,S,diameter,averageShortestPathLength,edges
1453,4,C(1453; 1; 15; 446; 641),8,5.349862258953168,5812
1453,4,C(1453; 1; 34; 510; 634),8,5.349862258953168,5812
1453,4,C(1453; 1; 52; 294; 668),8,5.349862258953168,5812
1453,4,C(1453; 1; 111; 583; 598),8,5.349862258953168,5812
1453,4,C(1453; 1; 144; 322; 385),8,5.349862258953168,5812
1453,4,C(1453; 1; 151; 164; 678),8,5.349862258953168,5812
1453,4,C(1453; 1; 162; 475; 546),8,5.349862258953168,5812
1453,4,C(1453; 1; 505; 518; 699),8,5.349862258953168,5812
