N,K,S,diameter,averageShortestPathLength,edges
1803,4,C(1803; 1; 117; 170; 777),8,5.659267480577136,7212
1803,4,C(1803; 1; 303; 350; 519),8,5.659267480577136,7212
