N,K,S,diameter,averageShortestPathLength,edges
1529,4,C(1529; 1; 60; 517; 728),8,5.414921465968586,6116
1529,4,C(1529; 1; 77; 630; 754),8,5.414921465968586,6116
1529,4,C(1529; 1; 187; 216; 739),8,5.414921465968586,6116
