N,K,S,diameter,averageShortestPathLength,edges
1946,4,C(1946; 1; 36; 190; 437),8,5.780462724935733,7784
1946,4,C(1946; 1; 285; 338; 530),8,5.780462724935733,7784
