N,K,S,diameter,averageShortestPathLength,edges
1091,4,C(1091; 1; 34; 92; 234),7,4.963302752293578,4364
1091,4,C(1091; 1; 56; 256; 331),7,4.963302752293578,4364
1091,4,C(1091; 1; 83; 216; 451),7,4.963302752293578,4364
1091,4,C(1091; 1; 205; 298; 359),7,4.963302752293578,4364
1091,4,C(1091; 1; 254; 314; 353),7,4.963302752293578,4364
1091,4,C(1091; 1; 310; 482; 501),7,4.963302752293578,4364
1091,4,C(1091; 1; 378; 443; 456),7,4.963302752293578,4364
1091,4,C(1091; 1; 454; 463; 526),7,4.963302752293578,4364
