N,K,S,diameter,averageShortestPathLength,edges
1295,4,C(1295; 1; 77; 241; 294),7,5.188562596599691,5180
1295,4,C(1295; 1; 329; 446; 623),7,5.188562596599691,5180
