N,K,S,diameter,averageShortestPathLength,edges
1831,4,C(1831; 1; 22; 194; 461),8,5.684153005464481,7324
1831,4,C(1831; 1; 170; 840; 899),8,5.684153005464481,7324
1831,4,C(1831; 1; 222; 282; 711),8,5.684153005464481,7324
1831,4,C(1831; 1; 657; 749; 770),8,5.684153005464481,7324
