N,K,S,diameter,averageShortestPathLength,edges
1789,4,C(1789; 1; 21; 93; 762),8,5.648769574944072,7156
1789,4,C(1789; 1; 54; 345; 655),8,5.648769574944072,7156
1789,4,C(1789; 1; 76; 272; 675),8,5.648769574944072,7156
1789,4,C(1789; 1; 90; 337; 705),8,5.648769574944072,7156
1789,4,C(1789; 1; 260; 426; 803),8,5.648769574944072,7156
1789,4,C(1789; 1; 306; 815; 851),8,5.648769574944072,7156
1789,4,C(1789; 1; 430; 658; 809),8,5.648769574944072,7156
1789,4,C(1789; 1; 643; 731; 750),8,5.648769574944072,7156
