N,K,S,diameter,averageShortestPathLength,edges
1975,4,C(1975; 1; 105; 167; 405),8,5.803444782168186,7900
1975,4,C(1975; 1; 272; 440; 910),8,5.803444782168186,7900
