N,K,S,diameter,averageShortestPathLength,edges
1795,4,C(1795; 1; 82; 485; 521),8,5.6521739130434785,7180
1795,4,C(1795; 1; 106; 587; 666),8,5.6521739130434785,7180
1795,4,C(1795; 1; 113; 254; 434),8,5.6521739130434785,7180
1795,4,C(1795; 1; 197; 322; 410),8,5.6521739130434785,7180
1795,4,C(1795; 1; 258; 413; 792),8,5.6521739130434785,7180
1795,4,C(1795; 1; 262; 280; 441),8,5.6521739130434785,7180
1795,4,C(1795; 1; 327; 426; 504),8,5.6521739130434785,7180
