N,K,S,diameter,averageShortestPathLength,edges
1909,4,C(1909; 1; 79; 736; 787),8,5.749475890985325,7636
1909,4,C(1909; 1; 145; 184; 425),8,5.749475890985325,7636
1909,4,C(1909; 1; 274; 359; 782),8,5.749475890985325,7636
