N,K,S,diameter,averageShortestPathLength,edges
1115,4,C(1115; 1; 81; 106; 250),7,4.991023339317774,4460
1115,4,C(1115; 1; 234; 274; 520),7,4.991023339317774,4460
1115,4,C(1115; 1; 284; 360; 411),7,4.991023339317774,4460
