N,K,S,diameter,averageShortestPathLength,edges
1621,4,C(1621; 1; 31; 166; 283),8,5.48641975308642,6484
1621,4,C(1621; 1; 166; 366; 779),8,5.48641975308642,6484
