N,K,S,diameter,averageShortestPathLength,edges
1718,4,C(1718; 1; 75; 192; 360),8,5.5824111822947,6872
1718,4,C(1718; 1; 140; 692; 733),8,5.5824111822947,6872
