N,K,S,diameter,averageShortestPathLength,edges
1616,4,C(1616; 1; 38; 314; 411),8,5.495356037151703,6464
1616,4,C(1616; 1; 110; 173; 622),8,5.495356037151703,6464
