N,K,S,diameter,averageShortestPathLength,edges
1181,4,C(1181; 1; 15; 132; 211),7,5.067796610169491,4724
1181,4,C(1181; 1; 51; 140; 403),7,5.067796610169491,4724
1181,4,C(1181; 1; 170; 188; 440),7,5.067796610169491,4724
1181,4,C(1181; 1; 245; 315; 329),7,5.067796610169491,4724
