N,K,S,diameter,averageShortestPathLength,edges
1553,4,C(1553; 1; 36; 479; 616),8,5.436855670103093,6212
1553,4,C(1553; 1; 179; 232; 326),8,5.436855670103093,6212
1553,4,C(1553; 1; 229; 302; 328),8,5.436855670103093,6212
1553,4,C(1553; 1; 415; 590; 605),8,5.436855670103093,6212
