N,K,S,diameter,averageShortestPathLength,edges
1595,4,C(1595; 1; 50; 231; 586),8,5.4818067754077795,6380
1595,4,C(1595; 1; 185; 411; 759),8,5.4818067754077795,6380
