N,K,S,diameter,averageShortestPathLength,edges
1414,4,C(1414; 1; 91; 372; 691),8,5.309978768577495,5656
1414,4,C(1414; 1; 200; 221; 315),8,5.309978768577495,5656
