N,K,S,diameter,averageShortestPathLength,edges
1050,4,C(1050; 1; 136; 158; 353),7,4.909437559580553,4200
1050,4,C(1050; 1; 286; 467; 512),7,4.909437559580553,4200
