N,K,S,diameter,averageShortestPathLength,edges
1970,4,C(1970; 1; 75; 441; 978),8,5.795327577450482,7880
1970,4,C(1970; 1; 172; 295; 679),8,5.795327577450482,7880
