N,K,S,diameter,averageShortestPathLength,edges
1854,4,C(1854; 1; 50; 724; 789),8,5.705882352941177,7416
1854,4,C(1854; 1; 120; 650; 732),8,5.705882352941177,7416
