N,K,S,diameter,averageShortestPathLength,edges
1701,4,C(1701; 1; 131; 204; 570),8,5.567058823529412,6804
1701,4,C(1701; 1; 303; 375; 844),8,5.567058823529412,6804
