N,K,S,diameter,averageShortestPathLength,edges
1512,4,C(1512; 1; 314; 334; 381),8,5.3997352746525475,6048
1512,4,C(1512; 1; 334; 483; 746),8,5.3997352746525475,6048
