N,K,S,diameter,averageShortestPathLength,edges
1379,4,C(1379; 1; 26; 340; 540),8,5.277213352685051,5516
1379,4,C(1379; 1; 53; 93; 339),8,5.277213352685051,5516
1379,4,C(1379; 1; 209; 558; 652),7,5.277213352685051,5516
1379,4,C(1379; 1; 239; 307; 401),7,5.277213352685051,5516
1379,4,C(1379; 1; 240; 256; 309),8,5.277213352685051,5516
1379,4,C(1379; 1; 269; 388; 619),7,5.277213352685051,5516
1379,4,C(1379; 1; 274; 446; 673),7,5.277213352685051,5516
1379,4,C(1379; 1; 404; 430; 653),8,5.277213352685051,5516
