N,K,S,diameter,averageShortestPathLength,edges
1520,4,C(1520; 1; 236; 569; 600),8,5.410796576695194,6080
1520,4,C(1520; 1; 524; 569; 600),8,5.410796576695194,6080
