N,K,S,diameter,averageShortestPathLength,edges
1377,4,C(1377; 1; 23; 342; 486),8,5.273255813953488,5508
1377,4,C(1377; 1; 45; 81; 479),8,5.273255813953488,5508
1377,4,C(1377; 1; 97; 112; 508),7,5.273255813953488,5508
1377,4,C(1377; 1; 133; 155; 653),7,5.273255813953488,5508
1377,4,C(1377; 1; 143; 209; 382),7,5.273255813953488,5508
1377,4,C(1377; 1; 176; 260; 637),7,5.273255813953488,5508
