N,K,S,diameter,averageShortestPathLength,edges
1771,4,C(1771; 1; 140; 224; 827),8,5.628248587570622,7084
1771,4,C(1771; 1; 420; 623; 666),8,5.628248587570622,7084
