N,K,S,diameter,averageShortestPathLength,edges
1933,4,C(1933; 1; 66; 518; 681),8,5.767080745341615,7732
1933,4,C(1933; 1; 125; 205; 429),8,5.767080745341615,7732
1933,4,C(1933; 1; 153; 189; 433),8,5.767080745341615,7732
1933,4,C(1933; 1; 225; 369; 775),8,5.767080745341615,7732
