N,K,S,diameter,averageShortestPathLength,edges
1563,4,C(1563; 1; 32; 557; 723),8,5.449423815620999,6252
1563,4,C(1563; 1; 57; 326; 689),8,5.449423815620999,6252
1563,4,C(1563; 1; 102; 157; 245),8,5.449423815620999,6252
1563,4,C(1563; 1; 275; 324; 578),8,5.449423815620999,6252
1563,4,C(1563; 1; 350; 369; 448),8,5.449423815620999,6252
1563,4,C(1563; 1; 417; 457; 635),8,5.449423815620999,6252
