N,K,S,diameter,averageShortestPathLength,edges
1125,4,C(1125; 1; 116; 382; 410),7,5.00355871886121,4500
1125,4,C(1125; 1; 268; 370; 412),7,5.00355871886121,4500
1125,4,C(1125; 1; 365; 514; 527),7,5.00355871886121,4500
