N,K,S,diameter,averageShortestPathLength,edges
1607,4,C(1607; 1; 108; 569; 766),8,5.491905354919053,6428
1607,4,C(1607; 1; 202; 466; 511),8,5.491905354919053,6428
1607,4,C(1607; 1; 260; 300; 358),8,5.491905354919053,6428
1607,4,C(1607; 1; 372; 456; 513),8,5.491905354919053,6428
