N,K,S,diameter,averageShortestPathLength,edges
1906,4,C(1906; 1; 100; 179; 492),8,5.748556430446194,7624
1906,4,C(1906; 1; 130; 662; 697),8,5.748556430446194,7624
1906,4,C(1906; 1; 258; 410; 443),8,5.748556430446194,7624
1906,4,C(1906; 1; 320; 575; 812),8,5.748556430446194,7624
