N,K,S,diameter,averageShortestPathLength,edges
1419,4,C(1419; 1; 150; 647; 663),8,5.311706629055007,5676
1419,4,C(1419; 1; 193; 249; 570),8,5.311706629055007,5676
