N,K,S,diameter,averageShortestPathLength,edges
1981,4,C(1981; 1; 33; 293; 434),8,5.806060606060606,7924
1981,4,C(1981; 1; 60; 249; 287),8,5.806060606060606,7924
1981,4,C(1981; 1; 541; 749; 764),8,5.806060606060606,7924
