N,K,S,diameter,averageShortestPathLength,edges
1422,4,C(1422; 1; 44; 435; 661),8,5.31667839549613,5688
1422,4,C(1422; 1; 56; 489; 583),8,5.31667839549613,5688
