N,K,S,diameter,averageShortestPathLength,edges
1870,4,C(1870; 1; 110; 702; 891),8,5.718031032637774,7480
1870,4,C(1870; 1; 265; 288; 754),8,5.718031032637774,7480
