N,K,S,diameter,averageShortestPathLength,edges
1216,4,C(1216; 1; 105; 184; 540),7,5.102880658436214,4864
1216,4,C(1216; 1; 359; 392; 516),7,5.102880658436214,4864
