N,K,S,diameter,averageShortestPathLength,edges
1161,4,C(1161; 1; 28; 175; 274),7,5.046551724137931,4644
1161,4,C(1161; 1; 34; 250; 368),7,5.046551724137931,4644
1161,4,C(1161; 1; 52; 135; 441),7,5.046551724137931,4644
1161,4,C(1161; 1; 67; 243; 522),7,5.046551724137931,4644
1161,4,C(1161; 1; 224; 272; 511),7,5.046551724137931,4644
1161,4,C(1161; 1; 239; 284; 539),7,5.046551724137931,4644
