N,K,S,diameter,averageShortestPathLength,edges
1304,4,C(1304; 1; 209; 376; 612),7,5.198772064466615,5216
1304,4,C(1304; 1; 287; 320; 396),7,5.198772064466615,5216
