N,K,S,diameter,averageShortestPathLength,edges
1568,4,C(1568; 1; 41; 349; 540),8,5.449266113592852,6272
1568,4,C(1568; 1; 85; 153; 484),8,5.449266113592852,6272
1568,4,C(1568; 1; 596; 629; 701),8,5.449266113592852,6272
