N,K,S,diameter,averageShortestPathLength,edges
1901,4,C(1901; 1; 34; 660; 836),8,5.743157894736842,7604
1901,4,C(1901; 1; 128; 651; 746),8,5.743157894736842,7604
1901,4,C(1901; 1; 401; 614; 689),8,5.743157894736842,7604
1901,4,C(1901; 1; 615; 870; 914),8,5.743157894736842,7604
