N,K,S,diameter,averageShortestPathLength,edges
1876,4,C(1876; 1; 338; 382; 647),8,5.717866666666667,7504
1876,4,C(1876; 1; 566; 635; 766),8,5.717866666666667,7504
