N,K,S,diameter,averageShortestPathLength,edges
1880,4,C(1880; 1; 67; 96; 664),8,5.724853645556147,7520
1880,4,C(1880; 1; 226; 306; 398),8,5.724853645556147,7520
1880,4,C(1880; 1; 322; 854; 901),8,5.724853645556147,7520
1880,4,C(1880; 1; 477; 672; 888),8,5.724853645556147,7520
1880,4,C(1880; 1; 522; 699; 894),8,5.724853645556147,7520
