N,K,S,diameter,averageShortestPathLength,edges
1941,4,C(1941; 1; 180; 336; 739),8,5.776288659793814,7764
1941,4,C(1941; 1; 218; 420; 510),8,5.776288659793814,7764
