N,K,S,diameter,averageShortestPathLength,edges
1884,4,C(1884; 1; 134; 234; 721),8,5.726500265533723,7536
1884,4,C(1884; 1; 478; 601; 666),8,5.726500265533723,7536
