N,K,S,diameter,averageShortestPathLength,edges
1032,4,C(1032; 1; 106; 173; 440),7,4.886517943743938,4128
1032,4,C(1032; 1; 173; 238; 248),7,4.886517943743938,4128
