N,K,S,diameter,averageShortestPathLength,edges
1386,4,C(1386; 1; 20; 503; 614),7,5.277978339350181,5544
1386,4,C(1386; 1; 146; 631; 646),7,5.277978339350181,5544
