N,K,S,diameter,averageShortestPathLength,edges
1547,4,C(1547; 1; 214; 483; 571),8,5.434670116429495,6188
1547,4,C(1547; 1; 233; 358; 392),8,5.434670116429495,6188
1547,4,C(1547; 1; 511; 600; 713),8,5.434670116429495,6188
