N,K,S,diameter,averageShortestPathLength,edges
1063,4,C(1063; 1; 28; 105; 305),7,4.9246704331450095,4252
1063,4,C(1063; 1; 38; 103; 262),7,4.9246704331450095,4252
1063,4,C(1063; 1; 81; 142; 256),7,4.9246704331450095,4252
1063,4,C(1063; 1; 237; 258; 436),7,4.9246704331450095,4252
