N,K,S,diameter,averageShortestPathLength,edges
1133,4,C(1133; 1; 41; 455; 481),7,5.0159010600706715,4532
1133,4,C(1133; 1; 67; 94; 304),7,5.0159010600706715,4532
1133,4,C(1133; 1; 106; 186; 489),7,5.0159010600706715,4532
1133,4,C(1133; 1; 229; 503; 519),7,5.0159010600706715,4532
