N,K,S,diameter,averageShortestPathLength,edges
1223,4,C(1223; 1; 23; 61; 495),7,5.112929623567921,4892
1223,4,C(1223; 1; 42; 116; 257),7,5.112929623567921,4892
1223,4,C(1223; 1; 109; 138; 319),7,5.112929623567921,4892
1223,4,C(1223; 1; 369; 401; 561),7,5.112929623567921,4892
