N,K,S,diameter,averageShortestPathLength,edges
1096,4,C(1096; 1; 35; 370; 469),7,4.960730593607306,4384
1096,4,C(1096; 1; 49; 437; 518),7,4.960730593607306,4384
1096,4,C(1096; 1; 146; 425; 501),7,4.960730593607306,4384
