N,K,S,diameter,averageShortestPathLength,edges
1579,4,C(1579; 1; 129; 343; 539),8,5.466413181242078,6316
1579,4,C(1579; 1; 224; 267; 295),8,5.466413181242078,6316
1579,4,C(1579; 1; 306; 718; 744),8,5.466413181242078,6316
1579,4,C(1579; 1; 430; 457; 530),8,5.466413181242078,6316
