N,K,S,diameter,averageShortestPathLength,edges
1131,4,C(1131; 1; 32; 87; 455),7,5.010619469026548,4524
1131,4,C(1131; 1; 106; 174; 403),7,5.010619469026548,4524
1131,4,C(1131; 1; 286; 391; 525),7,5.010619469026548,4524
1131,4,C(1131; 1; 350; 528; 559),7,5.010619469026548,4524
