N,K,S,diameter,averageShortestPathLength,edges
1385,4,C(1385; 1; 16; 381; 530),7,5.277456647398844,5540
1385,4,C(1385; 1; 85; 149; 269),7,5.277456647398844,5540
1385,4,C(1385; 1; 140; 409; 606),7,5.277456647398844,5540
