N,K,S,diameter,averageShortestPathLength,edges
1955,4,C(1955; 1; 77; 744; 765),8,5.788126919140225,7820
1955,4,C(1955; 1; 162; 340; 457),8,5.788126919140225,7820
1955,4,C(1955; 1; 233; 276; 800),8,5.788126919140225,7820
1955,4,C(1955; 1; 340; 712; 854),8,5.788126919140225,7820
1955,4,C(1955; 1; 368; 500; 537),8,5.788126919140225,7820
