N,K,S,diameter,averageShortestPathLength,edges
1061,4,C(1061; 1; 47; 181; 214),7,4.9245283018867925,4244
1061,4,C(1061; 1; 49; 140; 158),7,4.9245283018867925,4244
1061,4,C(1061; 1; 144; 371; 471),7,4.9245283018867925,4244
1061,4,C(1061; 1; 170; 306; 498),7,4.9245283018867925,4244
