N,K,S,diameter,averageShortestPathLength,edges
1241,4,C(1241; 1; 178; 232; 511),7,5.138709677419355,4964
1241,4,C(1241; 1; 219; 495; 573),7,5.138709677419355,4964
1241,4,C(1241; 1; 292; 337; 418),7,5.138709677419355,4964
