N,K,S,diameter,averageShortestPathLength,edges
1443,4,C(1443; 1; 97; 304; 441),8,5.338418862690707,5772
1443,4,C(1443; 1; 100; 291; 356),8,5.338418862690707,5772
1443,4,C(1443; 1; 101; 119; 531),8,5.338418862690707,5772
1443,4,C(1443; 1; 135; 642; 680),8,5.338418862690707,5772
1443,4,C(1443; 1; 141; 414; 452),8,5.338418862690707,5772
