N,K,S,diameter,averageShortestPathLength,edges
1715,4,C(1715; 1; 89; 200; 833),8,5.579929988331388,6860
1715,4,C(1715; 1; 501; 588; 730),8,5.579929988331388,6860
