N,K,S,diameter,averageShortestPathLength,edges
1312,4,C(1312; 1; 71; 128; 405),7,5.205949656750572,5248
1312,4,C(1312; 1; 253; 425; 608),7,5.205949656750572,5248
1312,4,C(1312; 1; 288; 363; 541),7,5.205949656750572,5248
