N,K,S,diameter,averageShortestPathLength,edges
1123,4,C(1123; 1; 67; 78; 362),7,5.001782531194296,4492
1123,4,C(1123; 1; 67; 209; 255),7,5.001782531194296,4492
1123,4,C(1123; 1; 72; 235; 332),7,5.001782531194296,4492
1123,4,C(1123; 1; 80; 352; 550),7,5.001782531194296,4492
1123,4,C(1123; 1; 229; 379; 428),7,5.001782531194296,4492
1123,4,C(1123; 1; 286; 360; 537),7,5.001782531194296,4492
1123,4,C(1123; 1; 352; 504; 525),7,5.001782531194296,4492
1123,4,C(1123; 1; 400; 425; 540),7,5.001782531194296,4492
