N,K,S,diameter,averageShortestPathLength,edges
1205,4,C(1205; 1; 314; 390; 436),7,5.093023255813954,4820
1205,4,C(1205; 1; 351; 480; 559),7,5.093023255813954,4820
1205,4,C(1205; 1; 385; 449; 554),7,5.093023255813954,4820
