N,K,S,diameter,averageShortestPathLength,edges
1618,4,C(1618; 1; 50; 495; 752),8,5.492269635126778,6472
1618,4,C(1618; 1; 219; 348; 376),8,5.492269635126778,6472
