N,K,S,diameter,averageShortestPathLength,edges
1973,4,C(1973; 1; 29; 125; 887),8,5.802231237322515,7892
1973,4,C(1973; 1; 31; 198; 347),8,5.802231237322515,7892
1973,4,C(1973; 1; 68; 608; 847),8,5.802231237322515,7892
1973,4,C(1973; 1; 584; 821; 891),8,5.802231237322515,7892
