N,K,S,diameter,averageShortestPathLength,edges
1597,4,C(1597; 1; 40; 309; 407),8,5.476190476190476,6388
1597,4,C(1597; 1; 53; 119; 522),8,5.476190476190476,6388
1597,4,C(1597; 1; 412; 452; 510),8,5.476190476190476,6388
1597,4,C(1597; 1; 429; 519; 671),8,5.476190476190476,6388
