N,K,S,diameter,averageShortestPathLength,edges
1932,4,C(1932; 1; 594; 610; 869),8,5.766442257897462,7728
1932,4,C(1932; 1; 727; 890; 930),8,5.766442257897462,7728
