N,K,S,diameter,averageShortestPathLength,edges
1942,4,C(1942; 1; 186; 527; 952),8,5.776919113858836,7768
1942,4,C(1942; 1; 562; 737; 800),8,5.776919113858836,7768
