N,K,S,diameter,averageShortestPathLength,edges
1026,4,C(1026; 1; 31; 80; 454),7,4.878048780487805,4104
1026,4,C(1026; 1; 44; 63; 454),7,4.878048780487805,4104
1026,4,C(1026; 1; 142; 194; 379),7,4.878048780487805,4104
1026,4,C(1026; 1; 196; 331; 478),7,4.878048780487805,4104
1026,4,C(1026; 1; 346; 379; 466),7,4.878048780487805,4104
