N,K,S,diameter,averageShortestPathLength,edges
1121,4,C(1121; 1; 54; 143; 369),7,4.998214285714286,4484
1121,4,C(1121; 1; 165; 439; 554),7,4.998214285714286,4484
1121,4,C(1121; 1; 180; 231; 519),7,4.998214285714286,4484
1121,4,C(1121; 1; 240; 431; 492),7,4.998214285714286,4484
