N,K,S,diameter,averageShortestPathLength,edges
1586,4,C(1586; 1; 100; 229; 610),8,5.47192429022082,6344
1586,4,C(1586; 1; 122; 187; 332),8,5.47192429022082,6344
