N,K,S,diameter,averageShortestPathLength,edges
1407,4,C(1407; 1; 14; 229; 538),8,5.304409672830725,5628
1407,4,C(1407; 1; 34; 476; 656),8,5.304409672830725,5628
1407,4,C(1407; 1; 301; 311; 682),8,5.304409672830725,5628
