N,K,S,diameter,averageShortestPathLength,edges
1504,4,C(1504; 1; 310; 496; 583),8,5.3938789088489685,6016
1504,4,C(1504; 1; 518; 528; 663),8,5.3938789088489685,6016
