N,K,S,diameter,averageShortestPathLength,edges
1550,4,C(1550; 1; 22; 79; 586),8,5.436410587475791,6200
1550,4,C(1550; 1; 118; 184; 569),8,5.436410587475791,6200
