N,K,S,diameter,averageShortestPathLength,edges
1113,4,C(1113; 1; 70; 257; 476),7,4.987410071942446,4452
1113,4,C(1113; 1; 245; 455; 550),7,4.987410071942446,4452
