N,K,S,diameter,averageShortestPathLength,edges
1943,4,C(1943; 1; 60; 249; 287),8,5.775489186405768,7772
1943,4,C(1943; 1; 93; 361; 421),8,5.775489186405768,7772
1943,4,C(1943; 1; 183; 468; 677),8,5.775489186405768,7772
1943,4,C(1943; 1; 476; 585; 602),8,5.775489186405768,7772
