N,K,S,diameter,averageShortestPathLength,edges
1957,4,C(1957; 1; 45; 335; 590),8,5.788343558282208,7828
1957,4,C(1957; 1; 83; 183; 607),8,5.788343558282208,7828
1957,4,C(1957; 1; 87; 210; 448),8,5.788343558282208,7828
1957,4,C(1957; 1; 438; 524; 923),8,5.788343558282208,7828
