N,K,S,diameter,averageShortestPathLength,edges
1185,4,C(1185; 1; 17; 430; 525),7,5.076013513513513,4740
1185,4,C(1185; 1; 95; 240; 488),7,5.076013513513513,4740
