N,K,S,diameter,averageShortestPathLength,edges
1231,4,C(1231; 1; 26; 379; 532),7,5.126829268292683,4924
1231,4,C(1231; 1; 125; 165; 516),7,5.126829268292683,4924
1231,4,C(1231; 1; 142; 346; 453),7,5.126829268292683,4924
1231,4,C(1231; 1; 406; 523; 567),7,5.126829268292683,4924
