N,K,S,diameter,averageShortestPathLength,edges
1860,4,C(1860; 1; 96; 551; 617),8,5.710059171597633,7440
1860,4,C(1860; 1; 413; 588; 643),8,5.710059171597633,7440
1860,4,C(1860; 1; 593; 611; 864),8,5.710059171597633,7440
