N,K,S,diameter,averageShortestPathLength,edges
1552,4,C(1552; 1; 87; 418; 442),8,5.435203094777563,6208
1552,4,C(1552; 1; 94; 553; 762),8,5.435203094777563,6208
