N,K,S,diameter,averageShortestPathLength,edges
1898,4,C(1898; 1; 466; 869; 892),8,5.740115972588297,7592
1898,4,C(1898; 1; 605; 628; 872),8,5.740115972588297,7592
