N,K,S,diameter,averageShortestPathLength,edges
1785,4,C(1785; 1; 22; 652; 832),8,5.643497757847534,7140
1785,4,C(1785; 1; 104; 167; 286),8,5.643497757847534,7140
1785,4,C(1785; 1; 118; 181; 811),8,5.643497757847534,7140
1785,4,C(1785; 1; 449; 568; 841),8,5.643497757847534,7140
