N,K,S,diameter,averageShortestPathLength,edges
1412,4,C(1412; 1; 84; 144; 557),7,5.303330970942594,5648
1412,4,C(1412; 1; 228; 416; 507),7,5.303330970942594,5648
