N,K,S,diameter,averageShortestPathLength,edges
1558,4,C(1558; 1; 48; 323; 677),8,5.443802183686577,6232
1558,4,C(1558; 1; 133; 642; 695),8,5.443802183686577,6232
