N,K,S,diameter,averageShortestPathLength,edges
1683,4,C(1683; 1; 44; 414; 580),8,5.5505350772889415,6732
1683,4,C(1683; 1; 209; 502; 819),8,5.5505350772889415,6732
