N,K,S,diameter,averageShortestPathLength,edges
1430,4,C(1430; 1; 232; 380; 564),7,5.324002799160252,5720
1430,4,C(1430; 1; 372; 446; 638),7,5.324002799160252,5720
