N,K,S,diameter,averageShortestPathLength,edges
1317,4,C(1317; 1; 117; 429; 529),7,5.218844984802431,5268
1317,4,C(1317; 1; 195; 239; 306),7,5.218844984802431,5268
