N,K,S,diameter,averageShortestPathLength,edges
1882,4,C(1882; 1; 22; 97; 712),8,5.728867623604466,7528
1882,4,C(1882; 1; 97; 252; 570),8,5.728867623604466,7528
