N,K,S,diameter,averageShortestPathLength,edges
1337,4,C(1337; 1; 37; 137; 365),7,5.235029940119761,5348
1337,4,C(1337; 1; 46; 542; 618),7,5.235029940119761,5348
1337,4,C(1337; 1; 173; 527; 556),7,5.235029940119761,5348
1337,4,C(1337; 1; 337; 436; 626),7,5.235029940119761,5348
