N,K,S,diameter,averageShortestPathLength,edges
1435,4,C(1435; 1; 14; 407; 532),8,5.329149232914923,5740
1435,4,C(1435; 1; 159; 253; 627),8,5.329149232914923,5740
1435,4,C(1435; 1; 201; 222; 577),8,5.329149232914923,5740
1435,4,C(1435; 1; 301; 342; 483),8,5.329149232914923,5740
1435,4,C(1435; 1; 317; 363; 564),8,5.329149232914923,5740
1435,4,C(1435; 1; 361; 383; 507),8,5.329149232914923,5740
