N,K,S,diameter,averageShortestPathLength,edges
1400,4,C(1400; 1; 33; 272; 356),7,5.291636883488206,5600
1400,4,C(1400; 1; 297; 416; 668),7,5.291636883488206,5600
