N,K,S,diameter,averageShortestPathLength,edges
1670,4,C(1670; 1; 78; 521; 824),8,5.535650089874176,6680
1670,4,C(1670; 1; 226; 359; 388),8,5.535650089874176,6680
