N,K,S,diameter,averageShortestPathLength,edges
1066,4,C(1066; 1; 83; 388; 522),7,4.929577464788732,4264
1066,4,C(1066; 1; 110; 362; 389),7,4.929577464788732,4264
1066,4,C(1066; 1; 118; 134; 452),7,4.929577464788732,4264
1066,4,C(1066; 1; 232; 285; 436),7,4.929577464788732,4264
1066,4,C(1066; 1; 276; 411; 432),7,4.929577464788732,4264
