N,K,S,diameter,averageShortestPathLength,edges
1310,4,C(1310; 1; 305; 377; 424),7,5.197860962566845,5240
1310,4,C(1310; 1; 432; 483; 595),7,5.197860962566845,5240
