N,K,S,diameter,averageShortestPathLength,edges
1199,4,C(1199; 1; 21; 93; 265),7,5.088480801335559,4796
1199,4,C(1199; 1; 199; 276; 489),7,5.088480801335559,4796
1199,4,C(1199; 1; 241; 347; 571),7,5.088480801335559,4796
1199,4,C(1199; 1; 255; 361; 387),7,5.088480801335559,4796
