N,K,S,diameter,averageShortestPathLength,edges
1454,4,C(1454; 1; 74; 105; 574),8,5.349621472814865,5816
1454,4,C(1454; 1; 110; 416; 584),8,5.349621472814865,5816
1454,4,C(1454; 1; 610; 637; 684),8,5.349621472814865,5816
