N,K,S,diameter,averageShortestPathLength,edges
1321,4,C(1321; 1; 78; 432; 490),7,5.21969696969697,5284
1321,4,C(1321; 1; 202; 323; 370),7,5.21969696969697,5284
1321,4,C(1321; 1; 291; 319; 461),7,5.21969696969697,5284
1321,4,C(1321; 1; 345; 412; 525),7,5.21969696969697,5284
