N,K,S,diameter,averageShortestPathLength,edges
1072,4,C(1072; 1; 38; 88; 235),7,4.939309056956116,4288
1072,4,C(1072; 1; 210; 333; 360),7,4.939309056956116,4288
