N,K,S,diameter,averageShortestPathLength,edges
1962,4,C(1962; 1; 49; 380; 500),8,5.785313615502295,7848
1962,4,C(1962; 1; 190; 248; 961),8,5.785313615502295,7848
