N,K,S,diameter,averageShortestPathLength,edges
1626,4,C(1626; 1; 26; 417; 648),8,5.504615384615384,6504
1626,4,C(1626; 1; 153; 375; 580),8,5.504615384615384,6504
