N,K,S,diameter,averageShortestPathLength,edges
1118,4,C(1118; 1; 102; 118; 282),7,4.995523724261415,4472
1118,4,C(1118; 1; 159; 260; 331),7,4.995523724261415,4472
1118,4,C(1118; 1; 225; 364; 431),7,4.995523724261415,4472
1118,4,C(1118; 1; 345; 364; 483),7,4.995523724261415,4472
