N,K,S,diameter,averageShortestPathLength,edges
1479,4,C(1479; 1; 16; 199; 528),8,5.373477672530447,5916
1479,4,C(1479; 1; 33; 80; 647),8,5.373477672530447,5916
1479,4,C(1479; 1; 129; 602; 721),8,5.373477672530447,5916
