N,K,S,diameter,averageShortestPathLength,edges
1947,4,C(1947; 1; 72; 635; 842),8,5.7831449126413155,7788
1947,4,C(1947; 1; 273; 431; 788),8,5.7831449126413155,7788
1947,4,C(1947; 1; 282; 685; 945),8,5.7831449126413155,7788
1947,4,C(1947; 1; 513; 631; 765),8,5.7831449126413155,7788
1947,4,C(1947; 1; 615; 908; 955),8,5.7831449126413155,7788
