N,K,S,diameter,averageShortestPathLength,edges
1907,4,C(1907; 1; 32; 150; 379),8,5.749213011542498,7628
1907,4,C(1907; 1; 89; 595; 941),8,5.749213011542498,7628
1907,4,C(1907; 1; 298; 429; 839),8,5.749213011542498,7628
1907,4,C(1907; 1; 649; 795; 891),8,5.749213011542498,7628
