N,K,S,diameter,averageShortestPathLength,edges
1863,4,C(1863; 1; 27; 636; 871),8,5.712137486573577,7452
1863,4,C(1863; 1; 77; 216; 534),8,5.712137486573577,7452
1863,4,C(1863; 1; 278; 399; 607),8,5.712137486573577,7452
1863,4,C(1863; 1; 303; 449; 545),8,5.712137486573577,7452
1863,4,C(1863; 1; 335; 488; 903),8,5.712137486573577,7452
