N,K,S,diameter,averageShortestPathLength,edges
1935,4,C(1935; 1; 205; 314; 385),8,5.7683557394002065,7740
1935,4,C(1935; 1; 721; 745; 880),8,5.7683557394002065,7740
