N,K,S,diameter,averageShortestPathLength,edges
1084,4,C(1084; 1; 40; 169; 316),7,4.951061865189289,4336
1084,4,C(1084; 1; 120; 449; 468),7,4.951061865189289,4336
