N,K,S,diameter,averageShortestPathLength,edges
1742,4,C(1742; 1; 202; 560; 675),8,5.605399195864446,6968
1742,4,C(1742; 1; 246; 630; 831),8,5.605399195864446,6968
