N,K,S,diameter,averageShortestPathLength,edges
1336,4,C(1336; 1; 33; 272; 324),7,5.22996254681648,5344
1336,4,C(1336; 1; 81; 476; 656),7,5.22996254681648,5344
