N,K,S,diameter,averageShortestPathLength,edges
1020,4,C(1020; 1; 22; 79; 406),7,4.87144259077527,4080
1020,4,C(1020; 1; 22; 142; 414),7,4.87144259077527,4080
1020,4,C(1020; 1; 200; 236; 463),7,4.87144259077527,4080
1020,4,C(1020; 1; 212; 293; 460),7,4.87144259077527,4080
1020,4,C(1020; 1; 266; 439; 478),7,4.87144259077527,4080
1020,4,C(1020; 1; 334; 378; 410),7,4.87144259077527,4080
