N,K,S,diameter,averageShortestPathLength,edges
1065,4,C(1065; 1; 43; 75; 349),7,4.930451127819549,4260
1065,4,C(1065; 1; 51; 166; 195),7,4.930451127819549,4260
1065,4,C(1065; 1; 52; 165; 296),7,4.930451127819549,4260
1065,4,C(1065; 1; 322; 345; 512),7,4.930451127819549,4260
1065,4,C(1065; 1; 366; 480; 494),7,4.930451127819549,4260
