N,K,S,diameter,averageShortestPathLength,edges
1158,4,C(1158; 1; 148; 170; 389),7,5.035436473638721,4632
1158,4,C(1158; 1; 208; 458; 515),7,5.035436473638721,4632
