N,K,S,diameter,averageShortestPathLength,edges
1122,4,C(1122; 1; 20; 327; 455),7,5.000892060660125,4488
1122,4,C(1122; 1; 74; 114; 200),7,5.000892060660125,4488
1122,4,C(1122; 1; 148; 217; 273),7,5.000892060660125,4488
1122,4,C(1122; 1; 440; 514; 548),7,5.000892060660125,4488
