N,K,S,diameter,averageShortestPathLength,edges
1094,4,C(1094; 1; 21; 112; 191),7,4.966148215919488,4376
1094,4,C(1094; 1; 43; 370; 521),7,4.966148215919488,4376
1094,4,C(1094; 1; 45; 120; 231),7,4.966148215919488,4376
1094,4,C(1094; 1; 51; 166; 195),7,4.966148215919488,4376
1094,4,C(1094; 1; 63; 229; 492),7,4.966148215919488,4376
1094,4,C(1094; 1; 104; 429; 511),7,4.966148215919488,4376
1094,4,C(1094; 1; 151; 362; 389),7,4.966148215919488,4376
1094,4,C(1094; 1; 246; 331; 471),7,4.966148215919488,4376
1094,4,C(1094; 1; 251; 355; 512),7,4.966148215919488,4376
