N,K,S,diameter,averageShortestPathLength,edges
1669,4,C(1669; 1; 119; 565; 758),8,5.5503597122302155,6676
1669,4,C(1669; 1; 145; 357; 561),8,5.5503597122302155,6676
1669,4,C(1669; 1; 187; 240; 411),8,5.5503597122302155,6676
1669,4,C(1669; 1; 564; 601; 706),8,5.5503597122302155,6676
