N,K,S,diameter,averageShortestPathLength,edges
1519,4,C(1519; 1; 33; 120; 555),8,5.407114624505929,6076
1519,4,C(1519; 1; 46; 293; 556),8,5.407114624505929,6076
1519,4,C(1519; 1; 52; 164; 197),8,5.407114624505929,6076
1519,4,C(1519; 1; 418; 519; 565),8,5.407114624505929,6076
