N,K,S,diameter,averageShortestPathLength,edges
1330,4,C(1330; 1; 45; 542; 601),7,5.231753197893153,5320
1330,4,C(1330; 1; 115; 239; 528),7,5.231753197893153,5320
