N,K,S,diameter,averageShortestPathLength,edges
1156,4,C(1156; 1; 224; 361; 388),7,5.0372294372294375,4624
1156,4,C(1156; 1; 260; 285; 396),7,5.0372294372294375,4624
