N,K,S,diameter,averageShortestPathLength,edges
1049,4,C(1049; 1; 33; 88; 282),7,4.908396946564886,4196
1049,4,C(1049; 1; 78; 93; 208),7,4.908396946564886,4196
1049,4,C(1049; 1; 116; 298; 393),7,4.908396946564886,4196
1049,4,C(1049; 1; 347; 390; 445),7,4.908396946564886,4196
