N,K,S,diameter,averageShortestPathLength,edges
1761,4,C(1761; 1; 42; 346; 453),8,5.6238636363636365,7044
1761,4,C(1761; 1; 234; 341; 495),8,5.6238636363636365,7044
