N,K,S,diameter,averageShortestPathLength,edges
1883,4,C(1883; 1; 116; 772; 933),8,5.727948990435706,7532
1883,4,C(1883; 1; 284; 318; 698),8,5.727948990435706,7532
1883,4,C(1883; 1; 463; 789; 886),8,5.727948990435706,7532
1883,4,C(1883; 1; 527; 661; 911),8,5.727948990435706,7532
