N,K,S,diameter,averageShortestPathLength,edges
1117,4,C(1117; 1; 72; 85; 308),7,4.991039426523297,4468
1117,4,C(1117; 1; 78; 92; 411),7,4.991039426523297,4468
1117,4,C(1117; 1; 272; 337; 522),7,4.991039426523297,4468
1117,4,C(1117; 1; 306; 358; 543),7,4.991039426523297,4468
