N,K,S,diameter,averageShortestPathLength,edges
1808,4,C(1808; 1; 83; 320; 353),8,5.6640841173215275,7232
1808,4,C(1808; 1; 331; 501; 592),8,5.6640841173215275,7232
1808,4,C(1808; 1; 579; 752; 799),8,5.6640841173215275,7232
