N,K,S,diameter,averageShortestPathLength,edges
1460,4,C(1460; 1; 78; 400; 627),8,5.355037697052776,5840
1460,4,C(1460; 1; 163; 426; 500),8,5.355037697052776,5840
