N,K,S,diameter,averageShortestPathLength,edges
1327,4,C(1327; 1; 41; 170; 196),7,5.220211161387632,5308
1327,4,C(1327; 1; 121; 318; 413),7,5.220211161387632,5308
1327,4,C(1327; 1; 211; 329; 523),7,5.220211161387632,5308
1327,4,C(1327; 1; 356; 522; 555),7,5.220211161387632,5308
