N,K,S,diameter,averageShortestPathLength,edges
1620,4,C(1620; 1; 31; 234; 603),8,5.496602841260037,6480
1620,4,C(1620; 1; 209; 306; 333),8,5.496602841260037,6480
