N,K,S,diameter,averageShortestPathLength,edges
1823,4,C(1823; 1; 65; 93; 644),8,5.678375411635566,7292
1823,4,C(1823; 1; 66; 617; 868),8,5.678375411635566,7292
1823,4,C(1823; 1; 98; 693; 901),8,5.678375411635566,7292
1823,4,C(1823; 1; 184; 705; 801),8,5.678375411635566,7292
