N,K,S,diameter,averageShortestPathLength,edges
1381,4,C(1381; 1; 57; 448; 531),7,5.276811594202899,5524
1381,4,C(1381; 1; 82; 129; 533),7,5.276811594202899,5524
1381,4,C(1381; 1; 150; 320; 684),7,5.276811594202899,5524
1381,4,C(1381; 1; 182; 267; 336),7,5.276811594202899,5524
