N,K,S,diameter,averageShortestPathLength,edges
1293,4,C(1293; 1; 32; 165; 609),8,5.190402476780186,5172
1293,4,C(1293; 1; 183; 202; 288),8,5.190402476780186,5172
