N,K,S,diameter,averageShortestPathLength,edges
1457,4,C(1457; 1; 64; 141; 247),8,5.354395604395604,5828
1457,4,C(1457; 1; 141; 466; 684),8,5.354395604395604,5828
1457,4,C(1457; 1; 387; 573; 658),8,5.354395604395604,5828
