N,K,S,diameter,averageShortestPathLength,edges
1242,4,C(1242; 1; 47; 272; 305),7,5.134568896051571,4968
1242,4,C(1242; 1; 65; 395; 614),7,5.134568896051571,4968
1242,4,C(1242; 1; 185; 535; 602),7,5.134568896051571,4968
1242,4,C(1242; 1; 266; 382; 582),7,5.134568896051571,4968
