N,K,S,diameter,averageShortestPathLength,edges
1663,4,C(1663; 1; 43; 354; 410),8,5.536702767749699,6652
1663,4,C(1663; 1; 116; 511; 667),8,5.536702767749699,6652
1663,4,C(1663; 1; 202; 330; 371),8,5.536702767749699,6652
1663,4,C(1663; 1; 369; 434; 640),8,5.536702767749699,6652
