N,K,S,diameter,averageShortestPathLength,edges
1248,4,C(1248; 1; 122; 358; 391),7,5.140336808340016,4992
1248,4,C(1248; 1; 202; 233; 278),7,5.140336808340016,4992
