N,K,S,diameter,averageShortestPathLength,edges
1581,4,C(1581; 1; 162; 357; 760),8,5.463291139240506,6324
1581,4,C(1581; 1; 420; 622; 714),8,5.463291139240506,6324
