N,K,S,diameter,averageShortestPathLength,edges
1899,4,C(1899; 1; 40; 681; 854),8,5.742887249736564,7596
1899,4,C(1899; 1; 375; 418; 865),8,5.742887249736564,7596
1899,4,C(1899; 1; 686; 885; 902),8,5.742887249736564,7596
