N,K,S,diameter,averageShortestPathLength,edges
1056,4,C(1056; 1; 89; 122; 314),7,4.917535545023696,4224
1056,4,C(1056; 1; 298; 439; 490),7,4.917535545023696,4224
