N,K,S,diameter,averageShortestPathLength,edges
1526,4,C(1526; 1; 15; 85; 568),8,5.410491803278688,6104
1526,4,C(1526; 1; 102; 133; 350),8,5.410491803278688,6104
1526,4,C(1526; 1; 377; 449; 496),8,5.410491803278688,6104
1526,4,C(1526; 1; 407; 503; 750),8,5.410491803278688,6104
