N,K,S,diameter,averageShortestPathLength,edges
1797,4,C(1797; 1; 43; 618; 797),8,5.6547884187082404,7188
1797,4,C(1797; 1; 45; 348; 458),8,5.6547884187082404,7188
1797,4,C(1797; 1; 111; 274; 794),8,5.6547884187082404,7188
1797,4,C(1797; 1; 239; 348; 505),8,5.6547884187082404,7188
1797,4,C(1797; 1; 525; 616; 765),8,5.6547884187082404,7188
