N,K,S,diameter,averageShortestPathLength,edges
1089,4,C(1089; 1; 134; 380; 394),7,4.955882352941177,4356
1089,4,C(1089; 1; 263; 371; 512),7,4.955882352941177,4356
1089,4,C(1089; 1; 265; 305; 445),7,4.955882352941177,4356
1089,4,C(1089; 1; 427; 499; 532),7,4.955882352941177,4356
