N,K,S,diameter,averageShortestPathLength,edges
1694,4,C(1694; 1; 240; 261; 683),8,5.562315416420555,6776
1694,4,C(1694; 1; 257; 624; 675),8,5.562315416420555,6776
1694,4,C(1694; 1; 332; 439; 613),8,5.562315416420555,6776
