N,K,S,diameter,averageShortestPathLength,edges
1770,4,C(1770; 1; 214; 329; 597),8,5.6308648954211415,7080
1770,4,C(1770; 1; 269; 477; 844),8,5.6308648954211415,7080
