N,K,S,diameter,averageShortestPathLength,edges
1238,4,C(1238; 1; 97; 180; 497),7,5.136620856911883,4952
1238,4,C(1238; 1; 100; 137; 329),7,5.136620856911883,4952
1238,4,C(1238; 1; 365; 485; 598),7,5.136620856911883,4952
