N,K,S,diameter,averageShortestPathLength,edges
1592,4,C(1592; 1; 154; 663; 678),8,5.476429918290384,6368
1592,4,C(1592; 1; 334; 354; 401),8,5.476429918290384,6368
