N,K,S,diameter,averageShortestPathLength,edges
1886,4,C(1886; 1; 88; 303; 422),8,5.731034482758621,7544
1886,4,C(1886; 1; 305; 436; 462),8,5.731034482758621,7544
