N,K,S,diameter,averageShortestPathLength,edges
1960,4,C(1960; 1; 37; 688; 775),8,5.790199081163859,7840
1960,4,C(1960; 1; 53; 85; 776),8,5.790199081163859,7840
