N,K,S,diameter,averageShortestPathLength,edges
1676,4,C(1676; 1; 347; 508; 734),8,5.542089552238806,6704
1676,4,C(1676; 1; 483; 668; 790),8,5.542089552238806,6704
