N,K,S,diameter,averageShortestPathLength,edges
1489,4,C(1489; 1; 21; 97; 613),8,5.377688172043011,5956
1489,4,C(1489; 1; 80; 566; 736),8,5.377688172043011,5956
1489,4,C(1489; 1; 171; 279; 709),8,5.377688172043011,5956
1489,4,C(1489; 1; 307; 491; 577),8,5.377688172043011,5956
