N,K,S,diameter,averageShortestPathLength,edges
1501,4,C(1501; 1; 124; 141; 347),8,5.397333333333333,6004
1501,4,C(1501; 1; 186; 549; 709),8,5.397333333333333,6004
1501,4,C(1501; 1; 230; 257; 592),8,5.397333333333333,6004
1501,4,C(1501; 1; 330; 393; 434),8,5.397333333333333,6004
