N,K,S,diameter,averageShortestPathLength,edges
1984,4,C(1984; 1; 166; 395; 812),8,5.80786686838124,7936
1984,4,C(1984; 1; 198; 420; 563),8,5.80786686838124,7936
1984,4,C(1984; 1; 221; 892; 974),8,5.80786686838124,7936
1984,4,C(1984; 1; 332; 610; 955),8,5.80786686838124,7936
