N,K,S,diameter,averageShortestPathLength,edges
1682,4,C(1682; 1; 41; 268; 786),8,5.553837001784652,6728
1682,4,C(1682; 1; 98; 223; 802),8,5.553837001784652,6728
1682,4,C(1682; 1; 102; 520; 709),8,5.553837001784652,6728
