N,K,S,diameter,averageShortestPathLength,edges
1537,4,C(1537; 1; 52; 238; 492),8,5.423177083333333,6148
1537,4,C(1537; 1; 227; 266; 291),8,5.423177083333333,6148
1537,4,C(1537; 1; 295; 581; 691),8,5.423177083333333,6148
1537,4,C(1537; 1; 325; 378; 719),8,5.423177083333333,6148
