N,K,S,diameter,averageShortestPathLength,edges
1341,4,C(1341; 1; 102; 370; 450),7,5.2388059701492535,5364
1341,4,C(1341; 1; 138; 180; 656),7,5.2388059701492535,5364
