N,K,S,diameter,averageShortestPathLength,edges
1904,4,C(1904; 1; 161; 206; 559),8,5.744613767735155,7616
1904,4,C(1904; 1; 497; 671; 766),8,5.744613767735155,7616
