N,K,S,diameter,averageShortestPathLength,edges
1853,4,C(1853; 1; 104; 266; 778),8,5.706263498920086,7412
1853,4,C(1853; 1; 125; 411; 811),8,5.706263498920086,7412
1853,4,C(1853; 1; 181; 468; 675),8,5.706263498920086,7412
1853,4,C(1853; 1; 196; 252; 542),8,5.706263498920086,7412
1853,4,C(1853; 1; 248; 352; 780),8,5.706263498920086,7412
1853,4,C(1853; 1; 279; 631; 819),8,5.706263498920086,7412
1853,4,C(1853; 1; 396; 417; 571),8,5.706263498920086,7412
1853,4,C(1853; 1; 400; 574; 738),8,5.706263498920086,7412
