N,K,S,diameter,averageShortestPathLength,edges
1776,4,C(1776; 1; 56; 101; 567),8,5.636619718309859,7104
1776,4,C(1776; 1; 211; 616; 645),8,5.636619718309859,7104
