N,K,S,diameter,averageShortestPathLength,edges
1527,4,C(1527; 1; 101; 633; 756),8,5.418086500655308,6108
1527,4,C(1527; 1; 354; 582; 635),8,5.418086500655308,6108
