N,K,S,diameter,averageShortestPathLength,edges
1625,4,C(1625; 1; 19; 162; 619),8,5.504926108374384,6500
1625,4,C(1625; 1; 21; 152; 399),8,5.504926108374384,6500
1625,4,C(1625; 1; 77; 171; 224),8,5.504926108374384,6500
1625,4,C(1625; 1; 588; 612; 652),8,5.504926108374384,6500
