N,K,S,diameter,averageShortestPathLength,edges
1858,4,C(1858; 1; 306; 419; 676),8,5.707592891760905,7432
1858,4,C(1858; 1; 381; 518; 696),8,5.707592891760905,7432
1858,4,C(1858; 1; 439; 516; 558),8,5.707592891760905,7432
1858,4,C(1858; 1; 598; 696; 751),8,5.707592891760905,7432
