N,K,S,diameter,averageShortestPathLength,edges
1733,4,C(1733; 1; 88; 405; 597),8,5.600461893764434,6932
1733,4,C(1733; 1; 184; 595; 669),8,5.600461893764434,6932
1733,4,C(1733; 1; 192; 218; 735),8,5.600461893764434,6932
1733,4,C(1733; 1; 256; 300; 328),8,5.600461893764434,6932
1733,4,C(1733; 1; 285; 410; 738),8,5.600461893764434,6932
1733,4,C(1733; 1; 333; 377; 787),8,5.600461893764434,6932
1733,4,C(1733; 1; 354; 487; 508),8,5.600461893764434,6932
1733,4,C(1733; 1; 410; 695; 739),8,5.600461893764434,6932
