N,K,S,diameter,averageShortestPathLength,edges
1956,4,C(1956; 1; 40; 149; 582),8,5.78772378516624,7824
1956,4,C(1956; 1; 617; 748; 810),8,5.78772378516624,7824
