N,K,S,diameter,averageShortestPathLength,edges
1171,4,C(1171; 1; 22; 489; 525),7,5.056410256410256,4684
1171,4,C(1171; 1; 31; 290; 479),7,5.056410256410256,4684
1171,4,C(1171; 1; 91; 236; 340),7,5.056410256410256,4684
1171,4,C(1171; 1; 319; 521; 571),7,5.056410256410256,4684
