N,K,S,diameter,averageShortestPathLength,edges
1591,4,C(1591; 1; 24; 541; 741),8,5.471698113207547,6364
1591,4,C(1591; 1; 38; 424; 558),8,5.471698113207547,6364
1591,4,C(1591; 1; 73; 161; 282),8,5.471698113207547,6364
1591,4,C(1591; 1; 92; 345; 382),8,5.471698113207547,6364
1591,4,C(1591; 1; 168; 354; 464),8,5.471698113207547,6364
1591,4,C(1591; 1; 294; 394; 653),8,5.471698113207547,6364
1591,4,C(1591; 1; 378; 400; 547),8,5.471698113207547,6364
1591,4,C(1591; 1; 404; 575; 628),8,5.471698113207547,6364
