N,K,S,diameter,averageShortestPathLength,edges
1825,4,C(1825; 1; 51; 454; 527),8,5.678728070175438,7300
1825,4,C(1825; 1; 187; 412; 877),8,5.678728070175438,7300
1825,4,C(1825; 1; 406; 437; 631),8,5.678728070175438,7300
1825,4,C(1825; 1; 501; 598; 671),8,5.678728070175438,7300
