N,K,S,diameter,averageShortestPathLength,edges
1951,4,C(1951; 1; 46; 379; 496),8,5.78051282051282,7804
1951,4,C(1951; 1; 59; 763; 900),8,5.78051282051282,7804
1951,4,C(1951; 1; 119; 583; 721),8,5.78051282051282,7804
1951,4,C(1951; 1; 323; 453; 623),8,5.78051282051282,7804
