N,K,S,diameter,averageShortestPathLength,edges
1351,4,C(1351; 1; 41; 229; 547),7,5.247407407407407,5404
1351,4,C(1351; 1; 59; 151; 283),7,5.247407407407407,5404
1351,4,C(1351; 1; 110; 417; 667),7,5.247407407407407,5404
1351,4,C(1351; 1; 146; 208; 318),7,5.247407407407407,5404
1351,4,C(1351; 1; 170; 526; 573),7,5.247407407407407,5404
1351,4,C(1351; 1; 205; 479; 657),7,5.247407407407407,5404
1351,4,C(1351; 1; 244; 401; 659),7,5.247407407407407,5404
1351,4,C(1351; 1; 402; 635; 669),7,5.247407407407407,5404
