N,K,S,diameter,averageShortestPathLength,edges
1477,4,C(1477; 1; 93; 209; 357),8,5.365853658536586,5908
1477,4,C(1477; 1; 106; 481; 560),8,5.365853658536586,5908
1477,4,C(1477; 1; 270; 304; 385),8,5.365853658536586,5908
