N,K,S,diameter,averageShortestPathLength,edges
1071,4,C(1071; 1; 51; 327; 394),7,4.9383177570093455,4284
1071,4,C(1071; 1; 78; 193; 204),7,4.9383177570093455,4284
1071,4,C(1071; 1; 125; 175; 308),7,4.9383177570093455,4284
1071,4,C(1071; 1; 377; 427; 448),7,4.9383177570093455,4284
