N,K,S,diameter,averageShortestPathLength,edges
1930,4,C(1930; 1; 183; 248; 526),8,5.767236910316226,7720
1930,4,C(1930; 1; 372; 874; 907),8,5.767236910316226,7720
