N,K,S,diameter,averageShortestPathLength,edges
1208,4,C(1208; 1; 38; 102; 259),7,5.096934548467274,4832
1208,4,C(1208; 1; 266; 494; 597),7,5.096934548467274,4832
