N,K,S,diameter,averageShortestPathLength,edges
1541,4,C(1541; 1; 43; 196; 403),8,5.425974025974026,6164
1541,4,C(1541; 1; 206; 627; 738),8,5.425974025974026,6164
1541,4,C(1541; 1; 215; 349; 533),8,5.425974025974026,6164
1541,4,C(1541; 1; 228; 558; 576),8,5.425974025974026,6164
