N,K,S,diameter,averageShortestPathLength,edges
1564,4,C(1564; 1; 48; 676; 689),8,5.44593730006398,6256
1564,4,C(1564; 1; 60; 504; 597),8,5.44593730006398,6256
