N,K,S,diameter,averageShortestPathLength,edges
1439,4,C(1439; 1; 58; 454; 597),8,5.3337969401947145,5756
1439,4,C(1439; 1; 201; 222; 542),8,5.3337969401947145,5756
1439,4,C(1439; 1; 213; 521; 538),8,5.3337969401947145,5756
1439,4,C(1439; 1; 315; 511; 581),8,5.3337969401947145,5756
