N,K,S,diameter,averageShortestPathLength,edges
1768,4,C(1768; 1; 572; 809; 850),8,5.627051499717035,7072
1768,4,C(1768; 1; 578; 676; 719),8,5.627051499717035,7072
