N,K,S,diameter,averageShortestPathLength,edges
1791,4,C(1791; 1; 123; 470; 867),8,5.648044692737431,7164
1791,4,C(1791; 1; 408; 444; 644),8,5.648044692737431,7164
