N,K,S,diameter,averageShortestPathLength,edges
1580,4,C(1580; 1; 174; 218; 721),8,5.46358454718176,6320
1580,4,C(1580; 1; 346; 561; 638),8,5.46358454718176,6320
