N,K,S,diameter,averageShortestPathLength,edges
1714,4,C(1714; 1; 68; 417; 656),8,5.580268534734384,6856
1714,4,C(1714; 1; 92; 304; 559),8,5.580268534734384,6856
