N,K,S,diameter,averageShortestPathLength,edges
1109,4,C(1109; 1; 30; 98; 417),7,4.98014440433213,4436
1109,4,C(1109; 1; 37; 97; 299),7,4.98014440433213,4436
1109,4,C(1109; 1; 174; 204; 215),7,4.98014440433213,4436
1109,4,C(1109; 1; 343; 492; 529),7,4.98014440433213,4436
