N,K,S,diameter,averageShortestPathLength,edges
1239,4,C(1239; 1; 194; 224; 245),7,5.1340872374798066,4956
1239,4,C(1239; 1; 350; 479; 497),7,5.1340872374798066,4956
