N,K,S,diameter,averageShortestPathLength,edges
1929,4,C(1929; 1; 46; 128; 738),8,5.763485477178423,7716
1929,4,C(1929; 1; 506; 629; 687),8,5.763485477178423,7716
1929,4,C(1929; 1; 699; 859; 934),8,5.763485477178423,7716
