N,K,S,diameter,averageShortestPathLength,edges
1800,4,C(1800; 1; 202; 214; 546),8,5.658143413007227,7200
1800,4,C(1800; 1; 291; 338; 702),8,5.658143413007227,7200
