N,K,S,diameter,averageShortestPathLength,edges
1097,4,C(1097; 1; 39; 125; 178),7,4.963503649635037,4388
1097,4,C(1097; 1; 105; 449; 509),7,4.963503649635037,4388
1097,4,C(1097; 1; 215; 265; 462),7,4.963503649635037,4388
1097,4,C(1097; 1; 225; 397; 539),7,4.963503649635037,4388
