N,K,S,diameter,averageShortestPathLength,edges
1624,4,C(1624; 1; 157; 390; 440),8,5.504004929143561,6496
1624,4,C(1624; 1; 331; 520; 794),8,5.504004929143561,6496
