N,K,S,diameter,averageShortestPathLength,edges
1463,4,C(1463; 1; 240; 275; 693),8,5.352941176470588,5852
1463,4,C(1463; 1; 308; 445; 517),8,5.352941176470588,5852
