N,K,S,diameter,averageShortestPathLength,edges
1361,4,C(1361; 1; 34; 220; 641),7,5.260294117647059,5444
1361,4,C(1361; 1; 40; 219; 634),7,5.260294117647059,5444
1361,4,C(1361; 1; 87; 603; 643),7,5.260294117647059,5444
1361,4,C(1361; 1; 127; 161; 365),7,5.260294117647059,5444
