N,K,S,diameter,averageShortestPathLength,edges
1182,4,C(1182; 1; 38; 385; 482),7,5.066892464013548,4728
1182,4,C(1182; 1; 175; 428; 442),7,5.066892464013548,4728
