N,K,S,diameter,averageShortestPathLength,edges
1786,4,C(1786; 1; 304; 650; 861),8,5.644257703081233,7144
1786,4,C(1786; 1; 307; 456; 482),8,5.644257703081233,7144
