N,K,S,diameter,averageShortestPathLength,edges
1165,4,C(1165; 1; 26; 121; 205),7,5.0446735395189,4660
1165,4,C(1165; 1; 175; 279; 414),7,5.0446735395189,4660
1165,4,C(1165; 1; 224; 309; 485),7,5.0446735395189,4660
