N,K,S,diameter,averageShortestPathLength,edges
1867,4,C(1867; 1; 29; 314; 844),8,5.713826366559486,7468
1867,4,C(1867; 1; 73; 250; 518),8,5.713826366559486,7468
1867,4,C(1867; 1; 220; 779; 847),8,5.713826366559486,7468
1867,4,C(1867; 1; 351; 515; 719),8,5.713826366559486,7468
