N,K,S,diameter,averageShortestPathLength,edges
1588,4,C(1588; 1; 16; 186; 241),8,5.4732199117832385,6352
1588,4,C(1588; 1; 350; 369; 448),8,5.4732199117832385,6352
