N,K,S,diameter,averageShortestPathLength,edges
1502,4,C(1502; 1; 15; 176; 228),8,5.3924050632911396,6008
1502,4,C(1502; 1; 212; 616; 701),8,5.3924050632911396,6008
