N,K,S,diameter,averageShortestPathLength,edges
1247,4,C(1247; 1; 14; 195; 563),7,5.14446227929374,4988
1247,4,C(1247; 1; 38; 412; 505),7,5.14446227929374,4988
1247,4,C(1247; 1; 89; 103; 227),7,5.14446227929374,4988
1247,4,C(1247; 1; 243; 339; 361),7,5.14446227929374,4988
