N,K,S,diameter,averageShortestPathLength,edges
1245,4,C(1245; 1; 72; 270; 299),7,5.136655948553055,4980
1245,4,C(1245; 1; 105; 254; 387),7,5.136655948553055,4980
