N,K,S,diameter,averageShortestPathLength,edges
1968,4,C(1968; 1; 168; 811; 878),8,5.796136248093544,7872
1968,4,C(1968; 1; 456; 790; 893),8,5.796136248093544,7872
