N,K,S,diameter,averageShortestPathLength,edges
1783,4,C(1783; 1; 132; 557; 732),8,5.645342312008979,7132
1783,4,C(1783; 1; 135; 441; 854),8,5.645342312008979,7132
1783,4,C(1783; 1; 241; 495; 700),8,5.645342312008979,7132
1783,4,C(1783; 1; 338; 589; 704),8,5.645342312008979,7132
1783,4,C(1783; 1; 353; 511; 737),8,5.645342312008979,7132
1783,4,C(1783; 1; 469; 649; 873),8,5.645342312008979,7132
1783,4,C(1783; 1; 504; 816; 878),8,5.645342312008979,7132
1783,4,C(1783; 1; 614; 626; 786),8,5.645342312008979,7132
