N,K,S,diameter,averageShortestPathLength,edges
1047,4,C(1047; 1; 21; 115; 216),7,4.908221797323136,4188
1047,4,C(1047; 1; 69; 108; 233),7,4.908221797323136,4188
1047,4,C(1047; 1; 87; 112; 183),7,4.908221797323136,4188
1047,4,C(1047; 1; 141; 215; 441),7,4.908221797323136,4188
1047,4,C(1047; 1; 162; 246; 437),7,4.908221797323136,4188
1047,4,C(1047; 1; 207; 324; 346),7,4.908221797323136,4188
