N,K,S,diameter,averageShortestPathLength,edges
1079,4,C(1079; 1; 16; 296; 411),7,4.9480519480519485,4316
1079,4,C(1079; 1; 21; 258; 336),7,4.9480519480519485,4316
1079,4,C(1079; 1; 46; 113; 350),7,4.9480519480519485,4316
1079,4,C(1079; 1; 228; 472; 521),7,4.9480519480519485,4316
