N,K,S,diameter,averageShortestPathLength,edges
1480,4,C(1480; 1; 106; 482; 561),8,5.3637592968221774,5920
1480,4,C(1480; 1; 401; 414; 598),8,5.3637592968221774,5920
