N,K,S,diameter,averageShortestPathLength,edges
1895,4,C(1895; 1; 111; 408; 832),8,5.739176346356917,7580
1895,4,C(1895; 1; 127; 239; 867),8,5.739176346356917,7580
1895,4,C(1895; 1; 153; 481; 562),8,5.739176346356917,7580
1895,4,C(1895; 1; 567; 784; 927),8,5.739176346356917,7580
