N,K,S,diameter,averageShortestPathLength,edges
1562,4,C(1562; 1; 27; 171; 672),8,5.449071108263934,6248
1562,4,C(1562; 1; 329; 475; 552),8,5.449071108263934,6248
1562,4,C(1562; 1; 372; 405; 527),8,5.449071108263934,6248
