N,K,S,diameter,averageShortestPathLength,edges
1711,4,C(1711; 1; 26; 246; 639),8,5.5777777777777775,6844
1711,4,C(1711; 1; 60; 139; 466),8,5.5777777777777775,6844
1711,4,C(1711; 1; 222; 329; 517),8,5.5777777777777775,6844
1711,4,C(1711; 1; 316; 407; 827),8,5.5777777777777775,6844
