N,K,S,diameter,averageShortestPathLength,edges
1268,4,C(1268; 1; 40; 107; 272),7,5.1602209944751385,5072
1268,4,C(1268; 1; 204; 237; 604),7,5.1602209944751385,5072
