N,K,S,diameter,averageShortestPathLength,edges
1835,4,C(1835; 1; 120; 345; 621),8,5.689203925845147,7340
1835,4,C(1835; 1; 275; 721; 815),8,5.689203925845147,7340
