N,K,S,diameter,averageShortestPathLength,edges
1953,4,C(1953; 1; 238; 750; 819),8,5.784836065573771,7812
1953,4,C(1953; 1; 252; 574; 720),8,5.784836065573771,7812
