N,K,S,diameter,averageShortestPathLength,edges
1349,4,C(1349; 1; 51; 116; 491),7,5.238872403560831,5396
1349,4,C(1349; 1; 174; 314; 388),7,5.238872403560831,5396
1349,4,C(1349; 1; 272; 382; 525),7,5.238872403560831,5396
1349,4,C(1349; 1; 529; 618; 659),7,5.238872403560831,5396
