N,K,S,diameter,averageShortestPathLength,edges
1888,4,C(1888; 1; 54; 365; 442),8,5.730789613142554,7552
1888,4,C(1888; 1; 274; 834; 869),8,5.730789613142554,7552
