N,K,S,diameter,averageShortestPathLength,edges
1388,4,C(1388; 1; 33; 272; 324),7,5.2833453496755585,5552
1388,4,C(1388; 1; 136; 160; 673),7,5.2833453496755585,5552
