N,K,S,diameter,averageShortestPathLength,edges
1098,4,C(1098; 1; 49; 168; 352),7,4.9680948040109385,4392
1098,4,C(1098; 1; 52; 474; 493),7,4.9680948040109385,4392
