N,K,S,diameter,averageShortestPathLength,edges
1145,4,C(1145; 1; 67; 107; 299),7,5.020979020979021,4580
1145,4,C(1145; 1; 107; 188; 494),7,5.020979020979021,4580
