N,K,S,diameter,averageShortestPathLength,edges
1029,4,C(1029; 1; 168; 364; 380),7,4.883268482490273,4116
1029,4,C(1029; 1; 241; 259; 357),7,4.883268482490273,4116
