N,K,S,diameter,averageShortestPathLength,edges
1263,4,C(1263; 1; 12; 360; 467),7,5.1584786053882725,5052
1263,4,C(1263; 1; 102; 119; 165),7,5.1584786053882725,5052
