N,K,S,diameter,averageShortestPathLength,edges
1493,4,C(1493; 1; 89; 200; 722),8,5.380697050938338,5972
1493,4,C(1493; 1; 170; 671; 730),8,5.380697050938338,5972
1493,4,C(1493; 1; 202; 321; 347),8,5.380697050938338,5972
1493,4,C(1493; 1; 327; 362; 457),8,5.380697050938338,5972
