N,K,S,diameter,averageShortestPathLength,edges
1322,4,C(1322; 1; 96; 262; 557),8,5.209689629068887,5288
1322,4,C(1322; 1; 306; 375; 422),8,5.209689629068887,5288
