N,K,S,diameter,averageShortestPathLength,edges
1913,4,C(1913; 1; 15; 251; 365),8,5.75418410041841,7652
1913,4,C(1913; 1; 27; 146; 420),8,5.75418410041841,7652
1913,4,C(1913; 1; 36; 587; 760),8,5.75418410041841,7652
1913,4,C(1913; 1; 197; 278; 496),8,5.75418410041841,7652
1913,4,C(1913; 1; 255; 662; 876),8,5.75418410041841,7652
1913,4,C(1913; 1; 282; 372; 404),8,5.75418410041841,7652
1913,4,C(1913; 1; 364; 406; 511),8,5.75418410041841,7652
1913,4,C(1913; 1; 369; 624; 720),8,5.75418410041841,7652
