N,K,S,diameter,averageShortestPathLength,edges
1889,4,C(1889; 1; 44; 445; 874),8,5.735169491525424,7556
1889,4,C(1889; 1; 66; 548; 644),8,5.735169491525424,7556
1889,4,C(1889; 1; 67; 409; 830),8,5.735169491525424,7556
1889,4,C(1889; 1; 201; 331; 416),8,5.735169491525424,7556
1889,4,C(1889; 1; 208; 293; 448),8,5.735169491525424,7556
1889,4,C(1889; 1; 331; 722; 921),8,5.735169491525424,7556
