N,K,S,diameter,averageShortestPathLength,edges
1408,4,C(1408; 1; 89; 538; 676),8,5.307746979388771,5632
1408,4,C(1408; 1; 324; 342; 617),8,5.307746979388771,5632
