N,K,S,diameter,averageShortestPathLength,edges
1307,4,C(1307; 1; 26; 268; 465),7,5.206738131699847,5228
1307,4,C(1307; 1; 90; 104; 425),7,5.206738131699847,5228
1307,4,C(1307; 1; 105; 554; 614),7,5.206738131699847,5228
1307,4,C(1307; 1; 204; 243; 625),7,5.206738131699847,5228
1307,4,C(1307; 1; 268; 473; 642),7,5.206738131699847,5228
1307,4,C(1307; 1; 286; 317; 400),7,5.206738131699847,5228
1307,4,C(1307; 1; 317; 364; 378),7,5.206738131699847,5228
1307,4,C(1307; 1; 334; 513; 553),7,5.206738131699847,5228
