N,K,S,diameter,averageShortestPathLength,edges
1617,4,C(1617; 1; 49; 207; 446),8,5.497524752475248,6468
1617,4,C(1617; 1; 49; 312; 592),8,5.497524752475248,6468
1617,4,C(1617; 1; 98; 576; 794),8,5.497524752475248,6468
1617,4,C(1617; 1; 367; 525; 597),8,5.497524752475248,6468
1617,4,C(1617; 1; 372; 478; 784),8,5.497524752475248,6468
1617,4,C(1617; 1; 420; 570; 586),8,5.497524752475248,6468
