N,K,S,diameter,averageShortestPathLength,edges
1102,4,C(1102; 1; 71; 84; 304),7,4.975476839237057,4408
1102,4,C(1102; 1; 234; 357; 532),7,4.975476839237057,4408
