N,K,S,diameter,averageShortestPathLength,edges
1334,4,C(1334; 1; 93; 410; 535),7,5.22430607651913,5336
1334,4,C(1334; 1; 96; 109; 459),7,5.22430607651913,5336
1334,4,C(1334; 1; 257; 571; 660),7,5.22430607651913,5336
