N,K,S,diameter,averageShortestPathLength,edges
1215,4,C(1215; 1; 42; 266; 428),7,5.107084019769357,4860
1215,4,C(1215; 1; 51; 88; 323),7,5.107084019769357,4860
1215,4,C(1215; 1; 169; 192; 568),7,5.107084019769357,4860
