N,K,S,diameter,averageShortestPathLength,edges
1763,4,C(1763; 1; 74; 362; 620),8,5.623155505107832,7052
1763,4,C(1763; 1; 216; 375; 458),8,5.623155505107832,7052
1763,4,C(1763; 1; 281; 405; 754),8,5.623155505107832,7052
1763,4,C(1763; 1; 302; 418; 802),8,5.623155505107832,7052
