N,K,S,diameter,averageShortestPathLength,edges
1420,4,C(1420; 1; 110; 169; 264),8,5.3121916842847074,5680
1420,4,C(1420; 1; 136; 530; 689),8,5.3121916842847074,5680
