N,K,S,diameter,averageShortestPathLength,edges
1749,4,C(1749; 1; 233; 414; 628),8,5.615560640732266,6996
1749,4,C(1749; 1; 298; 526; 807),8,5.615560640732266,6996
1749,4,C(1749; 1; 321; 578; 808),8,5.615560640732266,6996
