N,K,S,diameter,averageShortestPathLength,edges
1651,4,C(1651; 1; 148; 163; 695),8,5.532121212121212,6604
1651,4,C(1651; 1; 244; 298; 314),8,5.532121212121212,6604
1651,4,C(1651; 1; 387; 482; 544),8,5.532121212121212,6604
1651,4,C(1651; 1; 502; 529; 724),8,5.532121212121212,6604
