N,K,S,diameter,averageShortestPathLength,edges
1741,4,C(1741; 1; 201; 365; 865),8,5.6080459770114945,6964
1741,4,C(1741; 1; 280; 475; 725),8,5.6080459770114945,6964
1741,4,C(1741; 1; 589; 628; 842),8,5.6080459770114945,6964
1741,4,C(1741; 1; 601; 672; 694),8,5.6080459770114945,6964
