N,K,S,diameter,averageShortestPathLength,edges
1257,4,C(1257; 1; 16; 223; 376),7,5.1528662420382165,5028
1257,4,C(1257; 1; 62; 265; 571),7,5.1528662420382165,5028
1257,4,C(1257; 1; 214; 317; 458),7,5.1528662420382165,5028
1257,4,C(1257; 1; 536; 550; 605),7,5.1528662420382165,5028
