N,K,S,diameter,averageShortestPathLength,edges
1779,4,C(1779; 1; 98; 481; 510),8,5.6389201349831275,7116
1779,4,C(1779; 1; 236; 340; 612),8,5.6389201349831275,7116
1779,4,C(1779; 1; 285; 513; 835),8,5.6389201349831275,7116
1779,4,C(1779; 1; 354; 503; 518),8,5.6389201349831275,7116
1779,4,C(1779; 1; 756; 774; 865),8,5.6389201349831275,7116
