N,K,S,diameter,averageShortestPathLength,edges
1905,4,C(1905; 1; 240; 259; 677),8,5.746848739495798,7620
1905,4,C(1905; 1; 523; 720; 892),8,5.746848739495798,7620
1905,4,C(1905; 1; 559; 652; 810),8,5.746848739495798,7620
