N,K,S,diameter,averageShortestPathLength,edges
1276,4,C(1276; 1; 14; 134; 463),8,5.167058823529412,5104
1276,4,C(1276; 1; 102; 463; 482),8,5.167058823529412,5104
