N,K,S,diameter,averageShortestPathLength,edges
1525,4,C(1525; 1; 169; 469; 662),8,5.414698162729659,6100
1525,4,C(1525; 1; 224; 327; 504),8,5.414698162729659,6100
1525,4,C(1525; 1; 379; 674; 727),8,5.414698162729659,6100
1525,4,C(1525; 1; 513; 537; 698),8,5.414698162729659,6100
