N,K,S,diameter,averageShortestPathLength,edges
1735,4,C(1735; 1; 18; 172; 662),8,5.600922722029988,6940
1735,4,C(1735; 1; 156; 376; 482),8,5.600922722029988,6940
1735,4,C(1735; 1; 232; 706; 831),8,5.600922722029988,6940
1735,4,C(1735; 1; 242; 393; 600),8,5.600922722029988,6940
1735,4,C(1735; 1; 309; 456; 553),8,5.600922722029988,6940
1735,4,C(1735; 1; 321; 423; 490),8,5.600922722029988,6940
1735,4,C(1735; 1; 515; 654; 777),8,5.600922722029988,6940
