N,K,S,diameter,averageShortestPathLength,edges
1126,4,C(1126; 1; 124; 138; 227),7,5.0008888888888885,4504
1126,4,C(1126; 1; 194; 452; 501),7,5.0008888888888885,4504
