N,K,S,diameter,averageShortestPathLength,edges
1609,4,C(1609; 1; 51; 139; 580),8,5.483830845771144,6436
1609,4,C(1609; 1; 86; 441; 691),8,5.483830845771144,6436
1609,4,C(1609; 1; 174; 382; 482),8,5.483830845771144,6436
1609,4,C(1609; 1; 631; 737; 786),8,5.483830845771144,6436
