N,K,S,diameter,averageShortestPathLength,edges
1594,4,C(1594; 1; 91; 480; 762),8,5.47457627118644,6376
1594,4,C(1594; 1; 543; 674; 776),8,5.47457627118644,6376
