N,K,S,diameter,averageShortestPathLength,edges
1954,4,C(1954; 1; 286; 707; 732),8,5.785458269329237,7816
1954,4,C(1954; 1; 351; 732; 958),8,5.785458269329237,7816
