N,K,S,diameter,averageShortestPathLength,edges
1028,4,C(1028; 1; 95; 348; 402),7,4.8802336903602725,4112
1028,4,C(1028; 1; 303; 440; 502),7,4.8802336903602725,4112
