N,K,S,diameter,averageShortestPathLength,edges
1600,4,C(1600; 1; 44; 69; 492),8,5.485303314571607,6400
1600,4,C(1600; 1; 132; 324; 371),8,5.485303314571607,6400
