N,K,S,diameter,averageShortestPathLength,edges
1781,4,C(1781; 1; 148; 330; 540),8,5.642696629213483,7124
1781,4,C(1781; 1; 224; 531; 692),8,5.642696629213483,7124
1781,4,C(1781; 1; 443; 646; 707),8,5.642696629213483,7124
1781,4,C(1781; 1; 485; 710; 792),8,5.642696629213483,7124
