N,K,S,diameter,averageShortestPathLength,edges
1636,4,C(1636; 1; 19; 450; 626),8,5.512538226299694,6544
1636,4,C(1636; 1; 282; 742; 775),8,5.512538226299694,6544
