N,K,S,diameter,averageShortestPathLength,edges
1700,4,C(1700; 1; 98; 174; 746),8,5.570924072984108,6800
1700,4,C(1700; 1; 190; 452; 734),8,5.570924072984108,6800
