N,K,S,diameter,averageShortestPathLength,edges
1864,4,C(1864; 1; 22; 97; 794),8,5.710681696188942,7456
1864,4,C(1864; 1; 258; 711; 730),8,5.710681696188942,7456
