N,K,S,diameter,averageShortestPathLength,edges
1959,4,C(1959; 1; 53; 202; 525),8,5.789581205311542,7836
1959,4,C(1959; 1; 181; 897; 961),8,5.789581205311542,7836
1959,4,C(1959; 1; 184; 492; 514),8,5.789581205311542,7836
