N,K,S,diameter,averageShortestPathLength,edges
1734,4,C(1734; 1; 166; 429; 553),8,5.600115406809001,6936
1734,4,C(1734; 1; 185; 399; 502),8,5.600115406809001,6936
1734,4,C(1734; 1; 494; 555; 704),8,5.600115406809001,6936
