N,K,S,diameter,averageShortestPathLength,edges
1206,4,C(1206; 1; 85; 98; 445),7,5.092116182572614,4824
1206,4,C(1206; 1; 187; 217; 236),7,5.092116182572614,4824
1206,4,C(1206; 1; 227; 289; 538),7,5.092116182572614,4824
1206,4,C(1206; 1; 346; 376; 570),7,5.092116182572614,4824
