N,K,S,diameter,averageShortestPathLength,edges
1092,4,C(1092; 1; 80; 207; 456),7,4.960586617781852,4368
1092,4,C(1092; 1; 230; 332; 386),7,4.960586617781852,4368
