N,K,S,diameter,averageShortestPathLength,edges
1878,4,C(1878; 1; 15; 572; 905),8,5.72562599893447,7512
1878,4,C(1878; 1; 249; 359; 646),8,5.72562599893447,7512
1878,4,C(1878; 1; 364; 854; 885),8,5.72562599893447,7512
1878,4,C(1878; 1; 388; 848; 881),8,5.72562599893447,7512
1878,4,C(1878; 1; 460; 599; 892),8,5.72562599893447,7512
