N,K,S,diameter,averageShortestPathLength,edges
1689,4,C(1689; 1; 31; 324; 498),8,5.556872037914692,6756
1689,4,C(1689; 1; 109; 153; 234),8,5.556872037914692,6756
