N,K,S,diameter,averageShortestPathLength,edges
1403,4,C(1403; 1; 30; 98; 515),8,5.2981455064194005,5612
1403,4,C(1403; 1; 218; 338; 662),8,5.2981455064194005,5612
1403,4,C(1403; 1; 220; 258; 272),8,5.2981455064194005,5612
1403,4,C(1403; 1; 251; 608; 658),8,5.2981455064194005,5612
