N,K,S,diameter,averageShortestPathLength,edges
1810,4,C(1810; 1; 138; 221; 424),8,5.666666666666667,7240
1810,4,C(1810; 1; 264; 802; 819),8,5.666666666666667,7240
