N,K,S,diameter,averageShortestPathLength,edges
1301,4,C(1301; 1; 24; 272; 429),7,5.193846153846154,5204
1301,4,C(1301; 1; 118; 397; 421),7,5.193846153846154,5204
1301,4,C(1301; 1; 191; 279; 430),7,5.193846153846154,5204
1301,4,C(1301; 1; 271; 445; 470),7,5.193846153846154,5204
