N,K,S,diameter,averageShortestPathLength,edges
1270,4,C(1270; 1; 86; 398; 459),7,5.16548463356974,5080
1270,4,C(1270; 1; 428; 451; 584),7,5.16548463356974,5080
