N,K,S,diameter,averageShortestPathLength,edges
1908,4,C(1908; 1; 15; 169; 836),8,5.746722600943891,7632
1908,4,C(1908; 1; 237; 616; 779),8,5.746722600943891,7632
