N,K,S,diameter,averageShortestPathLength,edges
1173,4,C(1173; 1; 62; 108; 207),7,5.059726962457338,4692
1173,4,C(1173; 1; 473; 528; 552),7,5.059726962457338,4692
