N,K,S,diameter,averageShortestPathLength,edges
1437,4,C(1437; 1; 82; 150; 581),8,5.334261838440112,5748
1437,4,C(1437; 1; 245; 371; 393),8,5.334261838440112,5748
1437,4,C(1437; 1; 305; 368; 594),8,5.334261838440112,5748
