N,K,S,diameter,averageShortestPathLength,edges
1999,4,C(1999; 1; 36; 781; 897),8,5.821821821821822,7996
1999,4,C(1999; 1; 78; 809; 948),8,5.821821821821822,7996
1999,4,C(1999; 1; 215; 256; 951),8,5.821821821821822,7996
1999,4,C(1999; 1; 367; 808; 944),8,5.821821821821822,7996
