N,K,S,diameter,averageShortestPathLength,edges
1004,4,C(1004; 1; 19; 144; 404),7,4.849451645064805,4016
1004,4,C(1004; 1; 317; 444; 468),7,4.849451645064805,4016
