N,K,S,diameter,averageShortestPathLength,edges
1314,4,C(1314; 1; 127; 148; 623),7,5.206397562833207,5256
1314,4,C(1314; 1; 139; 599; 614),7,5.206397562833207,5256
1314,4,C(1314; 1; 269; 392; 605),7,5.206397562833207,5256
