N,K,S,diameter,averageShortestPathLength,edges
1017,4,C(1017; 1; 16; 280; 389),7,4.866141732283465,4068
1017,4,C(1017; 1; 22; 143; 391),7,4.866141732283465,4068
1017,4,C(1017; 1; 29; 133; 316),7,4.866141732283465,4068
1017,4,C(1017; 1; 64; 391; 401),7,4.866141732283465,4068
1017,4,C(1017; 1; 64; 416; 502),7,4.866141732283465,4068
1017,4,C(1017; 1; 130; 298; 400),7,4.866141732283465,4068
1017,4,C(1017; 1; 143; 421; 502),7,4.866141732283465,4068
1017,4,C(1017; 1; 215; 445; 491),7,4.866141732283465,4068
