N,K,S,diameter,averageShortestPathLength,edges
1500,4,C(1500; 1; 37; 304; 352),8,5.392928619079386,6000
1500,4,C(1500; 1; 292; 496; 527),8,5.392928619079386,6000
