N,K,S,diameter,averageShortestPathLength,edges
1152,4,C(1152; 1; 202; 247; 278),7,5.030408340573414,4608
1152,4,C(1152; 1; 262; 358; 569),7,5.030408340573414,4608
