N,K,S,diameter,averageShortestPathLength,edges
1912,4,C(1912; 1; 97; 218; 372),8,5.750915750915751,7648
1912,4,C(1912; 1; 254; 812; 887),8,5.750915750915751,7648
