N,K,S,diameter,averageShortestPathLength,edges
1038,4,C(1038; 1; 40; 94; 343),7,4.892960462873674,4152
1038,4,C(1038; 1; 115; 430; 448),7,4.892960462873674,4152
