N,K,S,diameter,averageShortestPathLength,edges
1539,4,C(1539; 1; 97; 218; 372),8,5.426527958387516,6156
1539,4,C(1539; 1; 115; 246; 564),8,5.426527958387516,6156
1539,4,C(1539; 1; 238; 442; 726),8,5.426527958387516,6156
1539,4,C(1539; 1; 289; 473; 510),8,5.426527958387516,6156
1539,4,C(1539; 1; 393; 417; 455),8,5.426527958387516,6156
