N,K,S,diameter,averageShortestPathLength,edges
1851,4,C(1851; 1; 40; 508; 660),8,5.701621621621622,7404
1851,4,C(1851; 1; 57; 277; 317),8,5.701621621621622,7404
1851,4,C(1851; 1; 509; 568; 909),8,5.701621621621622,7404
