N,K,S,diameter,averageShortestPathLength,edges
1996,4,C(1996; 1; 22; 97; 750),8,5.818045112781955,7984
1996,4,C(1996; 1; 54; 206; 535),8,5.818045112781955,7984
