N,K,S,diameter,averageShortestPathLength,edges
1505,4,C(1505; 1; 43; 362; 631),8,5.398936170212766,6020
1505,4,C(1505; 1; 43; 384; 548),8,5.398936170212766,6020
1505,4,C(1505; 1; 129; 528; 563),8,5.398936170212766,6020
