N,K,S,diameter,averageShortestPathLength,edges
1994,4,C(1994; 1; 168; 808; 957),8,5.818866031108881,7976
1994,4,C(1994; 1; 578; 594; 673),8,5.818866031108881,7976
