N,K,S,diameter,averageShortestPathLength,edges
1405,4,C(1405; 1; 107; 565; 590),8,5.303418803418803,5620
1405,4,C(1405; 1; 213; 440; 675),8,5.303418803418803,5620
1405,4,C(1405; 1; 255; 302; 625),8,5.303418803418803,5620
1405,4,C(1405; 1; 300; 343; 585),8,5.303418803418803,5620
