N,K,S,diameter,averageShortestPathLength,edges
1485,4,C(1485; 1; 70; 365; 623),8,5.377358490566038,5940
1485,4,C(1485; 1; 100; 115; 553),8,5.377358490566038,5940
