N,K,S,diameter,averageShortestPathLength,edges
1333,4,C(1333; 1; 92; 105; 346),8,5.222222222222222,5332
1333,4,C(1333; 1; 204; 276; 292),8,5.222222222222222,5332
1333,4,C(1333; 1; 227; 347; 366),8,5.222222222222222,5332
1333,4,C(1333; 1; 315; 477; 652),8,5.222222222222222,5332
