N,K,S,diameter,averageShortestPathLength,edges
1583,4,C(1583; 1; 29; 77; 626),8,5.469026548672566,6332
1583,4,C(1583; 1; 33; 221; 655),8,5.469026548672566,6332
1583,4,C(1583; 1; 48; 220; 473),8,5.469026548672566,6332
1583,4,C(1583; 1; 308; 666; 699),8,5.469026548672566,6332
