N,K,S,diameter,averageShortestPathLength,edges
1726,4,C(1726; 1; 36; 170; 391),8,5.591304347826087,6904
1726,4,C(1726; 1; 309; 750; 768),8,5.591304347826087,6904
