N,K,S,diameter,averageShortestPathLength,edges
1180,4,C(1180; 1; 62; 379; 532),7,5.065309584393554,4720
1180,4,C(1180; 1; 78; 92; 439),7,5.065309584393554,4720
