N,K,S,diameter,averageShortestPathLength,edges
1885,4,C(1885; 1; 253; 307; 386),8,5.726114649681529,7540
1885,4,C(1885; 1; 307; 678; 796),8,5.726114649681529,7540
