N,K,S,diameter,averageShortestPathLength,edges
1396,4,C(1396; 1; 61; 226; 686),7,5.289605734767025,5584
1396,4,C(1396; 1; 454; 538; 595),7,5.289605734767025,5584
