N,K,S,diameter,averageShortestPathLength,edges
1923,4,C(1923; 1; 89; 546; 771),8,5.756503642039542,7692
1923,4,C(1923; 1; 426; 605; 834),8,5.756503642039542,7692
