N,K,S,diameter,averageShortestPathLength,edges
1143,4,C(1143; 1; 42; 117; 215),7,5.026269702276707,4572
1143,4,C(1143; 1; 45; 154; 476),7,5.026269702276707,4572
1143,4,C(1143; 1; 107; 171; 334),7,5.026269702276707,4572
1143,4,C(1143; 1; 156; 430; 541),7,5.026269702276707,4572
1143,4,C(1143; 1; 164; 201; 431),7,5.026269702276707,4572
1143,4,C(1143; 1; 165; 378; 521),7,5.026269702276707,4572
1143,4,C(1143; 1; 180; 235; 377),7,5.026269702276707,4572
1143,4,C(1143; 1; 230; 311; 510),7,5.026269702276707,4572
