N,K,S,diameter,averageShortestPathLength,edges
1269,4,C(1269; 1; 14; 229; 560),7,5.160883280757098,5076
1269,4,C(1269; 1; 40; 107; 272),7,5.160883280757098,5076
1269,4,C(1269; 1; 133; 391; 593),7,5.160883280757098,5076
1269,4,C(1269; 1; 247; 349; 542),7,5.160883280757098,5076
