N,K,S,diameter,averageShortestPathLength,edges
1565,4,C(1565; 1; 133; 148; 505),8,5.451406649616368,6260
1565,4,C(1565; 1; 145; 353; 599),8,5.451406649616368,6260
1565,4,C(1565; 1; 371; 497; 585),8,5.451406649616368,6260
