N,K,S,diameter,averageShortestPathLength,edges
1628,4,C(1628; 1; 199; 554; 579),8,5.508912108174554,6512
1628,4,C(1628; 1; 239; 349; 538),8,5.508912108174554,6512
1628,4,C(1628; 1; 510; 769; 807),8,5.508912108174554,6512
