N,K,S,diameter,averageShortestPathLength,edges
1724,4,C(1724; 1; 64; 711; 804),8,5.594312246082414,6896
1724,4,C(1724; 1; 148; 188; 725),8,5.594312246082414,6896
