N,K,S,diameter,averageShortestPathLength,edges
1842,4,C(1842; 1; 330; 481; 609),8,5.693101575230853,7368
1842,4,C(1842; 1; 337; 690; 771),8,5.693101575230853,7368
