N,K,S,diameter,averageShortestPathLength,edges
1739,4,C(1739; 1; 56; 80; 611),8,5.605293440736479,6956
1739,4,C(1739; 1; 188; 413; 521),8,5.605293440736479,6956
1739,4,C(1739; 1; 247; 517; 590),8,5.605293440736479,6956
