N,K,S,diameter,averageShortestPathLength,edges
1596,4,C(1596; 1; 160; 260; 547),8,5.476489028213166,6384
1596,4,C(1596; 1; 160; 344; 461),8,5.476489028213166,6384
