N,K,S,diameter,averageShortestPathLength,edges
1531,4,C(1531; 1; 104; 143; 617),8,5.411764705882353,6124
1531,4,C(1531; 1; 156; 190; 633),8,5.411764705882353,6124
1531,4,C(1531; 1; 182; 531; 556),8,5.411764705882353,6124
1531,4,C(1531; 1; 422; 568; 732),8,5.411764705882353,6124
