N,K,S,diameter,averageShortestPathLength,edges
1146,4,C(1146; 1; 58; 274; 417),7,5.02532751091703,4584
1146,4,C(1146; 1; 60; 108; 308),7,5.02532751091703,4584
