N,K,S,diameter,averageShortestPathLength,edges
1195,4,C(1195; 1; 93; 435; 585),7,5.085427135678392,4780
1195,4,C(1195; 1; 225; 257; 535),7,5.085427135678392,4780
