N,K,S,diameter,averageShortestPathLength,edges
1220,4,C(1220; 1; 40; 154; 403),7,5.109105824446267,4880
1220,4,C(1220; 1; 42; 100; 333),7,5.109105824446267,4880
