N,K,S,diameter,averageShortestPathLength,edges
1544,4,C(1544; 1; 138; 388; 588),8,5.4322747893713546,6176
1544,4,C(1544; 1; 142; 154; 650),8,5.4322747893713546,6176
