N,K,S,diameter,averageShortestPathLength,edges
1845,4,C(1845; 1; 241; 420; 552),8,5.697396963123644,7380
1845,4,C(1845; 1; 258; 285; 689),8,5.697396963123644,7380
