N,K,S,diameter,averageShortestPathLength,edges
1410,4,C(1410; 1; 183; 271; 426),8,5.304471256210078,5640
1410,4,C(1410; 1; 359; 573; 654),8,5.304471256210078,5640
