N,K,S,diameter,averageShortestPathLength,edges
1809,4,C(1809; 1; 26; 677; 816),8,5.667035398230088,7236
1809,4,C(1809; 1; 47; 288; 792),8,5.667035398230088,7236
1809,4,C(1809; 1; 77; 468; 522),8,5.667035398230088,7236
1809,4,C(1809; 1; 310; 429; 823),8,5.667035398230088,7236
1809,4,C(1809; 1; 461; 487; 588),8,5.667035398230088,7236
