N,K,S,diameter,averageShortestPathLength,edges
1266,4,C(1266; 1; 101; 284; 453),7,5.1588932806324115,5064
1266,4,C(1266; 1; 110; 171; 539),7,5.1588932806324115,5064
