N,K,S,diameter,averageShortestPathLength,edges
1667,4,C(1667; 1; 79; 209; 614),8,5.531812725090036,6668
1667,4,C(1667; 1; 207; 335; 649),8,5.531812725090036,6668
1667,4,C(1667; 1; 211; 472; 757),8,5.531812725090036,6668
1667,4,C(1667; 1; 562; 611; 768),8,5.531812725090036,6668
