N,K,S,diameter,averageShortestPathLength,edges
1287,4,C(1287; 1; 86; 396; 613),7,5.178849144634525,5148
1287,4,C(1287; 1; 198; 256; 422),7,5.178849144634525,5148
1287,4,C(1287; 1; 367; 434; 594),7,5.178849144634525,5148
