N,K,S,diameter,averageShortestPathLength,edges
1214,4,C(1214; 1; 173; 511; 586),7,5.103050288540808,4856
1214,4,C(1214; 1; 383; 407; 558),7,5.103050288540808,4856
1214,4,C(1214; 1; 411; 474; 523),7,5.103050288540808,4856
