N,K,S,diameter,averageShortestPathLength,edges
1717,4,C(1717; 1; 45; 520; 845),8,5.581585081585081,6868
1717,4,C(1717; 1; 172; 370; 496),8,5.581585081585081,6868
1717,4,C(1717; 1; 175; 213; 710),8,5.581585081585081,6868
1717,4,C(1717; 1; 569; 636; 661),8,5.581585081585081,6868
