N,K,S,diameter,averageShortestPathLength,edges
1016,4,C(1016; 1; 74; 353; 476),7,4.863054187192118,4064
1016,4,C(1016; 1; 302; 364; 449),7,4.863054187192118,4064
