N,K,S,diameter,averageShortestPathLength,edges
1830,4,C(1830; 1; 244; 278; 431),8,5.683433570256971,7320
1830,4,C(1830; 1; 259; 632; 854),8,5.683433570256971,7320
