N,K,S,diameter,averageShortestPathLength,edges
1058,4,C(1058; 1; 108; 290; 417),7,4.917691579943235,4232
1058,4,C(1058; 1; 158; 307; 358),7,4.917691579943235,4232
