N,K,S,diameter,averageShortestPathLength,edges
1371,4,C(1371; 1; 27; 123; 445),7,5.272992700729927,5484
1371,4,C(1371; 1; 345; 419; 561),7,5.272992700729927,5484
