N,K,S,diameter,averageShortestPathLength,edges
1829,4,C(1829; 1; 21; 196; 443),8,5.685995623632385,7316
1829,4,C(1829; 1; 28; 399; 588),8,5.685995623632385,7316
1829,4,C(1829; 1; 31; 316; 863),8,5.685995623632385,7316
1829,4,C(1829; 1; 66; 619; 871),8,5.685995623632385,7316
1829,4,C(1829; 1; 191; 223; 434),8,5.685995623632385,7316
1829,4,C(1829; 1; 194; 628; 706),8,5.685995623632385,7316
1829,4,C(1829; 1; 248; 657; 894),8,5.685995623632385,7316
