N,K,S,diameter,averageShortestPathLength,edges
2090,4,C(2090; 1; 184; 280; 588),8,5.891335567257061,8360
2090,4,C(2090; 1; 532; 838; 884),8,5.891335567257061,8360
