N,K,S,diameter,averageShortestPathLength,edges
2915,4,C(2915; 1; 291; 954; 1447),9,6.419354838709677,11660
2915,4,C(2915; 1; 424; 581; 1187),9,6.419354838709677,11660
2915,4,C(2915; 1; 742; 1277; 1388),9,6.419354838709677,11660
