N,K,S,diameter,averageShortestPathLength,edges
2629,4,C(2629; 1; 15; 733; 1230),9,6.245814307458143,10516
2629,4,C(2629; 1; 82; 701; 1178),9,6.245814307458143,10516
2629,4,C(2629; 1; 178; 280; 1058),9,6.245814307458143,10516
2629,4,C(2629; 1; 192; 703; 1180),9,6.245814307458143,10516
