N,K,S,diameter,averageShortestPathLength,edges
2520,4,C(2520; 1; 40; 251; 565),9,6.175863437872171,10080
2520,4,C(2520; 1; 40; 251; 695),9,6.175863437872171,10080
