N,K,S,diameter,averageShortestPathLength,edges
2195,4,C(2195; 1; 567; 758; 970),9,5.964448495897903,8780
2195,4,C(2195; 1; 630; 994; 1028),9,5.964448495897903,8780
2195,4,C(2195; 1; 865; 902; 1071),9,5.964448495897903,8780
