N,K,S,diameter,averageShortestPathLength,edges
2983,4,C(2983; 1; 64; 654; 1222),9,6.4594232059020795,11932
2983,4,C(2983; 1; 83; 447; 1072),9,6.4594232059020795,11932
2983,4,C(2983; 1; 147; 725; 1328),9,6.4594232059020795,11932
2983,4,C(2983; 1; 249; 1148; 1234),9,6.4594232059020795,11932
2983,4,C(2983; 1; 330; 1354; 1451),9,6.4594232059020795,11932
2983,4,C(2983; 1; 599; 618; 1421),9,6.4594232059020795,11932
2983,4,C(2983; 1; 634; 832; 1186),9,6.4594232059020795,11932
2983,4,C(2983; 1; 847; 892; 1366),9,6.4594232059020795,11932
