N,K,S,diameter,averageShortestPathLength,edges
2553,4,C(2553; 1; 79; 113; 895),9,6.19435736677116,10212
2553,4,C(2553; 1; 254; 793; 1178),9,6.19435736677116,10212
2553,4,C(2553; 1; 317; 392; 610),9,6.19435736677116,10212
2553,4,C(2553; 1; 451; 614; 635),9,6.19435736677116,10212
