N,K,S,diameter,averageShortestPathLength,edges
2704,4,C(2704; 1; 54; 229; 722),9,6.293007769145394,10816
2704,4,C(2704; 1; 74; 307; 354),9,6.293007769145394,10816
