N,K,S,diameter,averageShortestPathLength,edges
2078,4,C(2078; 1; 57; 236; 272),8,5.881078478574867,8312
2078,4,C(2078; 1; 401; 952; 1016),8,5.881078478574867,8312
