N,K,S,diameter,averageShortestPathLength,edges
2625,4,C(2625; 1; 158; 783; 1041),9,6.243140243902439,10500
2625,4,C(2625; 1; 947; 1173; 1251),9,6.243140243902439,10500
