N,K,S,diameter,averageShortestPathLength,edges
2725,4,C(2725; 1; 31; 320; 1165),9,6.3039647577092515,10900
2725,4,C(2725; 1; 565; 605; 879),9,6.3039647577092515,10900
