N,K,S,diameter,averageShortestPathLength,edges
2603,4,C(2603; 1; 99; 983; 1247),9,6.232897770945427,10412
2603,4,C(2603; 1; 253; 1078; 1118),9,6.232897770945427,10412
2603,4,C(2603; 1; 535; 560; 1136),9,6.232897770945427,10412
2603,4,C(2603; 1; 597; 766; 1176),9,6.232897770945427,10412
