N,K,S,diameter,averageShortestPathLength,edges
2997,4,C(2997; 1; 16; 1242; 1364),9,6.462616822429907,11988
2997,4,C(2997; 1; 167; 947; 1350),9,6.462616822429907,11988
2997,4,C(2997; 1; 278; 1005; 1102),9,6.462616822429907,11988
2997,4,C(2997; 1; 297; 562; 664),9,6.462616822429907,11988
2997,4,C(2997; 1; 442; 654; 1427),9,6.462616822429907,11988
2997,4,C(2997; 1; 1006; 1096; 1416),9,6.462616822429907,11988
