N,K,S,diameter,averageShortestPathLength,edges
2134,4,C(2134; 1; 83; 368; 762),9,5.923581809657759,8536
2134,4,C(2134; 1; 292; 977; 1024),9,5.923581809657759,8536
