N,K,S,diameter,averageShortestPathLength,edges
2517,4,C(2517; 1; 111; 1080; 1177),9,6.175675675675675,10068
2517,4,C(2517; 1; 450; 1095; 1189),9,6.175675675675675,10068
