N,K,S,diameter,averageShortestPathLength,edges
2399,4,C(2399; 1; 58; 241; 442),9,6.10091743119266,9596
2399,4,C(2399; 1; 65; 146; 787),9,6.10091743119266,9596
2399,4,C(2399; 1; 219; 707; 838),9,6.10091743119266,9596
2399,4,C(2399; 1; 406; 455; 699),9,6.10091743119266,9596
