N,K,S,diameter,averageShortestPathLength,edges
2642,4,C(2642; 1; 176; 249; 1137),9,6.251041272245361,10568
2642,4,C(2642; 1; 293; 918; 1041),9,6.251041272245361,10568
2642,4,C(2642; 1; 817; 1055; 1124),9,6.251041272245361,10568
