N,K,S,diameter,averageShortestPathLength,edges
2843,4,C(2843; 1; 19; 214; 1272),9,6.36734693877551,11372
2843,4,C(2843; 1; 93; 1076; 1110),9,6.36734693877551,11372
2843,4,C(2843; 1; 288; 1197; 1264),9,6.36734693877551,11372
2843,4,C(2843; 1; 561; 648; 713),9,6.36734693877551,11372
