N,K,S,diameter,averageShortestPathLength,edges
2159,4,C(2159; 1; 73; 190; 740),8,5.940685820203893,8636
2159,4,C(2159; 1; 125; 337; 489),8,5.940685820203893,8636
2159,4,C(2159; 1; 234; 976; 1025),8,5.940685820203893,8636
2159,4,C(2159; 1; 788; 814; 1030),8,5.940685820203893,8636
