N,K,S,diameter,averageShortestPathLength,edges
2055,4,C(2055; 1; 22; 517; 833),8,5.863680623174294,8220
2055,4,C(2055; 1; 65; 117; 656),8,5.863680623174294,8220
2055,4,C(2055; 1; 140; 220; 791),8,5.863680623174294,8220
2055,4,C(2055; 1; 376; 481; 632),8,5.863680623174294,8220
2055,4,C(2055; 1; 467; 616; 1004),8,5.863680623174294,8220
2055,4,C(2055; 1; 492; 730; 874),8,5.863680623174294,8220
2055,4,C(2055; 1; 523; 824; 869),8,5.863680623174294,8220
2055,4,C(2055; 1; 670; 769; 800),8,5.863680623174294,8220
