N,K,S,diameter,averageShortestPathLength,edges
2505,4,C(2505; 1; 125; 212; 571),9,6.170926517571885,10020
2505,4,C(2505; 1; 136; 535; 1228),9,6.170926517571885,10020
2505,4,C(2505; 1; 745; 818; 1028),9,6.170926517571885,10020
