N,K,S,diameter,averageShortestPathLength,edges
2959,4,C(2959; 1; 190; 864; 1370),9,6.442866801893171,11836
2959,4,C(2959; 1; 387; 445; 529),9,6.442866801893171,11836
2959,4,C(2959; 1; 460; 950; 1157),9,6.442866801893171,11836
2959,4,C(2959; 1; 581; 907; 1046),9,6.442866801893171,11836
