N,K,S,diameter,averageShortestPathLength,edges
2181,4,C(2181; 1; 144; 562; 1034),8,5.9513761467889905,8724
2181,4,C(2181; 1; 386; 1013; 1059),8,5.9513761467889905,8724
2181,4,C(2181; 1; 394; 586; 675),8,5.9513761467889905,8724
