N,K,S,diameter,averageShortestPathLength,edges
2045,4,C(2045; 1; 68; 217; 551),8,5.85518590998043,8180
2045,4,C(2045; 1; 327; 397; 746),8,5.85518590998043,8180
2045,4,C(2045; 1; 334; 443; 812),8,5.85518590998043,8180
2045,4,C(2045; 1; 349; 813; 867),8,5.85518590998043,8180
