N,K,S,diameter,averageShortestPathLength,edges
2869,4,C(2869; 1; 98; 113; 626),9,6.398186889818689,11476
2869,4,C(2869; 1; 174; 1196; 1407),9,6.398186889818689,11476
2869,4,C(2869; 1; 457; 818; 1118),9,6.398186889818689,11476
2869,4,C(2869; 1; 709; 849; 1260),9,6.398186889818689,11476
