N,K,S,diameter,averageShortestPathLength,edges
2041,4,C(2041; 1; 26; 798; 934),8,5.855882352941176,8164
2041,4,C(2041; 1; 34; 730; 941),8,5.855882352941176,8164
2041,4,C(2041; 1; 55; 629; 976),8,5.855882352941176,8164
2041,4,C(2041; 1; 59; 139; 507),8,5.855882352941176,8164
2041,4,C(2041; 1; 60; 688; 939),8,5.855882352941176,8164
2041,4,C(2041; 1; 137; 334; 576),8,5.855882352941176,8164
2041,4,C(2041; 1; 312; 881; 954),8,5.855882352941176,8164
