N,K,S,diameter,averageShortestPathLength,edges
2569,4,C(2569; 1; 89; 545; 983),9,6.206386292834891,10276
2569,4,C(2569; 1; 184; 479; 1268),9,6.206386292834891,10276
2569,4,C(2569; 1; 290; 1129; 1255),9,6.206386292834891,10276
2569,4,C(2569; 1; 877; 1068; 1103),9,6.206386292834891,10276
