N,K,S,diameter,averageShortestPathLength,edges
2600,4,C(2600; 1; 52; 321; 443),9,6.2308580223162755,10400
2600,4,C(2600; 1; 81; 517; 988),9,6.2308580223162755,10400
2600,4,C(2600; 1; 347; 364; 493),9,6.2308580223162755,10400
