N,K,S,diameter,averageShortestPathLength,edges
2071,4,C(2071; 1; 133; 343; 727),8,5.87536231884058,8284
2071,4,C(2071; 1; 380; 461; 797),8,5.87536231884058,8284
2071,4,C(2071; 1; 399; 433; 593),8,5.87536231884058,8284
