N,K,S,diameter,averageShortestPathLength,edges
2372,4,C(2372; 1; 106; 642; 901),9,6.081400253057781,9488
2372,4,C(2372; 1; 129; 202; 558),9,6.081400253057781,9488
