N,K,S,diameter,averageShortestPathLength,edges
2198,4,C(2198; 1; 50; 223; 288),9,5.968138370505234,8792
2198,4,C(2198; 1; 69; 90; 946),9,5.968138370505234,8792
