N,K,S,diameter,averageShortestPathLength,edges
2575,4,C(2575; 1; 124; 141; 448),9,6.208236208236208,10300
2575,4,C(2575; 1; 167; 638; 713),9,6.208236208236208,10300
2575,4,C(2575; 1; 478; 914; 1114),9,6.208236208236208,10300
2575,4,C(2575; 1; 502; 976; 1141),9,6.208236208236208,10300
