N,K,S,diameter,averageShortestPathLength,edges
2888,4,C(2888; 1; 483; 694; 1360),9,6.396259092483547,11552
2888,4,C(2888; 1; 816; 867; 994),9,6.396259092483547,11552
