N,K,S,diameter,averageShortestPathLength,edges
2683,4,C(2683; 1; 81; 657; 1022),9,6.283370618941089,10732
2683,4,C(2683; 1; 153; 265; 290),9,6.283370618941089,10732
2683,4,C(2683; 1; 191; 491; 1331),9,6.283370618941089,10732
2683,4,C(2683; 1; 878; 1194; 1323),9,6.283370618941089,10732
