N,K,S,diameter,averageShortestPathLength,edges
2581,4,C(2581; 1; 25; 229; 906),9,6.214728682170542,10324
2581,4,C(2581; 1; 67; 413; 920),9,6.214728682170542,10324
2581,4,C(2581; 1; 244; 541; 620),9,6.214728682170542,10324
2581,4,C(2581; 1; 476; 584; 886),9,6.214728682170542,10324
