N,K,S,diameter,averageShortestPathLength,edges
2395,4,C(2395; 1; 265; 1087; 1165),9,6.098579782790309,9580
2395,4,C(2395; 1; 295; 845; 932),9,6.098579782790309,9580
