N,K,S,diameter,averageShortestPathLength,edges
2643,4,C(2643; 1; 131; 549; 908),9,6.258137774413323,10572
2643,4,C(2643; 1; 215; 327; 1150),9,6.258137774413323,10572
2643,4,C(2643; 1; 567; 620; 713),9,6.258137774413323,10572
