N,K,S,diameter,averageShortestPathLength,edges
2030,4,C(2030; 1; 88; 363; 959),8,5.845736816165599,8120
2030,4,C(2030; 1; 727; 903; 984),8,5.845736816165599,8120
