N,K,S,diameter,averageShortestPathLength,edges
2715,4,C(2715; 1; 119; 303; 525),9,6.299926308032425,10860
2715,4,C(2715; 1; 315; 616; 687),9,6.299926308032425,10860
