N,K,S,diameter,averageShortestPathLength,edges
2694,4,C(2694; 1; 131; 1012; 1317),9,6.282955811362792,10776
2694,4,C(2694; 1; 473; 627; 856),9,6.282955811362792,10776
