N,K,S,diameter,averageShortestPathLength,edges
2101,4,C(2101; 1; 69; 598; 927),8,5.899047619047619,8404
2101,4,C(2101; 1; 226; 689; 782),8,5.899047619047619,8404
2101,4,C(2101; 1; 251; 657; 889),8,5.899047619047619,8404
2101,4,C(2101; 1; 609; 626; 709),8,5.899047619047619,8404
