N,K,S,diameter,averageShortestPathLength,edges
2416,4,C(2416; 1; 280; 528; 689),9,6.107246376811594,9664
2416,4,C(2416; 1; 856; 1073; 1200),9,6.107246376811594,9664
