N,K,S,diameter,averageShortestPathLength,edges
2323,4,C(2323; 1; 35; 790; 1082),9,6.053402239448751,9292
2323,4,C(2323; 1; 58; 599; 682),9,6.053402239448751,9292
2323,4,C(2323; 1; 531; 761; 973),9,6.053402239448751,9292
2323,4,C(2323; 1; 838; 1038; 1107),9,6.053402239448751,9292
