N,K,S,diameter,averageShortestPathLength,edges
2981,4,C(2981; 1; 17; 319; 1233),10,6.459060402684564,11924
2981,4,C(2981; 1; 418; 793; 1424),10,6.459060402684564,11924
2981,4,C(2981; 1; 526; 858; 1300),10,6.459060402684564,11924
