N,K,S,diameter,averageShortestPathLength,edges
2729,4,C(2729; 1; 640; 1102; 1198),9,6.302052785923753,10916
2729,4,C(2729; 1; 672; 985; 1102),9,6.302052785923753,10916
