N,K,S,diameter,averageShortestPathLength,edges
2317,4,C(2317; 1; 45; 618; 1064),9,6.0500863557858375,9268
2317,4,C(2317; 1; 103; 693; 1095),9,6.0500863557858375,9268
2317,4,C(2317; 1; 821; 1029; 1151),9,6.0500863557858375,9268
