N,K,S,diameter,averageShortestPathLength,edges
2782,4,C(2782; 1; 18; 501; 1325),9,6.340165408126573,11128
2782,4,C(2782; 1; 275; 1155; 1316),9,6.340165408126573,11128
2782,4,C(2782; 1; 435; 632; 1117),9,6.340165408126573,11128
