N,K,S,diameter,averageShortestPathLength,edges
2455,4,C(2455; 1; 155; 475; 744),9,6.136919315403423,9820
2455,4,C(2455; 1; 755; 1125; 1211),9,6.136919315403423,9820
