N,K,S,diameter,averageShortestPathLength,edges
2873,4,C(2873; 1; 481; 903; 1088),9,6.391364902506964,11492
2873,4,C(2873; 1; 1071; 1235; 1419),9,6.391364902506964,11492
