N,K,S,diameter,averageShortestPathLength,edges
2634,4,C(2634; 1; 604; 775; 1190),9,6.249145461450817,10536
2634,4,C(2634; 1; 1000; 1057; 1222),9,6.249145461450817,10536
