N,K,S,diameter,averageShortestPathLength,edges
2899,4,C(2899; 1; 221; 291; 533),9,6.396825396825397,11596
2899,4,C(2899; 1; 221; 528; 728),9,6.396825396825397,11596
