N,K,S,diameter,averageShortestPathLength,edges
2454,4,C(2454; 1; 127; 162; 1202),9,6.134529147982063,9816
2454,4,C(2454; 1; 599; 976; 1122),9,6.134529147982063,9816
