N,K,S,diameter,averageShortestPathLength,edges
2966,4,C(2966; 1; 98; 257; 985),9,6.443507588532884,11864
2966,4,C(2966; 1; 539; 566; 879),9,6.443507588532884,11864
2966,4,C(2966; 1; 1096; 1131; 1181),9,6.443507588532884,11864
