N,K,S,diameter,averageShortestPathLength,edges
2266,4,C(2266; 1; 304; 369; 464),8,6.008388520971303,9064
2266,4,C(2266; 1; 558; 818; 915),8,6.008388520971303,9064
