N,K,S,diameter,averageShortestPathLength,edges
2477,4,C(2477; 1; 111; 402; 883),9,6.151050080775445,9908
2477,4,C(2477; 1; 137; 216; 794),9,6.151050080775445,9908
2477,4,C(2477; 1; 277; 452; 1029),9,6.151050080775445,9908
2477,4,C(2477; 1; 365; 424; 465),9,6.151050080775445,9908
