N,K,S,diameter,averageShortestPathLength,edges
2264,4,C(2264; 1; 102; 316; 457),9,6.0114891736632785,9056
2264,4,C(2264; 1; 356; 431; 946),9,6.0114891736632785,9056
