N,K,S,diameter,averageShortestPathLength,edges
2033,4,C(2033; 1; 186; 204; 890),8,5.84744094488189,8132
2033,4,C(2033; 1; 289; 896; 981),8,5.84744094488189,8132
2033,4,C(2033; 1; 315; 347; 450),8,5.84744094488189,8132
2033,4,C(2033; 1; 329; 470; 498),8,5.84744094488189,8132
