N,K,S,diameter,averageShortestPathLength,edges
2234,4,C(2234; 1; 85; 500; 1109),8,5.991491267353337,8936
2234,4,C(2234; 1; 129; 419; 496),8,5.991491267353337,8936
2234,4,C(2234; 1; 381; 914; 1025),8,5.991491267353337,8936
