N,K,S,diameter,averageShortestPathLength,edges
2360,4,C(2360; 1; 87; 952; 984),9,6.077575243747351,9440
2360,4,C(2360; 1; 217; 1096; 1128),9,6.077575243747351,9440
