N,K,S,diameter,averageShortestPathLength,edges
2486,4,C(2486; 1; 286; 683; 918),9,6.153722334004025,9944
2486,4,C(2486; 1; 440; 500; 859),9,6.153722334004025,9944
