N,K,S,diameter,averageShortestPathLength,edges
2400,4,C(2400; 1; 38; 239; 538),9,6.098791162984577,9600
2400,4,C(2400; 1; 58; 241; 442),9,6.098791162984577,9600
