N,K,S,diameter,averageShortestPathLength,edges
2313,4,C(2313; 1; 248; 429; 882),9,6.0432525951557095,9252
2313,4,C(2313; 1; 457; 552; 612),9,6.0432525951557095,9252
