N,K,S,diameter,averageShortestPathLength,edges
2846,4,C(2846; 1; 58; 760; 1001),9,6.373989455184534,11384
2846,4,C(2846; 1; 128; 145; 794),9,6.373989455184534,11384
