N,K,S,diameter,averageShortestPathLength,edges
2304,4,C(2304; 1; 134; 230; 911),9,6.038645245332176,9216
2304,4,C(2304; 1; 230; 326; 913),9,6.038645245332176,9216
