N,K,S,diameter,averageShortestPathLength,edges
2630,4,C(2630; 1; 230; 703; 864),9,6.2472422974515025,10520
2630,4,C(2630; 1; 308; 737; 1190),9,6.2472422974515025,10520
