N,K,S,diameter,averageShortestPathLength,edges
2425,4,C(2425; 1; 142; 586; 979),9,6.118811881188119,9700
2425,4,C(2425; 1; 222; 858; 912),9,6.118811881188119,9700
2425,4,C(2425; 1; 366; 431; 577),9,6.118811881188119,9700
2425,4,C(2425; 1; 472; 509; 1186),9,6.118811881188119,9700
