N,K,S,diameter,averageShortestPathLength,edges
2049,4,C(2049; 1; 148; 504; 963),8,5.8603515625,8196
2049,4,C(2049; 1; 408; 495; 623),8,5.8603515625,8196
