N,K,S,diameter,averageShortestPathLength,edges
2138,4,C(2138; 1; 58; 201; 677),8,5.922788956481048,8552
2138,4,C(2138; 1; 103; 117; 372),8,5.922788956481048,8552
2138,4,C(2138; 1; 398; 685; 1039),8,5.922788956481048,8552
2138,4,C(2138; 1; 588; 656; 1050),8,5.922788956481048,8552
