N,K,S,diameter,averageShortestPathLength,edges
2774,4,C(2774; 1; 274; 312; 1357),9,6.333934367111432,11096
2774,4,C(2774; 1; 601; 1008; 1120),9,6.333934367111432,11096
