N,K,S,diameter,averageShortestPathLength,edges
2391,4,C(2391; 1; 38; 238; 536),9,6.097907949790795,9564
2391,4,C(2391; 1; 653; 904; 922),9,6.097907949790795,9564
2391,4,C(2391; 1; 818; 895; 1013),9,6.097907949790795,9564
2391,4,C(2391; 1; 848; 919; 968),9,6.097907949790795,9564
