N,K,S,diameter,averageShortestPathLength,edges
2125,4,C(2125; 1; 62; 466; 693),8,5.913370998116761,8500
2125,4,C(2125; 1; 114; 377; 693),8,5.913370998116761,8500
