N,K,S,diameter,averageShortestPathLength,edges
2546,4,C(2546; 1; 36; 977; 1131),9,6.191355599214146,10184
2546,4,C(2546; 1; 231; 511; 574),9,6.191355599214146,10184
2546,4,C(2546; 1; 507; 615; 774),9,6.191355599214146,10184
