N,K,S,diameter,averageShortestPathLength,edges
2327,4,C(2327; 1; 21; 221; 897),9,6.055030094582975,9308
2327,4,C(2327; 1; 554; 897; 1040),9,6.055030094582975,9308
