N,K,S,diameter,averageShortestPathLength,edges
2781,4,C(2781; 1; 120; 136; 776),9,6.337410071942446,11124
2781,4,C(2781; 1; 593; 1146; 1303),9,6.337410071942446,11124
2781,4,C(2781; 1; 706; 1290; 1319),9,6.337410071942446,11124
