N,K,S,diameter,averageShortestPathLength,edges
2592,4,C(2592; 1; 134; 308; 733),9,6.224623697414126,10368
2592,4,C(2592; 1; 153; 442; 1276),9,6.224623697414126,10368
2592,4,C(2592; 1; 587; 644; 898),9,6.224623697414126,10368
2592,4,C(2592; 1; 1002; 1125; 1164),9,6.224623697414126,10368
