N,K,S,diameter,averageShortestPathLength,edges
2872,4,C(2872; 1; 370; 862; 1425),9,6.393242772553117,11488
2872,4,C(2872; 1; 966; 1078; 1175),9,6.393242772553117,11488
