N,K,S,diameter,averageShortestPathLength,edges
2962,4,C(2962; 1; 71; 460; 580),9,6.437014522120905,11848
2962,4,C(2962; 1; 966; 1218; 1335),9,6.437014522120905,11848
