N,K,S,diameter,averageShortestPathLength,edges
2021,4,C(2021; 1; 73; 232; 283),8,5.836633663366337,8084
2021,4,C(2021; 1; 219; 322; 392),8,5.836633663366337,8084
2021,4,C(2021; 1; 526; 696; 772),8,5.836633663366337,8084
2021,4,C(2021; 1; 543; 657; 849),8,5.836633663366337,8084
