N,K,S,diameter,averageShortestPathLength,edges
2818,4,C(2818; 1; 85; 1102; 1300),9,6.3613773517926875,11272
2818,4,C(2818; 1; 431; 482; 1280),9,6.3613773517926875,11272
