N,K,S,diameter,averageShortestPathLength,edges
2473,4,C(2473; 1; 69; 614; 798),9,6.150485436893204,9892
2473,4,C(2473; 1; 311; 896; 1138),9,6.150485436893204,9892
2473,4,C(2473; 1; 313; 660; 712),9,6.150485436893204,9892
2473,4,C(2473; 1; 976; 1164; 1180),9,6.150485436893204,9892
