N,K,S,diameter,averageShortestPathLength,edges
2823,4,C(2823; 1; 151; 195; 576),9,6.366406803685329,11292
2823,4,C(2823; 1; 430; 744; 840),9,6.366406803685329,11292
