N,K,S,diameter,averageShortestPathLength,edges
2225,4,C(2225; 1; 189; 854; 1070),8,5.985611510791367,8900
2225,4,C(2225; 1; 259; 911; 995),8,5.985611510791367,8900
2225,4,C(2225; 1; 581; 784; 895),8,5.985611510791367,8900
