N,K,S,diameter,averageShortestPathLength,edges
2784,4,C(2784; 1; 48; 643; 1102),9,6.3356090549766435,11136
2784,4,C(2784; 1; 58; 1104; 1195),9,6.3356090549766435,11136
