N,K,S,diameter,averageShortestPathLength,edges
2189,4,C(2189; 1; 42; 222; 605),8,5.957952468007313,8756
2189,4,C(2189; 1; 275; 318; 886),8,5.957952468007313,8756
2189,4,C(2189; 1; 296; 407; 424),8,5.957952468007313,8756
