N,K,S,diameter,averageShortestPathLength,edges
2257,4,C(2257; 1; 37; 265; 774),9,6.01063829787234,9028
2257,4,C(2257; 1; 240; 502; 845),9,6.01063829787234,9028
2257,4,C(2257; 1; 335; 382; 592),9,6.01063829787234,9028
2257,4,C(2257; 1; 441; 820; 866),9,6.01063829787234,9028
2257,4,C(2257; 1; 442; 698; 1085),9,6.01063829787234,9028
2257,4,C(2257; 1; 540; 562; 920),9,6.01063829787234,9028
2257,4,C(2257; 1; 795; 1005; 1073),9,6.01063829787234,9028
