N,K,S,diameter,averageShortestPathLength,edges
2690,4,C(2690; 1; 450; 465; 1159),9,6.280773521755299,10760
2690,4,C(2690; 1; 675; 740; 1251),9,6.280773521755299,10760
