N,K,S,diameter,averageShortestPathLength,edges
2929,4,C(2929; 1; 83; 611; 881),9,6.419398907103825,11716
2929,4,C(2929; 1; 259; 1232; 1267),9,6.419398907103825,11716
2929,4,C(2929; 1; 393; 728; 891),9,6.419398907103825,11716
2929,4,C(2929; 1; 769; 1034; 1341),9,6.419398907103825,11716
