N,K,S,diameter,averageShortestPathLength,edges
2020,4,C(2020; 1; 71; 392; 485),8,5.8345715700842,8080
2020,4,C(2020; 1; 569; 775; 848),8,5.8345715700842,8080
