N,K,S,diameter,averageShortestPathLength,edges
2117,4,C(2117; 1; 36; 170; 391),8,5.9073724007561434,8468
2117,4,C(2117; 1; 214; 473; 660),8,5.9073724007561434,8468
2117,4,C(2117; 1; 294; 636; 828),8,5.9073724007561434,8468
2117,4,C(2117; 1; 379; 920; 942),8,5.9073724007561434,8468
