N,K,S,diameter,averageShortestPathLength,edges
2082,4,C(2082; 1; 91; 624; 849),8,5.879384911100432,8328
2082,4,C(2082; 1; 261; 588; 755),8,5.879384911100432,8328
