N,K,S,diameter,averageShortestPathLength,edges
2108,4,C(2108; 1; 167; 206; 472),8,5.900806834361652,8432
2108,4,C(2108; 1; 432; 669; 794),8,5.900806834361652,8432
