N,K,S,diameter,averageShortestPathLength,edges
2179,4,C(2179; 1; 50; 854; 919),9,5.953168044077135,8716
2179,4,C(2179; 1; 267; 709; 901),9,5.953168044077135,8716
2179,4,C(2179; 1; 421; 740; 963),9,5.953168044077135,8716
2179,4,C(2179; 1; 461; 828; 1063),9,5.953168044077135,8716
