N,K,S,diameter,averageShortestPathLength,edges
2554,4,C(2554; 1; 287; 788; 1108),9,6.193497845671759,10216
2554,4,C(2554; 1; 460; 520; 881),9,6.193497845671759,10216
