N,K,S,diameter,averageShortestPathLength,edges
2529,4,C(2529; 1; 383; 1006; 1056),9,6.181962025316456,10116
2529,4,C(2529; 1; 416; 750; 1211),9,6.181962025316456,10116
2529,4,C(2529; 1; 520; 534; 1174),9,6.181962025316456,10116
