N,K,S,diameter,averageShortestPathLength,edges
2094,4,C(2094; 1; 354; 421; 791),8,5.893454371715241,8376
2094,4,C(2094; 1; 665; 683; 972),8,5.893454371715241,8376
2094,4,C(2094; 1; 690; 916; 993),8,5.893454371715241,8376
2094,4,C(2094; 1; 732; 761; 973),8,5.893454371715241,8376
