N,K,S,diameter,averageShortestPathLength,edges
2712,4,C(2712; 1; 52; 173; 856),9,6.295094061232017,10848
2712,4,C(2712; 1; 533; 596; 632),9,6.295094061232017,10848
