N,K,S,diameter,averageShortestPathLength,edges
2164,4,C(2164; 1; 331; 522; 626),8,5.943134535367545,8656
2164,4,C(2164; 1; 358; 693; 1018),8,5.943134535367545,8656
