N,K,S,diameter,averageShortestPathLength,edges
2255,4,C(2255; 1; 400; 646; 695),8,6.001774622892635,9020
2255,4,C(2255; 1; 910; 939; 985),8,6.001774622892635,9020
