N,K,S,diameter,averageShortestPathLength,edges
2353,4,C(2353; 1; 134; 647; 700),9,6.074829931972789,9412
2353,4,C(2353; 1; 218; 771; 863),9,6.074829931972789,9412
2353,4,C(2353; 1; 262; 279; 668),9,6.074829931972789,9412
2353,4,C(2353; 1; 439; 680; 943),9,6.074829931972789,9412
