N,K,S,diameter,averageShortestPathLength,edges
2937,4,C(2937; 1; 85; 565; 1345),9,6.433242506811989,11748
2937,4,C(2937; 1; 142; 611; 1415),9,6.433242506811989,11748
2937,4,C(2937; 1; 442; 1120; 1180),9,6.433242506811989,11748
2937,4,C(2937; 1; 848; 1216; 1313),9,6.433242506811989,11748
