N,K,S,diameter,averageShortestPathLength,edges
2695,4,C(2695; 1; 110; 635; 1066),9,6.291759465478842,10780
2695,4,C(2695; 1; 320; 804; 1140),9,6.291759465478842,10780
2695,4,C(2695; 1; 419; 645; 670),9,6.291759465478842,10780
2695,4,C(2695; 1; 440; 584; 1070),9,6.291759465478842,10780
