N,K,S,diameter,averageShortestPathLength,edges
2621,4,C(2621; 1; 73; 652; 757),9,6.242748091603054,10484
2621,4,C(2621; 1; 83; 264; 322),9,6.242748091603054,10484
2621,4,C(2621; 1; 600; 754; 1140),9,6.242748091603054,10484
2621,4,C(2621; 1; 784; 1210; 1241),9,6.242748091603054,10484
