N,K,S,diameter,averageShortestPathLength,edges
2676,4,C(2676; 1; 40; 229; 625),9,6.270654205607476,10704
2676,4,C(2676; 1; 304; 409; 1271),9,6.270654205607476,10704
2676,4,C(2676; 1; 364; 659; 745),9,6.270654205607476,10704
