N,K,S,diameter,averageShortestPathLength,edges
2260,4,C(2260; 1; 281; 633; 892),8,6.004869411243913,9040
2260,4,C(2260; 1; 403; 457; 844),8,6.004869411243913,9040
2260,4,C(2260; 1; 912; 941; 987),8,6.004869411243913,9040
