N,K,S,diameter,averageShortestPathLength,edges
2320,4,C(2320; 1; 40; 229; 515),9,6.052177662785684,9280
2320,4,C(2320; 1; 215; 760; 851),9,6.052177662785684,9280
