N,K,S,diameter,averageShortestPathLength,edges
2954,4,C(2954; 1; 475; 1132; 1406),9,6.4368438875719605,11816
2954,4,C(2954; 1; 706; 730; 1051),9,6.4368438875719605,11816
