N,K,S,diameter,averageShortestPathLength,edges
2229,4,C(2229; 1; 213; 545; 861),8,5.985637342908438,8916
2229,4,C(2229; 1; 364; 483; 885),8,5.985637342908438,8916
