N,K,S,diameter,averageShortestPathLength,edges
2308,4,C(2308; 1; 349; 400; 970),9,6.040745557000434,9232
2308,4,C(2308; 1; 701; 890; 1132),9,6.040745557000434,9232
