N,K,S,diameter,averageShortestPathLength,edges
2435,4,C(2435; 1; 61; 232; 603),9,6.128184059161874,9740
2435,4,C(2435; 1; 244; 577; 1207),9,6.128184059161874,9740
2435,4,C(2435; 1; 307; 489; 953),9,6.128184059161874,9740
2435,4,C(2435; 1; 479; 882; 928),9,6.128184059161874,9740
