N,K,S,diameter,averageShortestPathLength,edges
2509,4,C(2509; 1; 61; 315; 483),9,6.175438596491228,10036
2509,4,C(2509; 1; 74; 538; 1124),9,6.175438596491228,10036
2509,4,C(2509; 1; 83; 712; 821),9,6.175438596491228,10036
2509,4,C(2509; 1; 280; 581; 946),9,6.175438596491228,10036
2509,4,C(2509; 1; 333; 685; 868),9,6.175438596491228,10036
2509,4,C(2509; 1; 437; 457; 774),9,6.175438596491228,10036
2509,4,C(2509; 1; 499; 709; 1140),9,6.175438596491228,10036
2509,4,C(2509; 1; 504; 596; 1058),9,6.175438596491228,10036
