N,K,S,diameter,averageShortestPathLength,edges
2844,4,C(2844; 1; 24; 208; 1289),9,6.371438621174815,11376
2844,4,C(2844; 1; 139; 472; 492),9,6.371438621174815,11376
