N,K,S,diameter,averageShortestPathLength,edges
2765,4,C(2765; 1; 160; 260; 1131),9,6.327785817655571,11060
2765,4,C(2765; 1; 670; 929; 985),9,6.327785817655571,11060
