N,K,S,diameter,averageShortestPathLength,edges
2794,4,C(2794; 1; 60; 285; 1298),9,6.346580737558181,11176
2794,4,C(2794; 1; 132; 549; 588),9,6.346580737558181,11176
2794,4,C(2794; 1; 294; 1124; 1241),9,6.346580737558181,11176
2794,4,C(2794; 1; 378; 797; 1046),9,6.346580737558181,11176
