N,K,S,diameter,averageShortestPathLength,edges
2423,4,C(2423; 1; 87; 787; 921),9,6.109826589595376,9692
2423,4,C(2423; 1; 204; 557; 679),9,6.109826589595376,9692
2423,4,C(2423; 1; 229; 508; 582),9,6.109826589595376,9692
2423,4,C(2423; 1; 328; 521; 563),9,6.109826589595376,9692
