N,K,S,diameter,averageShortestPathLength,edges
2461,4,C(2461; 1; 19; 878; 1079),9,6.139837398373984,9844
2461,4,C(2461; 1; 259; 990; 1093),9,6.139837398373984,9844
2461,4,C(2461; 1; 333; 485; 1056),9,6.139837398373984,9844
2461,4,C(2461; 1; 569; 967; 1162),9,6.139837398373984,9844
