N,K,S,diameter,averageShortestPathLength,edges
2097,4,C(2097; 1; 35; 494; 975),8,5.895992366412214,8388
2097,4,C(2097; 1; 208; 609; 989),8,5.895992366412214,8388
2097,4,C(2097; 1; 627; 719; 793),8,5.895992366412214,8388
