N,K,S,diameter,averageShortestPathLength,edges
2280,4,C(2280; 1; 40; 229; 515),9,6.0179903466432645,9120
2280,4,C(2280; 1; 40; 229; 625),9,6.0179903466432645,9120
