N,K,S,diameter,averageShortestPathLength,edges
2136,4,C(2136; 1; 32; 150; 379),8,5.921311475409836,8544
2136,4,C(2136; 1; 378; 992; 1037),8,5.921311475409836,8544
