N,K,S,diameter,averageShortestPathLength,edges
2214,4,C(2214; 1; 70; 835; 884),8,5.974243108901943,8856
2214,4,C(2214; 1; 175; 280; 1034),8,5.974243108901943,8856
