N,K,S,diameter,averageShortestPathLength,edges
2612,4,C(2612; 1; 20; 369; 520),9,6.234392952891612,10448
2612,4,C(2612; 1; 567; 656; 948),9,6.234392952891612,10448
2612,4,C(2612; 1; 756; 991; 1076),9,6.234392952891612,10448
2612,4,C(2612; 1; 1052; 1101; 1268),9,6.234392952891612,10448
