N,K,S,diameter,averageShortestPathLength,edges
2204,4,C(2204; 1; 73; 683; 1094),9,5.972310485701317,8816
2204,4,C(2204; 1; 155; 334; 455),9,5.972310485701317,8816
2204,4,C(2204; 1; 318; 438; 486),8,5.972310485701317,8816
2204,4,C(2204; 1; 583; 770; 785),9,5.972310485701317,8816
