N,K,S,diameter,averageShortestPathLength,edges
2611,4,C(2611; 1; 83; 120; 1152),9,6.236781609195402,10444
2611,4,C(2611; 1; 153; 631; 1054),9,6.236781609195402,10444
2611,4,C(2611; 1; 297; 755; 785),9,6.236781609195402,10444
2611,4,C(2611; 1; 800; 859; 1251),9,6.236781609195402,10444
