N,K,S,diameter,averageShortestPathLength,edges
2054,4,C(2054; 1; 229; 440; 828),8,5.857282026302971,8216
2054,4,C(2054; 1; 608; 696; 879),8,5.857282026302971,8216
