N,K,S,diameter,averageShortestPathLength,edges
2590,4,C(2590; 1; 109; 700; 883),9,6.219003476245654,10360
2590,4,C(2590; 1; 140; 1103; 1273),9,6.219003476245654,10360
2590,4,C(2590; 1; 317; 350; 499),9,6.219003476245654,10360
