N,K,S,diameter,averageShortestPathLength,edges
2050,4,C(2050; 1; 95; 582; 822),8,5.862859931673987,8200
2050,4,C(2050; 1; 408; 989; 1005),8,5.862859931673987,8200
2050,4,C(2050; 1; 455; 541; 672),8,5.862859931673987,8200
