N,K,S,diameter,averageShortestPathLength,edges
2220,4,C(2220; 1; 60; 229; 595),8,5.980621901757549,8880
2220,4,C(2220; 1; 349; 960; 1025),8,5.980621901757549,8880
