N,K,S,diameter,averageShortestPathLength,edges
2092,4,C(2092; 1; 147; 344; 853),8,5.891439502630321,8368
2092,4,C(2092; 1; 185; 880; 905),8,5.891439502630321,8368
2092,4,C(2092; 1; 319; 392; 439),8,5.891439502630321,8368
