N,K,S,diameter,averageShortestPathLength,edges
2152,4,C(2152; 1; 327; 580; 1026),9,5.9344490934449095,8608
2152,4,C(2152; 1; 398; 487; 548),9,5.9344490934449095,8608
