N,K,S,diameter,averageShortestPathLength,edges
2931,4,C(2931; 1; 226; 390; 1092),9,6.429351535836178,11724
2931,4,C(2931; 1; 903; 1143; 1258),9,6.429351535836178,11724
