N,K,S,diameter,averageShortestPathLength,edges
2831,4,C(2831; 1; 308; 758; 1358),9,6.370318021201413,11324
2831,4,C(2831; 1; 350; 604; 1157),9,6.370318021201413,11324
2831,4,C(2831; 1; 432; 639; 940),9,6.370318021201413,11324
2831,4,C(2831; 1; 515; 689; 1169),9,6.370318021201413,11324
