N,K,S,diameter,averageShortestPathLength,edges
2801,4,C(2801; 1; 98; 1188; 1311),9,6.352857142857143,11204
2801,4,C(2801; 1; 361; 597; 1111),9,6.352857142857143,11204
2801,4,C(2801; 1; 644; 731; 1229),9,6.352857142857143,11204
2801,4,C(2801; 1; 685; 797; 837),9,6.352857142857143,11204
