N,K,S,diameter,averageShortestPathLength,edges
2543,4,C(2543; 1; 84; 920; 1264),9,6.193548387096774,10172
2543,4,C(2543; 1; 333; 1200; 1226),9,6.193548387096774,10172
2543,4,C(2543; 1; 409; 463; 1125),9,6.193548387096774,10172
2543,4,C(2543; 1; 678; 725; 1006),9,6.193548387096774,10172
