N,K,S,diameter,averageShortestPathLength,edges
2396,4,C(2396; 1; 138; 834; 883),9,6.096450939457203,9584
2396,4,C(2396; 1; 294; 434; 483),9,6.096450939457203,9584
