N,K,S,diameter,averageShortestPathLength,edges
2759,4,C(2759; 1; 16; 102; 1146),9,6.324147933284989,11036
2759,4,C(2759; 1; 45; 324; 946),9,6.324147933284989,11036
2759,4,C(2759; 1; 152; 592; 1362),9,6.324147933284989,11036
2759,4,C(2759; 1; 549; 573; 898),9,6.324147933284989,11036
2759,4,C(2759; 1; 559; 981; 1002),9,6.324147933284989,11036
2759,4,C(2759; 1; 599; 826; 1303),9,6.324147933284989,11036
2759,4,C(2759; 1; 963; 1041; 1207),9,6.324147933284989,11036
2759,4,C(2759; 1; 985; 1109; 1190),9,6.324147933284989,11036
