N,K,S,diameter,averageShortestPathLength,edges
2413,4,C(2413; 1; 19; 214; 1057),9,6.111940298507463,9652
2413,4,C(2413; 1; 327; 580; 1026),9,6.111940298507463,9652
2413,4,C(2413; 1; 589; 920; 986),9,6.111940298507463,9652
