N,K,S,diameter,averageShortestPathLength,edges
2044,4,C(2044; 1; 47; 801; 862),8,5.854625550660793,8176
2044,4,C(2044; 1; 87; 191; 634),8,5.854625550660793,8176
2044,4,C(2044; 1; 717; 810; 985),8,5.854625550660793,8176
