N,K,S,diameter,averageShortestPathLength,edges
2212,4,C(2212; 1; 31; 195; 540),8,5.974672094075079,8848
2212,4,C(2212; 1; 149; 268; 999),8,5.974672094075079,8848
2212,4,C(2212; 1; 193; 363; 848),8,5.974672094075079,8848
