N,K,S,diameter,averageShortestPathLength,edges
2522,4,C(2522; 1; 258; 967; 1119),9,6.180880602935343,10088
2522,4,C(2522; 1; 730; 957; 1039),9,6.180880602935343,10088
2522,4,C(2522; 1; 905; 1056; 1149),9,6.180880602935343,10088
