N,K,S,diameter,averageShortestPathLength,edges
2072,4,C(2072; 1; 64; 848; 1023),8,5.874939642684693,8288
2072,4,C(2072; 1; 239; 384; 792),8,5.874939642684693,8288
