N,K,S,diameter,averageShortestPathLength,edges
2678,4,C(2678; 1; 30; 233; 652),9,6.274934628315278,10712
2678,4,C(2678; 1; 230; 885; 1250),9,6.274934628315278,10712
