N,K,S,diameter,averageShortestPathLength,edges
2335,4,C(2335; 1; 53; 237; 306),9,6.061696658097686,9340
2335,4,C(2335; 1; 182; 793; 1141),9,6.061696658097686,9340
2335,4,C(2335; 1; 496; 603; 802),9,6.061696658097686,9340
2335,4,C(2335; 1; 749; 867; 888),9,6.061696658097686,9340
