N,K,S,diameter,averageShortestPathLength,edges
2441,4,C(2441; 1; 87; 618; 1072),9,6.128688524590164,9764
2441,4,C(2441; 1; 225; 847; 1181),9,6.128688524590164,9764
2441,4,C(2441; 1; 415; 526; 617),9,6.128688524590164,9764
2441,4,C(2441; 1; 633; 933; 982),9,6.128688524590164,9764
