N,K,S,diameter,averageShortestPathLength,edges
2305,4,C(2305; 1; 78; 203; 790),9,6.032986111111111,9220
2305,4,C(2305; 1; 204; 352; 825),9,6.032986111111111,9220
2305,4,C(2305; 1; 640; 857; 1096),9,6.032986111111111,9220
