N,K,S,diameter,averageShortestPathLength,edges
2514,4,C(2514; 1; 17; 260; 700),9,6.17508953442101,10056
2514,4,C(2514; 1; 872; 994; 1183),9,6.17508953442101,10056
