N,K,S,diameter,averageShortestPathLength,edges
2418,4,C(2418; 1; 18; 139; 1048),9,6.115432354158047,9672
2418,4,C(2418; 1; 236; 522; 835),9,6.115432354158047,9672
