N,K,S,diameter,averageShortestPathLength,edges
2668,4,C(2668; 1; 208; 595; 662),9,6.273715785526809,10672
2668,4,C(2668; 1; 454; 744; 843),9,6.273715785526809,10672
