N,K,S,diameter,averageShortestPathLength,edges
2718,4,C(2718; 1; 560; 929; 1330),9,6.295178505704821,10872
2718,4,C(2718; 1; 694; 730; 1103),9,6.295178505704821,10872
