N,K,S,diameter,averageShortestPathLength,edges
2265,4,C(2265; 1; 225; 763; 929),9,6.013250883392226,9060
2265,4,C(2265; 1; 255; 472; 922),9,6.013250883392226,9060
2265,4,C(2265; 1; 256; 538; 975),9,6.013250883392226,9060
