N,K,S,diameter,averageShortestPathLength,edges
2780,4,C(2780; 1; 234; 639; 779),9,6.338970852824757,11120
2780,4,C(2780; 1; 666; 1041; 1179),9,6.338970852824757,11120
2780,4,C(2780; 1; 946; 1159; 1299),9,6.338970852824757,11120
