N,K,S,diameter,averageShortestPathLength,edges
2663,4,C(2663; 1; 86; 420; 1044),9,6.269722013523666,10652
2663,4,C(2663; 1; 136; 898; 986),9,6.269722013523666,10652
2663,4,C(2663; 1; 298; 459; 1002),9,6.269722013523666,10652
2663,4,C(2663; 1; 607; 673; 829),9,6.269722013523666,10652
