N,K,S,diameter,averageShortestPathLength,edges
2740,4,C(2740; 1; 305; 639; 688),9,6.312522818546915,10960
2740,4,C(2740; 1; 455; 819; 968),9,6.312522818546915,10960
