N,K,S,diameter,averageShortestPathLength,edges
2252,4,C(2252; 1; 100; 183; 674),9,6.005330964015993,9008
2252,4,C(2252; 1; 504; 603; 1062),9,6.005330964015993,9008
