N,K,S,diameter,averageShortestPathLength,edges
2933,4,C(2933; 1; 131; 191; 1414),9,6.427012278308322,11732
2933,4,C(2933; 1; 403; 715; 840),9,6.427012278308322,11732
2933,4,C(2933; 1; 637; 906; 1366),9,6.427012278308322,11732
