N,K,S,diameter,averageShortestPathLength,edges
2471,4,C(2471; 1; 49; 1025; 1044),9,6.149797570850202,9884
2471,4,C(2471; 1; 93; 135; 798),9,6.149797570850202,9884
2471,4,C(2471; 1; 168; 186; 400),9,6.149797570850202,9884
