N,K,S,diameter,averageShortestPathLength,edges
2452,4,C(2452; 1; 302; 865; 954),9,6.134230926152591,9808
2452,4,C(2452; 1; 703; 1018; 1186),9,6.134230926152591,9808
