N,K,S,diameter,averageShortestPathLength,edges
2573,4,C(2573; 1; 242; 752; 809),9,6.213063763608087,10292
2573,4,C(2573; 1; 277; 478; 1075),9,6.213063763608087,10292
2573,4,C(2573; 1; 418; 890; 925),9,6.213063763608087,10292
2573,4,C(2573; 1; 942; 1061; 1112),9,6.213063763608087,10292
