N,K,S,diameter,averageShortestPathLength,edges
2263,4,C(2263; 1; 65; 311; 604),9,6.015030946065429,9052
2263,4,C(2263; 1; 161; 281; 866),9,6.015030946065429,9052
2263,4,C(2263; 1; 253; 413; 940),9,6.015030946065429,9052
2263,4,C(2263; 1; 342; 400; 635),9,6.015030946065429,9052
