N,K,S,diameter,averageShortestPathLength,edges
2440,4,C(2440; 1; 278; 669; 918),9,6.130381303813038,9760
2440,4,C(2440; 1; 822; 1142; 1189),9,6.130381303813038,9760
