N,K,S,diameter,averageShortestPathLength,edges
2119,4,C(2119; 1; 104; 733; 770),8,5.913125590179415,8476
2119,4,C(2119; 1; 126; 393; 1013),8,5.913125590179415,8476
2119,4,C(2119; 1; 134; 638; 692),8,5.913125590179415,8476
2119,4,C(2119; 1; 185; 659; 933),8,5.913125590179415,8476
2119,4,C(2119; 1; 208; 236; 980),8,5.913125590179415,8476
2119,4,C(2119; 1; 355; 422; 897),8,5.913125590179415,8476
2119,4,C(2119; 1; 399; 542; 582),8,5.913125590179415,8476
