N,K,S,diameter,averageShortestPathLength,edges
2617,4,C(2617; 1; 19; 308; 724),9,6.240825688073395,10468
2617,4,C(2617; 1; 60; 451; 529),9,6.240825688073395,10468
2617,4,C(2617; 1; 174; 737; 841),9,6.240825688073395,10468
2617,4,C(2617; 1; 290; 376; 441),9,6.240825688073395,10468
2617,4,C(2617; 1; 397; 551; 1140),9,6.240825688073395,10468
2617,4,C(2617; 1; 549; 741; 994),9,6.240825688073395,10468
2617,4,C(2617; 1; 567; 749; 1012),9,6.240825688073395,10468
2617,4,C(2617; 1; 920; 1147; 1300),9,6.240825688073395,10468
