N,K,S,diameter,averageShortestPathLength,edges
2276,4,C(2276; 1; 22; 202; 799),9,6.0189010989010985,9104
2276,4,C(2276; 1; 390; 1034; 1091),9,6.0189010989010985,9104
