N,K,S,diameter,averageShortestPathLength,edges
2949,4,C(2949; 1; 356; 417; 677),9,6.432835820895522,11796
2949,4,C(2949; 1; 404; 471; 1168),9,6.432835820895522,11796
2949,4,C(2949; 1; 972; 1346; 1438),9,6.432835820895522,11796
