N,K,S,diameter,averageShortestPathLength,edges
2149,4,C(2149; 1; 54; 362; 962),8,5.93389199255121,8596
2149,4,C(2149; 1; 177; 199; 1028),8,5.93389199255121,8596
2149,4,C(2149; 1; 374; 855; 905),8,5.93389199255121,8596
2149,4,C(2149; 1; 710; 936; 1032),8,5.93389199255121,8596
