N,K,S,diameter,averageShortestPathLength,edges
2318,4,C(2318; 1; 58; 221; 574),9,6.048769961156668,9272
2318,4,C(2318; 1; 220; 923; 1020),9,6.048769961156668,9272
