N,K,S,diameter,averageShortestPathLength,edges
2542,4,C(2542; 1; 78; 413; 706),9,6.194411648957104,10168
2542,4,C(2542; 1; 437; 940; 1040),9,6.194411648957104,10168
