N,K,S,diameter,averageShortestPathLength,edges
2467,4,C(2467; 1; 106; 712; 1006),9,6.149229521492296,9868
2467,4,C(2467; 1; 256; 286; 968),9,6.149229521492296,9868
2467,4,C(2467; 1; 591; 971; 1065),9,6.149229521492296,9868
2467,4,C(2467; 1; 1036; 1142; 1199),9,6.149229521492296,9868
