N,K,S,diameter,averageShortestPathLength,edges
2825,4,C(2825; 1; 34; 247; 692),9,6.359773371104816,11300
2825,4,C(2825; 1; 183; 489; 572),9,6.359773371104816,11300
2825,4,C(2825; 1; 242; 312; 914),9,6.359773371104816,11300
2825,4,C(2825; 1; 347; 498; 959),9,6.359773371104816,11300
