N,K,S,diameter,averageShortestPathLength,edges
2650,4,C(2650; 1; 236; 1112; 1143),9,6.257833144582862,10600
2650,4,C(2650; 1; 552; 984; 1143),9,6.257833144582862,10600
