N,K,S,diameter,averageShortestPathLength,edges
2137,4,C(2137; 1; 315; 572; 960),8,5.926029962546816,8548
2137,4,C(2137; 1; 348; 450; 467),8,5.926029962546816,8548
2137,4,C(2137; 1; 404; 436; 597),8,5.926029962546816,8548
2137,4,C(2137; 1; 906; 968; 1059),8,5.926029962546816,8548
