N,K,S,diameter,averageShortestPathLength,edges
2602,4,C(2602; 1; 58; 617; 1144),9,6.227604767397155,10408
2602,4,C(2602; 1; 306; 835; 1008),9,6.227604767397155,10408
