N,K,S,diameter,averageShortestPathLength,edges
2705,4,C(2705; 1; 91; 348; 1161),9,6.291420118343195,10820
2705,4,C(2705; 1; 93; 879; 1189),9,6.291420118343195,10820
2705,4,C(2705; 1; 203; 226; 1074),9,6.291420118343195,10820
2705,4,C(2705; 1; 533; 1018; 1267),9,6.291420118343195,10820
