N,K,S,diameter,averageShortestPathLength,edges
2155,4,C(2155; 1; 86; 335; 443),8,5.938718662952646,8620
2155,4,C(2155; 1; 318; 365; 655),8,5.938718662952646,8620
2155,4,C(2155; 1; 330; 480; 698),8,5.938718662952646,8620
2155,4,C(2155; 1; 426; 480; 922),8,5.938718662952646,8620
2155,4,C(2155; 1; 467; 783; 870),8,5.938718662952646,8620
