N,K,S,diameter,averageShortestPathLength,edges
2649,4,C(2649; 1; 80; 1036; 1222),9,6.256797583081571,10596
2649,4,C(2649; 1; 130; 359; 995),9,6.256797583081571,10596
2649,4,C(2649; 1; 202; 266; 487),9,6.256797583081571,10596
2649,4,C(2649; 1; 298; 1205; 1243),9,6.256797583081571,10596
