N,K,S,diameter,averageShortestPathLength,edges
2596,4,C(2596; 1; 312; 584; 1099),9,6.2289017341040465,10384
2596,4,C(2596; 1; 1011; 1132; 1280),9,6.2289017341040465,10384
