N,K,S,diameter,averageShortestPathLength,edges
2463,4,C(2463; 1; 186; 454; 576),9,6.139723801787165,9852
2463,4,C(2463; 1; 477; 921; 1123),9,6.139723801787165,9852
