N,K,S,diameter,averageShortestPathLength,edges
2231,4,C(2231; 1; 38; 179; 412),8,5.989237668161435,8924
2231,4,C(2231; 1; 54; 224; 411),8,5.989237668161435,8924
2231,4,C(2231; 1; 60; 249; 287),8,5.989237668161435,8924
2231,4,C(2231; 1; 409; 785; 860),8,5.989237668161435,8924
