N,K,S,diameter,averageShortestPathLength,edges
2414,4,C(2414; 1; 47; 404; 870),9,6.109821798590966,9656
2414,4,C(2414; 1; 565; 906; 1070),9,6.109821798590966,9656
