N,K,S,diameter,averageShortestPathLength,edges
2840,4,C(2840; 1; 219; 378; 1058),9,6.373723141951391,11360
2840,4,C(2840; 1; 342; 702; 1219),9,6.373723141951391,11360
