N,K,S,diameter,averageShortestPathLength,edges
2143,4,C(2143; 1; 64; 172; 591),8,5.9299719887955185,8572
2143,4,C(2143; 1; 290; 461; 498),8,5.9299719887955185,8572
2143,4,C(2143; 1; 486; 569; 863),8,5.9299719887955185,8572
2143,4,C(2143; 1; 560; 667; 1038),8,5.9299719887955185,8572
