N,K,S,diameter,averageShortestPathLength,edges
2075,4,C(2075; 1; 24; 758; 971),8,5.879459980713597,8300
2075,4,C(2075; 1; 27; 156; 406),8,5.879459980713597,8300
2075,4,C(2075; 1; 46; 833; 951),8,5.879459980713597,8300
2075,4,C(2075; 1; 538; 553; 928),8,5.879459980713597,8300
