N,K,S,diameter,averageShortestPathLength,edges
2291,4,C(2291; 1; 38; 785; 1007),9,6.03231441048035,9164
2291,4,C(2291; 1; 83; 213; 537),9,6.03231441048035,9164
2291,4,C(2291; 1; 138; 389; 794),9,6.03231441048035,9164
2291,4,C(2291; 1; 422; 925; 1119),9,6.03231441048035,9164
