N,K,S,diameter,averageShortestPathLength,edges
2297,4,C(2297; 1; 71; 940; 1134),9,6.038327526132404,9188
2297,4,C(2297; 1; 105; 325; 1030),9,6.038327526132404,9188
2297,4,C(2297; 1; 175; 550; 1084),9,6.038327526132404,9188
2297,4,C(2297; 1; 252; 792; 1104),9,6.038327526132404,9188
