N,K,S,diameter,averageShortestPathLength,edges
2439,4,C(2439; 1; 319; 428; 888),9,6.1230516817063165,9756
2439,4,C(2439; 1; 367; 930; 980),9,6.1230516817063165,9756
2439,4,C(2439; 1; 416; 998; 1119),9,6.1230516817063165,9756
