N,K,S,diameter,averageShortestPathLength,edges
2259,4,C(2259; 1; 149; 582; 1071),9,6.00177147918512,9036
2259,4,C(2259; 1; 201; 387; 470),9,6.00177147918512,9036
