N,K,S,diameter,averageShortestPathLength,edges
2246,4,C(2246; 1; 29; 890; 1042),9,5.997772828507795,8984
2246,4,C(2246; 1; 434; 697; 816),9,5.997772828507795,8984
