N,K,S,diameter,averageShortestPathLength,edges
2433,4,C(2433; 1; 17; 677; 1138),9,6.1225328947368425,9732
2433,4,C(2433; 1; 62; 613; 1054),9,6.1225328947368425,9732
2433,4,C(2433; 1; 115; 478; 512),9,6.1225328947368425,9732
2433,4,C(2433; 1; 962; 1078; 1145),9,6.1225328947368425,9732
