N,K,S,diameter,averageShortestPathLength,edges
2539,4,C(2539; 1; 153; 431; 880),9,6.193853427895981,10156
2539,4,C(2539; 1; 176; 314; 1001),9,6.193853427895981,10156
2539,4,C(2539; 1; 324; 752; 1208),9,6.193853427895981,10156
2539,4,C(2539; 1; 487; 578; 614),9,6.193853427895981,10156
