N,K,S,diameter,averageShortestPathLength,edges
2559,4,C(2559; 1; 42; 221; 602),9,6.202501954652072,10236
2559,4,C(2559; 1; 220; 628; 996),9,6.202501954652072,10236
2559,4,C(2559; 1; 357; 599; 1271),9,6.202501954652072,10236
