N,K,S,diameter,averageShortestPathLength,edges
2523,4,C(2523; 1; 60; 988; 1066),9,6.18080888183981,10092
2523,4,C(2523; 1; 124; 613; 1065),9,6.18080888183981,10092
2523,4,C(2523; 1; 378; 595; 997),9,6.18080888183981,10092
