N,K,S,diameter,averageShortestPathLength,edges
2685,4,C(2685; 1; 206; 745; 1050),9,6.277198211624441,10740
2685,4,C(2685; 1; 735; 769; 1000),9,6.277198211624441,10740
