N,K,S,diameter,averageShortestPathLength,edges
2034,4,C(2034; 1; 217; 743; 828),8,5.847024102311854,8136
2034,4,C(2034; 1; 360; 409; 703),8,5.847024102311854,8136
2034,4,C(2034; 1; 576; 605; 925),8,5.847024102311854,8136
