N,K,S,diameter,averageShortestPathLength,edges
2607,4,C(2607; 1; 132; 414; 1015),9,6.230237912509593,10428
2607,4,C(2607; 1; 390; 858; 994),9,6.230237912509593,10428
