N,K,S,diameter,averageShortestPathLength,edges
2951,4,C(2951; 1; 105; 516; 760),9,6.432542372881356,11804
2951,4,C(2951; 1; 431; 990; 1071),9,6.432542372881356,11804
2951,4,C(2951; 1; 534; 1101; 1398),9,6.432542372881356,11804
2951,4,C(2951; 1; 642; 692; 1115),9,6.432542372881356,11804
