N,K,S,diameter,averageShortestPathLength,edges
2957,4,C(2957; 1; 16; 823; 1384),9,6.445872801082544,11828
2957,4,C(2957; 1; 40; 485; 1111),9,6.445872801082544,11828
2957,4,C(2957; 1; 194; 961; 1121),9,6.445872801082544,11828
2957,4,C(2957; 1; 503; 924; 1392),9,6.445872801082544,11828
