N,K,S,diameter,averageShortestPathLength,edges
2254,4,C(2254; 1; 251; 1027; 1062),9,6.004882379050155,9016
2254,4,C(2254; 1; 417; 983; 1070),9,6.004882379050155,9016
2254,4,C(2254; 1; 449; 947; 1010),9,6.004882379050155,9016
