N,K,S,diameter,averageShortestPathLength,edges
2388,4,C(2388; 1; 34; 261; 1025),9,6.093422706325932,9552
2388,4,C(2388; 1; 51; 869; 890),9,6.093422706325932,9552
