N,K,S,diameter,averageShortestPathLength,edges
2344,4,C(2344; 1; 87; 668; 802),9,6.0606060606060606,9376
2344,4,C(2344; 1; 612; 826; 943),9,6.0606060606060606,9376
