N,K,S,diameter,averageShortestPathLength,edges
2244,4,C(2244; 1; 15; 169; 1004),9,5.9995541685242975,8976
2244,4,C(2244; 1; 152; 239; 903),9,5.9995541685242975,8976
