N,K,S,diameter,averageShortestPathLength,edges
2845,4,C(2845; 1; 345; 650; 1389),9,6.367791842475387,11380
2845,4,C(2845; 1; 350; 660; 1104),9,6.367791842475387,11380
