N,K,S,diameter,averageShortestPathLength,edges
2703,4,C(2703; 1; 18; 840; 1274),9,6.286454478164322,10812
2703,4,C(2703; 1; 534; 645; 715),9,6.286454478164322,10812
