N,K,S,diameter,averageShortestPathLength,edges
2852,4,C(2852; 1; 190; 622; 1273),9,6.383725008768853,11408
2852,4,C(2852; 1; 233; 526; 1362),9,6.383725008768853,11408
2852,4,C(2852; 1; 270; 558; 934),9,6.383725008768853,11408
