N,K,S,diameter,averageShortestPathLength,edges
2337,4,C(2337; 1; 131; 577; 1114),9,6.060787671232877,9348
2337,4,C(2337; 1; 212; 761; 1072),9,6.060787671232877,9348
2337,4,C(2337; 1; 272; 446; 937),9,6.060787671232877,9348
2337,4,C(2337; 1; 421; 476; 806),9,6.060787671232877,9348
