N,K,S,diameter,averageShortestPathLength,edges
2283,4,C(2283; 1; 53; 237; 306),9,6.027169149868536,9132
2283,4,C(2283; 1; 70; 371; 634),9,6.027169149868536,9132
2283,4,C(2283; 1; 80; 494; 1034),9,6.027169149868536,9132
2283,4,C(2283; 1; 135; 306; 560),9,6.027169149868536,9132
2283,4,C(2283; 1; 223; 424; 578),9,6.027169149868536,9132
2283,4,C(2283; 1; 767; 818; 1102),9,6.027169149868536,9132
