N,K,S,diameter,averageShortestPathLength,edges
2003,4,C(2003; 1; 149; 385; 494),8,5.825174825174825,8012
2003,4,C(2003; 1; 158; 258; 941),8,5.825174825174825,8012
2003,4,C(2003; 1; 393; 742; 759),8,5.825174825174825,8012
2003,4,C(2003; 1; 427; 636; 796),8,5.825174825174825,8012
