N,K,S,diameter,averageShortestPathLength,edges
2973,4,C(2973; 1; 28; 152; 1268),9,6.4481830417227455,11892
2973,4,C(2973; 1; 272; 415; 647),9,6.4481830417227455,11892
2973,4,C(2973; 1; 391; 556; 1154),9,6.4481830417227455,11892
2973,4,C(2973; 1; 470; 844; 1168),9,6.4481830417227455,11892
