N,K,S,diameter,averageShortestPathLength,edges
2447,4,C(2447; 1; 57; 275; 364),9,6.1267375306623055,9788
2447,4,C(2447; 1; 117; 943; 961),9,6.1267375306623055,9788
2447,4,C(2447; 1; 222; 732; 1163),9,6.1267375306623055,9788
2447,4,C(2447; 1; 601; 981; 1121),9,6.1267375306623055,9788
