N,K,S,diameter,averageShortestPathLength,edges
2285,4,C(2285; 1; 102; 552; 740),9,6.024518388791594,9140
2285,4,C(2285; 1; 112; 129; 620),9,6.024518388791594,9140
2285,4,C(2285; 1; 124; 178; 810),9,6.024518388791594,9140
