N,K,S,diameter,averageShortestPathLength,edges
2953,4,C(2953; 1; 25; 115; 842),9,6.440379403794038,11812
2953,4,C(2953; 1; 33; 257; 719),9,6.440379403794038,11812
2953,4,C(2953; 1; 179; 1231; 1245),9,6.440379403794038,11812
2953,4,C(2953; 1; 586; 945; 1333),9,6.440379403794038,11812
