N,K,S,diameter,averageShortestPathLength,edges
2711,4,C(2711; 1; 96; 125; 1174),9,6.299630996309963,10844
2711,4,C(2711; 1; 347; 728; 780),9,6.299630996309963,10844
2711,4,C(2711; 1; 582; 1106; 1180),9,6.299630996309963,10844
2711,4,C(2711; 1; 706; 722; 1213),9,6.299630996309963,10844
