N,K,S,diameter,averageShortestPathLength,edges
2063,4,C(2063; 1; 16; 255; 611),8,5.867119301648884,8252
2063,4,C(2063; 1; 113; 129; 425),8,5.867119301648884,8252
2063,4,C(2063; 1; 233; 490; 888),8,5.867119301648884,8252
2063,4,C(2063; 1; 661; 712; 987),8,5.867119301648884,8252
