N,K,S,diameter,averageShortestPathLength,edges
2374,4,C(2374; 1; 600; 1100; 1117),9,6.085124315212811,9496
2374,4,C(2374; 1; 694; 797; 1026),9,6.085124315212811,9496
