N,K,S,diameter,averageShortestPathLength,edges
2897,4,C(2897; 1; 38; 1081; 1379),9,6.407458563535911,11588
2897,4,C(2897; 1; 265; 1172; 1296),9,6.407458563535911,11588
2897,4,C(2897; 1; 792; 1126; 1360),9,6.407458563535911,11588
2897,4,C(2897; 1; 1273; 1293; 1415),9,6.407458563535911,11588
