N,K,S,diameter,averageShortestPathLength,edges
2637,4,C(2637; 1; 17; 475; 1256),9,6.2526555386949925,10548
2637,4,C(2637; 1; 50; 902; 1238),9,6.2526555386949925,10548
2637,4,C(2637; 1; 229; 1213; 1241),9,6.2526555386949925,10548
2637,4,C(2637; 1; 380; 443; 535),9,6.2526555386949925,10548
