N,K,S,diameter,averageShortestPathLength,edges
2776,4,C(2776; 1; 164; 372; 681),9,6.337297297297297,11104
2776,4,C(2776; 1; 612; 628; 1121),9,6.337297297297297,11104
