N,K,S,diameter,averageShortestPathLength,edges
2100,4,C(2100; 1; 109; 245; 1020),8,5.89185326345879,8400
2100,4,C(2100; 1; 289; 595; 780),8,5.89185326345879,8400
