N,K,S,diameter,averageShortestPathLength,edges
2618,4,C(2618; 1; 265; 1150; 1232),9,6.237676729079098,10472
2618,4,C(2618; 1; 573; 786; 924),9,6.237676729079098,10472
