N,K,S,diameter,averageShortestPathLength,edges
2350,4,C(2350; 1; 56; 156; 899),9,6.071945508727118,9400
2350,4,C(2350; 1; 149; 256; 1056),9,6.071945508727118,9400
