N,K,S,diameter,averageShortestPathLength,edges
2216,4,C(2216; 1; 208; 465; 493),8,5.976975169300226,8864
2216,4,C(2216; 1; 305; 323; 824),8,5.976975169300226,8864
2216,4,C(2216; 1; 445; 512; 837),8,5.976975169300226,8864
