N,K,S,diameter,averageShortestPathLength,edges
2469,4,C(2469; 1; 40; 246; 435),9,6.145867098865478,9876
2469,4,C(2469; 1; 679; 858; 915),9,6.145867098865478,9876
