N,K,S,diameter,averageShortestPathLength,edges
2577,4,C(2577; 1; 222; 244; 879),9,6.216614906832298,10308
2577,4,C(2577; 1; 360; 602; 873),9,6.216614906832298,10308
