N,K,S,diameter,averageShortestPathLength,edges
2996,4,C(2996; 1; 867; 1190; 1324),9,6.458430717863105,11984
2996,4,C(2996; 1; 895; 1436; 1470),9,6.458430717863105,11984
