N,K,S,diameter,averageShortestPathLength,edges
2924,4,C(2924; 1; 329; 1330; 1372),9,6.413616147793363,11696
2924,4,C(2924; 1; 711; 1124; 1178),9,6.413616147793363,11696
