N,K,S,diameter,averageShortestPathLength,edges
2583,4,C(2583; 1; 107; 996; 1065),9,6.2161115414407435,10332
2583,4,C(2583; 1; 879; 1077; 1207),9,6.2161115414407435,10332
