N,K,S,diameter,averageShortestPathLength,edges
2974,4,C(2974; 1; 150; 387; 1107),9,6.450386814665321,11896
2974,4,C(2974; 1; 487; 707; 1014),9,6.450386814665321,11896
2974,4,C(2974; 1; 629; 1370; 1397),9,6.450386814665321,11896
