N,K,S,diameter,averageShortestPathLength,edges
2664,4,C(2664; 1; 86; 876; 1145),9,6.265865565152084,10656
2664,4,C(2664; 1; 142; 463; 660),9,6.265865565152084,10656
