N,K,S,diameter,averageShortestPathLength,edges
2819,4,C(2819; 1; 16; 786; 1319),9,6.351312987934706,11276
2819,4,C(2819; 1; 165; 669; 1223),9,6.351312987934706,11276
2819,4,C(2819; 1; 552; 872; 1355),9,6.351312987934706,11276
2819,4,C(2819; 1; 611; 881; 1008),9,6.351312987934706,11276
