N,K,S,diameter,averageShortestPathLength,edges
2162,4,C(2162; 1; 466; 676; 863),8,5.941230911614993,8648
2162,4,C(2162; 1; 481; 702; 856),8,5.941230911614993,8648
