N,K,S,diameter,averageShortestPathLength,edges
2002,4,C(2002; 1; 205; 452; 962),8,5.817591204397801,8008
2002,4,C(2002; 1; 459; 740; 884),8,5.817591204397801,8008
