N,K,S,diameter,averageShortestPathLength,edges
2893,4,C(2893; 1; 108; 266; 1359),9,6.405947441217151,11572
2893,4,C(2893; 1; 190; 1088; 1403),9,6.405947441217151,11572
2893,4,C(2893; 1; 694; 1218; 1259),9,6.405947441217151,11572
2893,4,C(2893; 1; 807; 1058; 1437),9,6.405947441217151,11572
