N,K,S,diameter,averageShortestPathLength,edges
2555,4,C(2555; 1; 260; 569; 740),9,6.201252936570087,10220
2555,4,C(2555; 1; 445; 696; 1070),9,6.201252936570087,10220
