N,K,S,diameter,averageShortestPathLength,edges
2510,4,C(2510; 1; 337; 658; 745),9,6.170984455958549,10040
2510,4,C(2510; 1; 784; 1115; 1147),9,6.170984455958549,10040
