N,K,S,diameter,averageShortestPathLength,edges
2432,4,C(2432; 1; 691; 911; 1006),9,6.121349238996298,9728
2432,4,C(2432; 1; 730; 901; 1205),9,6.121349238996298,9728
2432,4,C(2432; 1; 818; 913; 995),9,6.121349238996298,9728
