N,K,S,diameter,averageShortestPathLength,edges
2171,4,C(2171; 1; 229; 492; 584),8,5.951152073732719,8684
2171,4,C(2171; 1; 268; 315; 967),8,5.951152073732719,8684
2171,4,C(2171; 1; 566; 631; 958),8,5.951152073732719,8684
2171,4,C(2171; 1; 817; 1000; 1045),8,5.951152073732719,8684
