N,K,S,diameter,averageShortestPathLength,edges
2828,4,C(2828; 1; 150; 260; 611),9,6.365758754863813,11312
2828,4,C(2828; 1; 838; 1264; 1333),9,6.365758754863813,11312
