N,K,S,diameter,averageShortestPathLength,edges
2051,4,C(2051; 1; 155; 610; 652),8,5.8585365853658535,8204
2051,4,C(2051; 1; 211; 475; 559),8,5.8585365853658535,8204
2051,4,C(2051; 1; 232; 510; 958),8,5.8585365853658535,8204
2051,4,C(2051; 1; 741; 790; 904),8,5.8585365853658535,8204
