N,K,S,diameter,averageShortestPathLength,edges
2601,4,C(2601; 1; 146; 707; 1283),9,6.227692307692307,10404
2601,4,C(2601; 1; 223; 1000; 1255),9,6.227692307692307,10404
2601,4,C(2601; 1; 481; 664; 686),9,6.227692307692307,10404
2601,4,C(2601; 1; 662; 1043; 1100),9,6.227692307692307,10404
