N,K,S,diameter,averageShortestPathLength,edges
2446,4,C(2446; 1; 134; 153; 504),9,6.130470347648262,9784
2446,4,C(2446; 1; 860; 1072; 1215),9,6.130470347648262,9784
