N,K,S,diameter,averageShortestPathLength,edges
2799,4,C(2799; 1; 153; 241; 1347),9,6.345246604717656,11196
2799,4,C(2799; 1; 522; 662; 1167),9,6.345246604717656,11196
