N,K,S,diameter,averageShortestPathLength,edges
2015,4,C(2015; 1; 34; 509; 870),8,5.835153922542204,8060
2015,4,C(2015; 1; 330; 874; 889),8,5.835153922542204,8060
2015,4,C(2015; 1; 384; 410; 966),8,5.835153922542204,8060
