N,K,S,diameter,averageShortestPathLength,edges
2566,4,C(2566; 1; 48; 426; 789),9,6.208576998050682,10264
2566,4,C(2566; 1; 58; 644; 735),9,6.208576998050682,10264
