N,K,S,diameter,averageShortestPathLength,edges
2987,4,C(2987; 1; 281; 516; 897),9,6.45344943067649,11948
2987,4,C(2987; 1; 333; 976; 1418),9,6.45344943067649,11948
2987,4,C(2987; 1; 411; 1002; 1266),9,6.45344943067649,11948
2987,4,C(2987; 1; 629; 1215; 1350),9,6.45344943067649,11948
