N,K,S,diameter,averageShortestPathLength,edges
2069,4,C(2069; 1; 38; 397; 610),8,5.8742746615087045,8276
2069,4,C(2069; 1; 44; 490; 964),8,5.8742746615087045,8276
2069,4,C(2069; 1; 47; 210; 271),8,5.8742746615087045,8276
2069,4,C(2069; 1; 156; 334; 436),8,5.8742746615087045,8276
2069,4,C(2069; 1; 215; 252; 661),8,5.8742746615087045,8276
2069,4,C(2069; 1; 261; 276; 664),8,5.8742746615087045,8276
2069,4,C(2069; 1; 580; 601; 719),8,5.8742746615087045,8276
2069,4,C(2069; 1; 842; 923; 1027),8,5.8742746615087045,8276
