N,K,S,diameter,averageShortestPathLength,edges
2551,4,C(2551; 1; 147; 888; 940),9,6.20235294117647,10204
2551,4,C(2551; 1; 158; 267; 562),9,6.20235294117647,10204
2551,4,C(2551; 1; 522; 844; 931),9,6.20235294117647,10204
2551,4,C(2551; 1; 879; 896; 1128),9,6.20235294117647,10204
