N,K,S,diameter,averageShortestPathLength,edges
2103,4,C(2103; 1; 62; 451; 942),8,5.900095147478591,8412
2103,4,C(2103; 1; 114; 247; 844),8,5.900095147478591,8412
2103,4,C(2103; 1; 298; 324; 848),8,5.900095147478591,8412
