N,K,S,diameter,averageShortestPathLength,edges
2826,4,C(2826; 1; 384; 433; 464),9,6.359646017699115,11304
2826,4,C(2826; 1; 508; 1200; 1351),9,6.359646017699115,11304
