N,K,S,diameter,averageShortestPathLength,edges
2224,4,C(2224; 1; 63; 464; 669),9,5.986054880791723,8896
2224,4,C(2224; 1; 123; 752; 1077),9,5.986054880791723,8896
2224,4,C(2224; 1; 353; 413; 784),9,5.986054880791723,8896
