N,K,S,diameter,averageShortestPathLength,edges
2861,4,C(2861; 1; 209; 765; 1284),9,6.3888111888111885,11444
2861,4,C(2861; 1; 332; 649; 724),9,6.3888111888111885,11444
2861,4,C(2861; 1; 378; 529; 1107),9,6.3888111888111885,11444
2861,4,C(2861; 1; 616; 825; 1308),9,6.3888111888111885,11444
