N,K,S,diameter,averageShortestPathLength,edges
2524,4,C(2524; 1; 47; 419; 776),9,6.177962742766548,10096
2524,4,C(2524; 1; 252; 367; 537),9,6.177962742766548,10096
2524,4,C(2524; 1; 253; 544; 729),9,6.177962742766548,10096
