N,K,S,diameter,averageShortestPathLength,edges
2955,4,C(2955; 1; 165; 424; 815),9,6.436696005416384,11820
2955,4,C(2955; 1; 925; 1136; 1275),9,6.436696005416384,11820
