N,K,S,diameter,averageShortestPathLength,edges
2731,4,C(2731; 1; 46; 622; 1069),9,6.30989010989011,10924
2731,4,C(2731; 1; 251; 1128; 1270),9,6.30989010989011,10924
2731,4,C(2731; 1; 260; 815; 1027),9,6.30989010989011,10924
2731,4,C(2731; 1; 1001; 1225; 1355),9,6.30989010989011,10924
