N,K,S,diameter,averageShortestPathLength,edges
2667,4,C(2667; 1; 141; 242; 1080),9,6.27456864216054,10668
2667,4,C(2667; 1; 291; 1069; 1290),9,6.27456864216054,10668
