N,K,S,diameter,averageShortestPathLength,edges
2145,4,C(2145; 1; 90; 479; 942),8,5.930037313432836,8580
2145,4,C(2145; 1; 345; 822; 1021),8,5.930037313432836,8580
