N,K,S,diameter,averageShortestPathLength,edges
2657,4,C(2657; 1; 26; 568; 809),9,6.265060240963855,10628
2657,4,C(2657; 1; 159; 1082; 1118),9,6.265060240963855,10628
2657,4,C(2657; 1; 335; 739; 1024),9,6.265060240963855,10628
2657,4,C(2657; 1; 511; 635; 1093),9,6.265060240963855,10628
