N,K,S,diameter,averageShortestPathLength,edges
2024,4,C(2024; 1; 296; 688; 711),8,5.841324765200198,8096
2024,4,C(2024; 1; 576; 817; 976),8,5.841324765200198,8096
