N,K,S,diameter,averageShortestPathLength,edges
2422,4,C(2422; 1; 59; 216; 832),9,6.118133002891367,9688
2422,4,C(2422; 1; 68; 530; 821),9,6.118133002891367,9688
