N,K,S,diameter,averageShortestPathLength,edges
2023,4,C(2023; 1; 104; 120; 545),8,5.838773491592483,8092
2023,4,C(2023; 1; 118; 134; 426),8,5.838773491592483,8092
2023,4,C(2023; 1; 468; 603; 909),8,5.838773491592483,8092
2023,4,C(2023; 1; 750; 902; 1002),8,5.838773491592483,8092
