N,K,S,diameter,averageShortestPathLength,edges
2925,4,C(2925; 1; 309; 479; 1057),9,6.42202462380301,11700
2925,4,C(2925; 1; 460; 936; 1255),10,6.42202462380301,11700
2925,4,C(2925; 1; 553; 888; 1082),9,6.42202462380301,11700
2925,4,C(2925; 1; 996; 1042; 1319),9,6.42202462380301,11700
