N,K,S,diameter,averageShortestPathLength,edges
2083,4,C(2083; 1; 67; 214; 543),9,5.885686839577329,8332
2083,4,C(2083; 1; 84; 234; 986),9,5.885686839577329,8332
2083,4,C(2083; 1; 124; 146; 633),9,5.885686839577329,8332
2083,4,C(2083; 1; 283; 319; 342),9,5.885686839577329,8332
