N,K,S,diameter,averageShortestPathLength,edges
2404,4,C(2404; 1; 854; 903; 974),9,6.098626716604245,9616
2404,4,C(2404; 1; 970; 1001; 1050),9,6.098626716604245,9616
