N,K,S,diameter,averageShortestPathLength,edges
2043,4,C(2043; 1; 16; 181; 895),8,5.855044074436827,8172
2043,4,C(2043; 1; 102; 803; 952),8,5.855044074436827,8172
2043,4,C(2043; 1; 121; 475; 646),8,5.855044074436827,8172
2043,4,C(2043; 1; 139; 383; 439),8,5.855044074436827,8172
2043,4,C(2043; 1; 219; 379; 779),8,5.855044074436827,8172
2043,4,C(2043; 1; 374; 566; 669),8,5.855044074436827,8172
2043,4,C(2043; 1; 400; 632; 982),8,5.855044074436827,8172
