N,K,S,diameter,averageShortestPathLength,edges
2217,4,C(2217; 1; 106; 235; 308),9,5.98014440433213,8868
2217,4,C(2217; 1; 136; 533; 727),9,5.98014440433213,8868
2217,4,C(2217; 1; 208; 500; 1027),9,5.98014440433213,8868
2217,4,C(2217; 1; 437; 965; 983),9,5.98014440433213,8868
2217,4,C(2217; 1; 495; 570; 702),8,5.98014440433213,8868
