N,K,S,diameter,averageShortestPathLength,edges
2717,4,C(2717; 1; 54; 1127; 1148),9,6.300441826215022,10868
2717,4,C(2717; 1; 123; 404; 757),9,6.300441826215022,10868
2717,4,C(2717; 1; 180; 956; 1237),9,6.300441826215022,10868
2717,4,C(2717; 1; 612; 800; 1323),9,6.300441826215022,10868
