N,K,S,diameter,averageShortestPathLength,edges
2361,4,C(2361; 1; 29; 800; 1100),9,6.072033898305085,9444
2361,4,C(2361; 1; 88; 191; 430),9,6.072033898305085,9444
2361,4,C(2361; 1; 109; 445; 977),9,6.072033898305085,9444
2361,4,C(2361; 1; 121; 884; 1148),9,6.072033898305085,9444
2361,4,C(2361; 1; 129; 276; 633),9,6.072033898305085,9444
