N,K,S,diameter,averageShortestPathLength,edges
2708,4,C(2708; 1; 50; 327; 1287),9,6.2984854082009605,10832
2708,4,C(2708; 1; 122; 177; 869),9,6.2984854082009605,10832
2708,4,C(2708; 1; 153; 265; 290),9,6.2984854082009605,10832
