N,K,S,diameter,averageShortestPathLength,edges
2073,4,C(2073; 1; 22; 144; 567),9,5.875482625482626,8292
2073,4,C(2073; 1; 120; 195; 848),9,5.875482625482626,8292
