N,K,S,diameter,averageShortestPathLength,edges
2009,4,C(2009; 1; 168; 400; 822),8,5.827689243027889,8036
2009,4,C(2009; 1; 213; 447; 763),8,5.827689243027889,8036
2009,4,C(2009; 1; 415; 677; 777),8,5.827689243027889,8036
