N,K,S,diameter,averageShortestPathLength,edges
2738,4,C(2738; 1; 126; 493; 1319),9,6.3153087321885275,10952
2738,4,C(2738; 1; 213; 343; 1014),9,6.3153087321885275,10952
2738,4,C(2738; 1; 455; 1085; 1352),9,6.3153087321885275,10952
2738,4,C(2738; 1; 458; 707; 1181),9,6.3153087321885275,10952
2738,4,C(2738; 1; 575; 1262; 1277),9,6.3153087321885275,10952
2738,4,C(2738; 1; 891; 1074; 1098),9,6.3153087321885275,10952
2738,4,C(2738; 1; 997; 1033; 1266),9,6.3153087321885275,10952
2738,4,C(2738; 1; 1011; 1172; 1188),9,6.3153087321885275,10952
