N,K,S,diameter,averageShortestPathLength,edges
2456,4,C(2456; 1; 261; 400; 562),9,6.134419551934827,9824
2456,4,C(2456; 1; 632; 802; 941),9,6.134419551934827,9824
