N,K,S,diameter,averageShortestPathLength,edges
2647,4,C(2647; 1; 16; 276; 737),9,6.252456538170824,10588
2647,4,C(2647; 1; 110; 729; 1043),9,6.252456538170824,10588
2647,4,C(2647; 1; 208; 335; 691),9,6.252456538170824,10588
2647,4,C(2647; 1; 287; 724; 984),9,6.252456538170824,10588
2647,4,C(2647; 1; 333; 959; 1218),9,6.252456538170824,10588
2647,4,C(2647; 1; 607; 779; 1196),9,6.252456538170824,10588
2647,4,C(2647; 1; 679; 1112; 1158),9,6.252456538170824,10588
2647,4,C(2647; 1; 929; 1131; 1282),9,6.252456538170824,10588
