N,K,S,diameter,averageShortestPathLength,edges
2397,4,C(2397; 1; 26; 278; 1026),9,6.097662771285476,9588
2397,4,C(2397; 1; 186; 388; 500),9,6.097662771285476,9588
2397,4,C(2397; 1; 461; 777; 1117),9,6.097662771285476,9588
