N,K,S,diameter,averageShortestPathLength,edges
2724,4,C(2724; 1; 19; 758; 1274),9,6.3011384502387076,10896
2724,4,C(2724; 1; 470; 1147; 1214),9,6.3011384502387076,10896
