N,K,S,diameter,averageShortestPathLength,edges
2500,4,C(2500; 1; 376; 803; 923),9,6.167667066826731,10000
2500,4,C(2500; 1; 467; 592; 1041),9,6.167667066826731,10000
2500,4,C(2500; 1; 634; 685; 1068),9,6.167667066826731,10000
2500,4,C(2500; 1; 888; 939; 1013),9,6.167667066826731,10000
