N,K,S,diameter,averageShortestPathLength,edges
2331,4,C(2331; 1; 154; 757; 949),9,6.057510729613734,9324
2331,4,C(2331; 1; 302; 319; 493),9,6.057510729613734,9324
2331,4,C(2331; 1; 359; 1058; 1118),9,6.057510729613734,9324
2331,4,C(2331; 1; 412; 922; 1055),9,6.057510729613734,9324
2331,4,C(2331; 1; 488; 646; 749),9,6.057510729613734,9324
2331,4,C(2331; 1; 505; 847; 941),9,6.057510729613734,9324
2331,4,C(2331; 1; 886; 935; 1042),9,6.057510729613734,9324
