N,K,S,diameter,averageShortestPathLength,edges
2277,4,C(2277; 1; 173; 493; 540),9,6.019332161687171,9108
2277,4,C(2277; 1; 503; 576; 895),9,6.019332161687171,9108
2277,4,C(2277; 1; 545; 567; 928),9,6.019332161687171,9108
