N,K,S,diameter,averageShortestPathLength,edges
2908,4,C(2908; 1; 26; 332; 601),9,6.414860681114551,11632
2908,4,C(2908; 1; 958; 1272; 1379),9,6.414860681114551,11632
