N,K,S,diameter,averageShortestPathLength,edges
2591,4,C(2591; 1; 58; 446; 1054),9,6.223938223938224,10364
2591,4,C(2591; 1; 122; 697; 962),9,6.223938223938224,10364
2591,4,C(2591; 1; 134; 171; 1269),9,6.223938223938224,10364
2591,4,C(2591; 1; 202; 880; 1266),9,6.223938223938224,10364
