N,K,S,diameter,averageShortestPathLength,edges
2176,4,C(2176; 1; 22; 97; 810),8,5.951724137931034,8704
2176,4,C(2176; 1; 426; 673; 1046),8,5.951724137931034,8704
