N,K,S,diameter,averageShortestPathLength,edges
2662,4,C(2662; 1; 87; 1050; 1254),9,6.266065388951522,10648
2662,4,C(2662; 1; 153; 198; 930),9,6.266065388951522,10648
2662,4,C(2662; 1; 186; 684; 1076),9,6.266065388951522,10648
