N,K,S,diameter,averageShortestPathLength,edges
2536,4,C(2536; 1; 281; 496; 592),9,6.183037475345167,10144
2536,4,C(2536; 1; 361; 688; 1000),9,6.183037475345167,10144
