N,K,S,diameter,averageShortestPathLength,edges
2390,4,C(2390; 1; 43; 966; 1114),9,6.095437421515278,9560
2390,4,C(2390; 1; 252; 667; 978),9,6.095437421515278,9560
