N,K,S,diameter,averageShortestPathLength,edges
2153,4,C(2153; 1; 15; 599; 1007),9,5.937732342007435,8612
2153,4,C(2153; 1; 179; 310; 697),9,5.937732342007435,8612
2153,4,C(2153; 1; 287; 327; 507),9,5.937732342007435,8612
2153,4,C(2153; 1; 381; 433; 744),9,5.937732342007435,8612
