N,K,S,diameter,averageShortestPathLength,edges
2880,4,C(2880; 1; 562; 669; 691),9,6.391108023619312,11520
2880,4,C(2880; 1; 571; 1041; 1222),9,6.391108023619312,11520
