N,K,S,diameter,averageShortestPathLength,edges
2530,4,C(2530; 1; 126; 956; 1131),9,6.185844207196521,10120
2530,4,C(2530; 1; 446; 624; 1029),9,6.185844207196521,10120
