N,K,S,diameter,averageShortestPathLength,edges
2761,4,C(2761; 1; 473; 744; 1032),9,6.328260869565217,11044
2761,4,C(2761; 1; 511; 834; 1265),9,6.328260869565217,11044
2761,4,C(2761; 1; 533; 561; 976),9,6.328260869565217,11044
