N,K,S,diameter,averageShortestPathLength,edges
2427,4,C(2427; 1; 61; 209; 433),9,6.123660346248969,9708
2427,4,C(2427; 1; 83; 557; 908),9,6.123660346248969,9708
2427,4,C(2427; 1; 286; 532; 880),9,6.123660346248969,9708
2427,4,C(2427; 1; 625; 848; 929),9,6.123660346248969,9708
