N,K,S,diameter,averageShortestPathLength,edges
2815,4,C(2815; 1; 325; 514; 530),9,6.356787491115849,11260
2815,4,C(2815; 1; 586; 930; 970),9,6.356787491115849,11260
