N,K,S,diameter,averageShortestPathLength,edges
2578,4,C(2578; 1; 200; 575; 1166),9,6.216530849825379,10312
2578,4,C(2578; 1; 448; 688; 1085),9,6.216530849825379,10312
