N,K,S,diameter,averageShortestPathLength,edges
2065,4,C(2065; 1; 231; 583; 712),8,5.87015503875969,8260
2065,4,C(2065; 1; 252; 839; 1018),8,5.87015503875969,8260
2065,4,C(2065; 1; 623; 699; 843),8,5.87015503875969,8260
