N,K,S,diameter,averageShortestPathLength,edges
2236,4,C(2236; 1; 138; 341; 988),9,5.988814317673378,8944
2236,4,C(2236; 1; 416; 459; 734),9,5.988814317673378,8944
