N,K,S,diameter,averageShortestPathLength,edges
2364,4,C(2364; 1; 145; 454; 1087),9,6.077443927211172,9456
2364,4,C(2364; 1; 437; 535; 602),9,6.077443927211172,9456
2364,4,C(2364; 1; 449; 802; 913),9,6.077443927211172,9456
