N,K,S,diameter,averageShortestPathLength,edges
2896,4,C(2896; 1; 174; 993; 1062),9,6.402763385146804,11584
2896,4,C(2896; 1; 806; 866; 977),9,6.402763385146804,11584
