N,K,S,diameter,averageShortestPathLength,edges
2652,4,C(2652; 1; 259; 670; 966),9,6.263674085250849,10608
2652,4,C(2652; 1; 498; 727; 878),9,6.263674085250849,10608
