N,K,S,diameter,averageShortestPathLength,edges
2061,4,C(2061; 1; 144; 266; 375),8,5.866990291262136,8244
2061,4,C(2061; 1; 171; 660; 1015),8,5.866990291262136,8244
