N,K,S,diameter,averageShortestPathLength,edges
2967,4,C(2967; 1; 314; 579; 1046),9,6.449089683074848,11868
2967,4,C(2967; 1; 463; 677; 1047),9,6.449089683074848,11868
2967,4,C(2967; 1; 843; 1157; 1336),9,6.449089683074848,11868
