N,K,S,diameter,averageShortestPathLength,edges
2465,4,C(2465; 1; 104; 370; 1120),9,6.145292207792208,9860
2465,4,C(2465; 1; 390; 525; 1114),9,6.145292207792208,9860
