N,K,S,diameter,averageShortestPathLength,edges
2188,4,C(2188; 1; 34; 368; 989),9,5.958390489254687,8752
2188,4,C(2188; 1; 42; 323; 712),9,5.958390489254687,8752
