N,K,S,diameter,averageShortestPathLength,edges
2673,4,C(2673; 1; 259; 440; 1045),9,6.276197604790419,10692
2673,4,C(2673; 1; 770; 805; 1309),9,6.276197604790419,10692
