N,K,S,diameter,averageShortestPathLength,edges
2421,4,C(2421; 1; 40; 274; 1105),9,6.114876033057851,9684
2421,4,C(2421; 1; 275; 370; 1150),9,6.114876033057851,9684
2421,4,C(2421; 1; 436; 493; 835),9,6.114876033057851,9684
2421,4,C(2421; 1; 490; 530; 592),9,6.114876033057851,9684
