N,K,S,diameter,averageShortestPathLength,edges
2741,4,C(2741; 1; 127; 778; 1099),9,6.310218978102189,10964
2741,4,C(2741; 1; 162; 755; 843),9,6.310218978102189,10964
2741,4,C(2741; 1; 167; 356; 990),9,6.310218978102189,10964
2741,4,C(2741; 1; 259; 423; 1332),9,6.310218978102189,10964
