N,K,S,diameter,averageShortestPathLength,edges
2398,4,C(2398; 1; 307; 644; 690),9,6.1042970379641215,9592
2398,4,C(2398; 1; 490; 674; 703),9,6.1042970379641215,9592
