N,K,S,diameter,averageShortestPathLength,edges
2174,4,C(2174; 1; 334; 383; 414),9,5.9516797054763,8696
2174,4,C(2174; 1; 472; 546; 789),9,5.9516797054763,8696
