N,K,S,diameter,averageShortestPathLength,edges
2056,4,C(2056; 1; 277; 478; 920),8,5.863260340632603,8224
2056,4,C(2056; 1; 358; 560; 861),8,5.863260340632603,8224
