N,K,S,diameter,averageShortestPathLength,edges
2301,4,C(2301; 1; 24; 237; 631),9,6.032173913043478,9204
2301,4,C(2301; 1; 908; 1083; 1098),9,6.032173913043478,9204
