N,K,S,diameter,averageShortestPathLength,edges
2867,4,C(2867; 1; 71; 858; 887),9,6.390788555478018,11468
2867,4,C(2867; 1; 96; 850; 1183),9,6.390788555478018,11468
2867,4,C(2867; 1; 137; 1105; 1126),9,6.390788555478018,11468
2867,4,C(2867; 1; 634; 848; 1022),9,6.390788555478018,11468
