N,K,S,diameter,averageShortestPathLength,edges
2309,4,C(2309; 1; 103; 625; 877),9,6.047660311958405,9236
2309,4,C(2309; 1; 133; 155; 1118),9,6.047660311958405,9236
2309,4,C(2309; 1; 269; 395; 432),9,6.047660311958405,9236
2309,4,C(2309; 1; 601; 795; 882),9,6.047660311958405,9236
