N,K,S,diameter,averageShortestPathLength,edges
2011,4,C(2011; 1; 21; 161; 373),8,5.830845771144278,8044
2011,4,C(2011; 1; 78; 383; 678),8,5.830845771144278,8044
2011,4,C(2011; 1; 124; 146; 593),8,5.830845771144278,8044
2011,4,C(2011; 1; 175; 427; 662),8,5.830845771144278,8044
