N,K,S,diameter,averageShortestPathLength,edges
2449,4,C(2449; 1; 22; 345; 488),9,6.13562091503268,9796
2449,4,C(2449; 1; 127; 334; 1091),9,6.13562091503268,9796
2449,4,C(2449; 1; 504; 1052; 1157),9,6.13562091503268,9796
2449,4,C(2449; 1; 532; 1008; 1089),9,6.13562091503268,9796
