N,K,S,diameter,averageShortestPathLength,edges
2862,4,C(2862; 1; 458; 597; 1021),9,6.383781894442502,11448
2862,4,C(2862; 1; 1059; 1253; 1388),9,6.383781894442502,11448
