N,K,S,diameter,averageShortestPathLength,edges
2672,4,C(2672; 1; 32; 376; 1215),9,6.271059528266567,10688
2672,4,C(2672; 1; 464; 776; 1071),9,6.271059528266567,10688
