N,K,S,diameter,averageShortestPathLength,edges
2037,4,C(2037; 1; 342; 708; 953),8,5.849705304518664,8148
2037,4,C(2037; 1; 384; 622; 876),8,5.849705304518664,8148
