N,K,S,diameter,averageShortestPathLength,edges
2373,4,C(2373; 1; 22; 144; 627),9,6.085160202360877,9492
2373,4,C(2373; 1; 154; 588; 657),9,6.085160202360877,9492
2373,4,C(2373; 1; 438; 755; 1158),9,6.085160202360877,9492
