N,K,S,diameter,averageShortestPathLength,edges
2769,4,C(2769; 1; 247; 637; 1295),9,6.333815028901734,11076
2769,4,C(2769; 1; 637; 689; 1253),9,6.333815028901734,11076
