N,K,S,diameter,averageShortestPathLength,edges
2609,4,C(2609; 1; 16; 308; 723),9,6.230061349693251,10436
2609,4,C(2609; 1; 144; 248; 305),9,6.230061349693251,10436
2609,4,C(2609; 1; 163; 444; 633),9,6.230061349693251,10436
2609,4,C(2609; 1; 263; 664; 1263),9,6.230061349693251,10436
