N,K,S,diameter,averageShortestPathLength,edges
2192,4,C(2192; 1; 17; 782; 961),9,5.961204929256048,8768
2192,4,C(2192; 1; 46; 129; 975),9,5.961204929256048,8768
2192,4,C(2192; 1; 254; 479; 625),9,5.961204929256048,8768
