N,K,S,diameter,averageShortestPathLength,edges
2408,4,C(2408; 1; 75; 642; 1079),9,6.108018280016618,9632
2408,4,C(2408; 1; 183; 506; 723),9,6.108018280016618,9632
2408,4,C(2408; 1; 330; 477; 554),9,6.108018280016618,9632
2408,4,C(2408; 1; 403; 762; 899),9,6.108018280016618,9632
2408,4,C(2408; 1; 419; 958; 1014),9,6.108018280016618,9632
