N,K,S,diameter,averageShortestPathLength,edges
2122,4,C(2122; 1; 34; 813; 940),8,5.912776991984913,8488
2122,4,C(2122; 1; 116; 248; 569),8,5.912776991984913,8488
