N,K,S,diameter,averageShortestPathLength,edges
2716,4,C(2716; 1; 287; 757; 794),9,6.299815837937385,10864
2716,4,C(2716; 1; 301; 531; 634),9,6.299815837937385,10864
