N,K,S,diameter,averageShortestPathLength,edges
2209,4,C(2209; 1; 376; 804; 1065),9,5.971014492753623,8836
2209,4,C(2209; 1; 455; 755; 1081),9,5.971014492753623,8836
2209,4,C(2209; 1; 517; 636; 827),9,5.971014492753623,8836
