N,K,S,diameter,averageShortestPathLength,edges
2950,4,C(2950; 1; 459; 710; 735),9,6.4323499491353004,11800
2950,4,C(2950; 1; 490; 715; 1189),9,6.4323499491353004,11800
