N,K,S,diameter,averageShortestPathLength,edges
2594,4,C(2594; 1; 289; 1182; 1222),9,6.220208252988816,10376
2594,4,C(2594; 1; 408; 830; 1113),9,6.220208252988816,10376
