N,K,S,diameter,averageShortestPathLength,edges
2366,4,C(2366; 1; 70; 408; 1105),9,6.080338266384778,9464
2366,4,C(2366; 1; 138; 912; 1158),9,6.080338266384778,9464
