N,K,S,diameter,averageShortestPathLength,edges
2377,4,C(2377; 1; 162; 236; 1055),9,6.089225589225589,9508
2377,4,C(2377; 1; 292; 419; 807),9,6.089225589225589,9508
2377,4,C(2377; 1; 295; 365; 568),9,6.089225589225589,9508
2377,4,C(2377; 1; 464; 498; 1118),9,6.089225589225589,9508
