N,K,S,diameter,averageShortestPathLength,edges
2248,4,C(2248; 1; 125; 146; 911),9,6.001335113484646,8992
2248,4,C(2248; 1; 163; 343; 622),9,6.001335113484646,8992
2248,4,C(2248; 1; 331; 934; 1115),9,6.001335113484646,8992
2248,4,C(2248; 1; 824; 838; 968),9,6.001335113484646,8992
