N,K,S,diameter,averageShortestPathLength,edges
2076,4,C(2076; 1; 101; 780; 1015),8,5.879036144578313,8304
2076,4,C(2076; 1; 131; 677; 756),8,5.879036144578313,8304
2076,4,C(2076; 1; 185; 935; 1020),8,5.879036144578313,8304
