N,K,S,diameter,averageShortestPathLength,edges
2572,4,C(2572; 1; 100; 713; 1104),9,6.212368728121354,10288
2572,4,C(2572; 1; 891; 920; 1160),9,6.212368728121354,10288
