N,K,S,diameter,averageShortestPathLength,edges
2665,4,C(2665; 1; 134; 171; 1306),9,6.267267267267267,10660
2665,4,C(2665; 1; 179; 746; 1294),9,6.267267267267267,10660
2665,4,C(2665; 1; 459; 704; 1061),9,6.267267267267267,10660
2665,4,C(2665; 1; 569; 826; 1246),9,6.267267267267267,10660
