N,K,S,diameter,averageShortestPathLength,edges
2478,4,C(2478; 1; 135; 989; 1048),9,6.152200242228502,9912
2478,4,C(2478; 1; 153; 378; 1095),9,6.152200242228502,9912
2478,4,C(2478; 1; 451; 650; 1065),9,6.152200242228502,9912
