N,K,S,diameter,averageShortestPathLength,edges
2104,4,C(2104; 1; 62; 503; 648),8,5.901569186875892,8416
2104,4,C(2104; 1; 226; 343; 760),8,5.901569186875892,8416
