N,K,S,diameter,averageShortestPathLength,edges
2258,4,C(2258; 1; 76; 432; 1007),9,6.007532122286221,9032
2258,4,C(2258; 1; 583; 852; 1040),9,6.007532122286221,9032
