N,K,S,diameter,averageShortestPathLength,edges
2805,4,C(2805; 1; 200; 238; 772),9,6.355920114122682,11220
2805,4,C(2805; 1; 315; 905; 1294),9,6.355920114122682,11220
2805,4,C(2805; 1; 320; 1054; 1348),9,6.355920114122682,11220
2805,4,C(2805; 1; 349; 540; 1120),9,6.355920114122682,11220
