N,K,S,diameter,averageShortestPathLength,edges
2282,4,C(2282; 1; 404; 1060; 1108),8,6.023235423060061,9128
2282,4,C(2282; 1; 596; 804; 918),9,6.023235423060061,9128
