N,K,S,diameter,averageShortestPathLength,edges
2407,4,C(2407; 1; 259; 978; 1082),9,6.103906899418122,9628
2407,4,C(2407; 1; 268; 475; 1148),9,6.103906899418122,9628
2407,4,C(2407; 1; 612; 824; 941),9,6.103906899418122,9628
2407,4,C(2407; 1; 822; 855; 961),9,6.103906899418122,9628
