N,K,S,diameter,averageShortestPathLength,edges
2540,4,C(2540; 1; 34; 469; 621),9,6.196140212682159,10160
2540,4,C(2540; 1; 351; 499; 814),9,6.196140212682159,10160
2540,4,C(2540; 1; 574; 1029; 1071),9,6.196140212682159,10160
2540,4,C(2540; 1; 954; 1028; 1155),9,6.196140212682159,10160
