N,K,S,diameter,averageShortestPathLength,edges
2833,4,C(2833; 1; 165; 223; 535),9,6.364406779661017,11332
2833,4,C(2833; 1; 320; 1245; 1384),9,6.364406779661017,11332
2833,4,C(2833; 1; 426; 910; 1046),9,6.364406779661017,11332
2833,4,C(2833; 1; 1022; 1266; 1350),9,6.364406779661017,11332
