N,K,S,diameter,averageShortestPathLength,edges
2230,4,C(2230; 1; 290; 555; 999),9,5.985195154777927,8920
2230,4,C(2230; 1; 471; 495; 560),9,5.985195154777927,8920
