N,K,S,diameter,averageShortestPathLength,edges
2661,4,C(2661; 1; 87; 1007; 1039),9,6.260902255639098,10644
2661,4,C(2661; 1; 192; 461; 1213),9,6.260902255639098,10644
2661,4,C(2661; 1; 228; 294; 861),9,6.260902255639098,10644
2661,4,C(2661; 1; 770; 1057; 1176),9,6.260902255639098,10644
