N,K,S,diameter,averageShortestPathLength,edges
2772,4,C(2772; 1; 157; 254; 298),9,6.334897149043667,11088
2772,4,C(2772; 1; 565; 634; 722),9,6.334897149043667,11088
