N,K,S,diameter,averageShortestPathLength,edges
2013,4,C(2013; 1; 43; 222; 690),8,5.831013916500994,8052
2013,4,C(2013; 1; 531; 749; 801),8,5.831013916500994,8052
