N,K,S,diameter,averageShortestPathLength,edges
2608,4,C(2608; 1; 44; 594; 1021),9,6.231300345224396,10432
2608,4,C(2608; 1; 92; 235; 1242),9,6.231300345224396,10432
