N,K,S,diameter,averageShortestPathLength,edges
2339,4,C(2339; 1; 271; 511; 667),9,6.057313943541488,9356
2339,4,C(2339; 1; 309; 519; 902),9,6.057313943541488,9356
2339,4,C(2339; 1; 444; 905; 1035),9,6.057313943541488,9356
2339,4,C(2339; 1; 598; 725; 913),9,6.057313943541488,9356
