N,K,S,diameter,averageShortestPathLength,edges
2656,4,C(2656; 1; 73; 596; 1079),9,6.258757062146893,10624
2656,4,C(2656; 1; 372; 415; 473),9,6.258757062146893,10624
