N,K,S,diameter,averageShortestPathLength,edges
2241,4,C(2241; 1; 87; 357; 962),9,5.995535714285714,8964
2241,4,C(2241; 1; 384; 1018; 1074),9,5.995535714285714,8964
