N,K,S,diameter,averageShortestPathLength,edges
2589,4,C(2589; 1; 33; 226; 368),9,6.2187017001545595,10356
2589,4,C(2589; 1; 520; 598; 978),9,6.2187017001545595,10356
2589,4,C(2589; 1; 905; 941; 1203),9,6.2187017001545595,10356
