N,K,S,diameter,averageShortestPathLength,edges
2584,4,C(2584; 1; 349; 974; 1020),9,6.218350754936121,10336
2584,4,C(2584; 1; 733; 758; 884),9,6.218350754936121,10336
