N,K,S,diameter,averageShortestPathLength,edges
2253,4,C(2253; 1; 29; 97; 892),9,6.006216696269982,9012
2253,4,C(2253; 1; 245; 346; 1018),9,6.006216696269982,9012
2253,4,C(2253; 1; 280; 1010; 1091),9,6.006216696269982,9012
2253,4,C(2253; 1; 511; 706; 952),9,6.006216696269982,9012
