N,K,S,diameter,averageShortestPathLength,edges
2173,4,C(2173; 1; 128; 455; 472),9,5.948434622467771,8692
2173,4,C(2173; 1; 197; 244; 810),9,5.948434622467771,8692
2173,4,C(2173; 1; 277; 364; 688),9,5.948434622467771,8692
2173,4,C(2173; 1; 319; 730; 947),9,5.948434622467771,8692
