N,K,S,diameter,averageShortestPathLength,edges
2732,4,C(2732; 1; 184; 331; 1234),9,6.30281948004394,10928
2732,4,C(2732; 1; 553; 598; 668),9,6.30281948004394,10928
