N,K,S,diameter,averageShortestPathLength,edges
2027,4,C(2027; 1; 14; 564; 948),8,5.844027640671273,8108
2027,4,C(2027; 1; 124; 588; 796),8,5.844027640671273,8108
2027,4,C(2027; 1; 478; 611; 904),8,5.844027640671273,8108
2027,4,C(2027; 1; 724; 801; 909),8,5.844027640671273,8108
