N,K,S,diameter,averageShortestPathLength,edges
2624,4,C(2624; 1; 308; 479; 589),9,6.245520396492566,10496
2624,4,C(2624; 1; 891; 923; 1092),9,6.245520396492566,10496
2624,4,C(2624; 1; 941; 1036; 1249),9,6.245520396492566,10496
