N,K,S,diameter,averageShortestPathLength,edges
2968,4,C(2968; 1; 122; 809; 845),9,6.443545669025952,11872
2968,4,C(2968; 1; 835; 1131; 1454),9,6.443545669025952,11872
2968,4,C(2968; 1; 862; 1109; 1185),9,6.443545669025952,11872
