N,K,S,diameter,averageShortestPathLength,edges
2586,4,C(2586; 1; 91; 300; 1073),9,6.217021276595744,10344
2586,4,C(2586; 1; 335; 354; 547),9,6.217021276595744,10344
2586,4,C(2586; 1; 341; 1140; 1267),9,6.217021276595744,10344
