N,K,S,diameter,averageShortestPathLength,edges
2298,4,C(2298; 1; 133; 216; 940),9,6.0326512842838484,9192
2298,4,C(2298; 1; 311; 494; 534),9,6.0326512842838484,9192
