N,K,S,diameter,averageShortestPathLength,edges
2479,4,C(2479; 1; 63; 324; 364),9,6.156577885391445,9916
2479,4,C(2479; 1; 329; 764; 895),9,6.156577885391445,9916
2479,4,C(2479; 1; 349; 787; 1096),9,6.156577885391445,9916
2479,4,C(2479; 1; 464; 1042; 1192),9,6.156577885391445,9916
