N,K,S,diameter,averageShortestPathLength,edges
2785,4,C(2785; 1; 30; 264; 422),9,6.336206896551724,11140
2785,4,C(2785; 1; 33; 357; 990),9,6.336206896551724,11140
2785,4,C(2785; 1; 190; 749; 1373),9,6.336206896551724,11140
