N,K,S,diameter,averageShortestPathLength,edges
2692,4,C(2692; 1; 35; 292; 1152),9,6.282794500185805,10768
2692,4,C(2692; 1; 44; 316; 923),9,6.282794500185805,10768
