N,K,S,diameter,averageShortestPathLength,edges
2347,4,C(2347; 1; 25; 850; 1038),9,6.071611253196931,9388
2347,4,C(2347; 1; 34; 334; 751),9,6.071611253196931,9388
2347,4,C(2347; 1; 46; 292; 801),9,6.071611253196931,9388
2347,4,C(2347; 1; 51; 810; 952),9,6.071611253196931,9388
2347,4,C(2347; 1; 69; 185; 424),9,6.071611253196931,9388
2347,4,C(2347; 1; 152; 249; 964),9,6.071611253196931,9388
2347,4,C(2347; 1; 260; 459; 548),9,6.071611253196931,9388
2347,4,C(2347; 1; 426; 820; 911),9,6.071611253196931,9388
