N,K,S,diameter,averageShortestPathLength,edges
2464,4,C(2464; 1; 422; 664; 921),9,6.142915144133171,9856
2464,4,C(2464; 1; 600; 886; 1129),9,6.142915144133171,9856
