N,K,S,diameter,averageShortestPathLength,edges
2535,4,C(2535; 1; 338; 599; 1113),9,6.189423835832676,10140
2535,4,C(2535; 1; 338; 766; 798),9,6.189423835832676,10140
