N,K,S,diameter,averageShortestPathLength,edges
2976,4,C(2976; 1; 37; 1144; 1319),9,6.453781512605042,11904
2976,4,C(2976; 1; 361; 680; 1453),9,6.453781512605042,11904
2976,4,C(2976; 1; 563; 1256; 1403),9,6.453781512605042,11904
