N,K,S,diameter,averageShortestPathLength,edges
2857,4,C(2857; 1; 28; 628; 1355),9,6.3844537815126055,11428
2857,4,C(2857; 1; 102; 1074; 1202),9,6.3844537815126055,11428
2857,4,C(2857; 1; 447; 730; 1088),9,6.3844537815126055,11428
2857,4,C(2857; 1; 771; 1060; 1110),9,6.3844537815126055,11428
