N,K,S,diameter,averageShortestPathLength,edges
2165,4,C(2165; 1; 27; 578; 802),8,5.93992606284658,8660
2165,4,C(2165; 1; 96; 176; 648),8,5.93992606284658,8660
2165,4,C(2165; 1; 359; 548; 654),8,5.93992606284658,8660
2165,4,C(2165; 1; 591; 882; 1021),8,5.93992606284658,8660
