N,K,S,diameter,averageShortestPathLength,edges
2190,4,C(2190; 1; 25; 229; 550),9,5.957514846962083,8760
2190,4,C(2190; 1; 545; 679; 1040),9,5.957514846962083,8760
