N,K,S,diameter,averageShortestPathLength,edges
2199,4,C(2199; 1; 107; 826; 1075),8,5.960873521383076,8796
2199,4,C(2199; 1; 139; 662; 718),8,5.960873521383076,8796
2199,4,C(2199; 1; 280; 596; 791),8,5.960873521383076,8796
2199,4,C(2199; 1; 322; 382; 599),8,5.960873521383076,8796
