N,K,S,diameter,averageShortestPathLength,edges
2556,4,C(2556; 1; 79; 124; 817),9,6.2031311154598825,10224
2556,4,C(2556; 1; 197; 532; 779),9,6.2031311154598825,10224
2556,4,C(2556; 1; 872; 1003; 1025),9,6.2031311154598825,10224
