N,K,S,diameter,averageShortestPathLength,edges
2795,4,C(2795; 1; 40; 229; 515),9,6.335719398711524,11180
2795,4,C(2795; 1; 476; 525; 820),9,6.335719398711524,11180
