N,K,S,diameter,averageShortestPathLength,edges
2989,4,C(2989; 1; 500; 1036; 1091),9,6.458500669344043,11956
2989,4,C(2989; 1; 542; 1063; 1316),9,6.458500669344043,11956
2989,4,C(2989; 1; 544; 1307; 1337),9,6.458500669344043,11956
