N,K,S,diameter,averageShortestPathLength,edges
2525,4,C(2525; 1; 64; 775; 956),9,6.187004754358162,10100
2525,4,C(2525; 1; 346; 500; 581),9,6.187004754358162,10100
2525,4,C(2525; 1; 434; 525; 804),9,6.187004754358162,10100
