N,K,S,diameter,averageShortestPathLength,edges
2114,4,C(2114; 1; 16; 205; 354),9,5.905821107430194,8456
2114,4,C(2114; 1; 165; 526; 782),9,5.905821107430194,8456
