N,K,S,diameter,averageShortestPathLength,edges
2182,4,C(2182; 1; 172; 281; 1025),9,5.9564419990829895,8728
2182,4,C(2182; 1; 188; 692; 830),9,5.9564419990829895,8728
2182,4,C(2182; 1; 281; 328; 409),9,5.9564419990829895,8728
2182,4,C(2182; 1; 442; 1025; 1083),9,5.9564419990829895,8728
