N,K,S,diameter,averageShortestPathLength,edges
2739,4,C(2739; 1; 47; 255; 872),9,6.314828341855369,10956
2739,4,C(2739; 1; 86; 878; 1039),9,6.314828341855369,10956
2739,4,C(2739; 1; 98; 927; 1049),9,6.314828341855369,10956
2739,4,C(2739; 1; 179; 1226; 1354),9,6.314828341855369,10956
2739,4,C(2739; 1; 261; 1090; 1247),9,6.314828341855369,10956
2739,4,C(2739; 1; 265; 872; 1051),9,6.314828341855369,10956
2739,4,C(2739; 1; 964; 1247; 1355),9,6.314828341855369,10956
