N,K,S,diameter,averageShortestPathLength,edges
2126,4,C(2126; 1; 72; 239; 416),8,5.915764705882353,8504
2126,4,C(2126; 1; 196; 660; 765),8,5.915764705882353,8504
