N,K,S,diameter,averageShortestPathLength,edges
2062,4,C(2062; 1; 176; 389; 870),8,5.868510431829209,8248
2062,4,C(2062; 1; 360; 705; 936),8,5.868510431829209,8248
