N,K,S,diameter,averageShortestPathLength,edges
2222,4,C(2222; 1; 280; 736; 773),8,5.984241332733003,8888
2222,4,C(2222; 1; 306; 328; 451),9,5.984241332733003,8888
2222,4,C(2222; 1; 458; 733; 816),8,5.984241332733003,8888
