N,K,S,diameter,averageShortestPathLength,edges
2786,4,C(2786; 1; 273; 726; 1103),9,6.342190305206463,11144
2786,4,C(2786; 1; 831; 1197; 1256),9,6.342190305206463,11144
