N,K,S,diameter,averageShortestPathLength,edges
2133,4,C(2133; 1; 142; 201; 918),9,5.918386491557223,8532
2133,4,C(2133; 1; 324; 706; 1005),9,5.918386491557223,8532
