N,K,S,diameter,averageShortestPathLength,edges
2978,4,C(2978; 1; 47; 214; 654),9,6.452804837084313,11912
2978,4,C(2978; 1; 204; 258; 697),9,6.452804837084313,11912
