N,K,S,diameter,averageShortestPathLength,edges
2935,4,C(2935; 1; 121; 263; 1425),10,6.427402862985685,11740
2935,4,C(2935; 1; 675; 737; 1328),10,6.427402862985685,11740
2935,4,C(2935; 1; 677; 885; 946),10,6.427402862985685,11740
