N,K,S,diameter,averageShortestPathLength,edges
2096,4,C(2096; 1; 82; 237; 448),8,5.8935560859188545,8384
2096,4,C(2096; 1; 150; 283; 1024),8,5.8935560859188545,8384
