N,K,S,diameter,averageShortestPathLength,edges
2383,4,C(2383; 1; 24; 201; 1060),9,6.093198992443325,9532
2383,4,C(2383; 1; 27; 299; 524),9,6.093198992443325,9532
2383,4,C(2383; 1; 353; 695; 902),9,6.093198992443325,9532
2383,4,C(2383; 1; 996; 1096; 1150),9,6.093198992443325,9532
