N,K,S,diameter,averageShortestPathLength,edges
2754,4,C(2754; 1; 167; 1148; 1161),9,6.319651289502361,11016
2754,4,C(2754; 1; 224; 907; 999),9,6.319651289502361,11016
