N,K,S,diameter,averageShortestPathLength,edges
2402,4,C(2402; 1; 214; 1008; 1036),9,6.104539775093711,9608
2402,4,C(2402; 1; 297; 1067; 1118),9,6.104539775093711,9608
2402,4,C(2402; 1; 344; 647; 975),9,6.104539775093711,9608
2402,4,C(2402; 1; 870; 959; 1015),9,6.104539775093711,9608
