N,K,S,diameter,averageShortestPathLength,edges
2560,4,C(2560; 1; 41; 996; 1151),9,6.207502930832357,10240
2560,4,C(2560; 1; 95; 248; 848),9,6.207502930832357,10240
2560,4,C(2560; 1; 129; 169; 484),9,6.207502930832357,10240
2560,4,C(2560; 1; 409; 836; 999),9,6.207502930832357,10240
