N,K,S,diameter,averageShortestPathLength,edges
2480,4,C(2480; 1; 52; 146; 1103),9,6.148043565954014,9920
2480,4,C(2480; 1; 353; 542; 996),9,6.148043565954014,9920
