N,K,S,diameter,averageShortestPathLength,edges
2409,4,C(2409; 1; 81; 310; 1034),9,6.108803986710964,9636
2409,4,C(2409; 1; 121; 552; 1018),9,6.108803986710964,9636
