N,K,S,diameter,averageShortestPathLength,edges
2191,4,C(2191; 1; 258; 914; 994),8,5.962557077625571,8764
2191,4,C(2191; 1; 338; 436; 749),8,5.962557077625571,8764
2191,4,C(2191; 1; 552; 598; 938),8,5.962557077625571,8764
