N,K,S,diameter,averageShortestPathLength,edges
2000,4,C(2000; 1; 16; 223; 584),8,5.816408204102051,8000
2000,4,C(2000; 1; 287; 392; 592),8,5.816408204102051,8000
