N,K,S,diameter,averageShortestPathLength,edges
2406,4,C(2406; 1; 438; 631; 1034),9,6.106029106029106,9624
2406,4,C(2406; 1; 469; 912; 1066),9,6.106029106029106,9624
