N,K,S,diameter,averageShortestPathLength,edges
2943,4,C(2943; 1; 191; 227; 1193),9,6.428280081577158,11772
2943,4,C(2943; 1; 745; 1031; 1364),9,6.428280081577158,11772
2943,4,C(2943; 1; 835; 1102; 1414),9,6.428280081577158,11772
2943,4,C(2943; 1; 1094; 1126; 1393),9,6.428280081577158,11772
