N,K,S,diameter,averageShortestPathLength,edges
2762,4,C(2762; 1; 39; 1060; 1227),9,6.327055414704817,11048
2762,4,C(2762; 1; 98; 181; 779),9,6.327055414704817,11048
2762,4,C(2762; 1; 854; 1103; 1175),9,6.327055414704817,11048
