N,K,S,diameter,averageShortestPathLength,edges
2898,4,C(2898; 1; 58; 210; 1097),9,6.4031756989989645,11592
2898,4,C(2898; 1; 798; 1025; 1408),9,6.4031756989989645,11592
