N,K,S,diameter,averageShortestPathLength,edges
2132,4,C(2132; 1; 196; 990; 1019),8,5.919755983106523,8528
2132,4,C(2132; 1; 268; 567; 614),8,5.919755983106523,8528
