N,K,S,diameter,averageShortestPathLength,edges
2052,4,C(2052; 1; 80; 333; 623),8,5.861043393466602,8208
2052,4,C(2052; 1; 527; 932; 981),8,5.861043393466602,8208
