N,K,S,diameter,averageShortestPathLength,edges
2490,4,C(2490; 1; 116; 397; 942),9,6.157894736842105,9960
2490,4,C(2490; 1; 652; 744; 853),9,6.157894736842105,9960
