N,K,S,diameter,averageShortestPathLength,edges
2157,4,C(2157; 1; 230; 788; 878),9,5.935064935064935,8628
2157,4,C(2157; 1; 347; 503; 529),9,5.935064935064935,8628
2157,4,C(2157; 1; 476; 565; 917),9,5.935064935064935,8628
2157,4,C(2157; 1; 526; 733; 823),9,5.935064935064935,8628
