N,K,S,diameter,averageShortestPathLength,edges
2838,4,C(2838; 1; 154; 221; 1006),9,6.369404300317236,11352
2838,4,C(2838; 1; 698; 1078; 1297),9,6.369404300317236,11352
