N,K,S,diameter,averageShortestPathLength,edges
2233,4,C(2233; 1; 139; 377; 1084),8,5.985663082437276,8932
2233,4,C(2233; 1; 174; 498; 554),8,5.985663082437276,8932
2233,4,C(2233; 1; 435; 657; 1065),8,5.985663082437276,8932
