N,K,S,diameter,averageShortestPathLength,edges
2531,4,C(2531; 1; 75; 686; 802),9,6.1857707509881426,10124
2531,4,C(2531; 1; 80; 144; 808),9,6.1857707509881426,10124
2531,4,C(2531; 1; 135; 563; 1037),9,6.1857707509881426,10124
2531,4,C(2531; 1; 243; 348; 508),9,6.1857707509881426,10124
