N,K,S,diameter,averageShortestPathLength,edges
2871,4,C(2871; 1; 175; 373; 1037),9,6.385365853658537,11484
2871,4,C(2871; 1; 199; 355; 1132),9,6.385365853658537,11484
2871,4,C(2871; 1; 254; 734; 1385),9,6.385365853658537,11484
2871,4,C(2871; 1; 634; 1019; 1060),9,6.385365853658537,11484
