N,K,S,diameter,averageShortestPathLength,edges
2057,4,C(2057; 1; 112; 821; 870),8,5.866731517509727,8228
2057,4,C(2057; 1; 183; 416; 584),8,5.866731517509727,8228
2057,4,C(2057; 1; 228; 852; 888),8,5.866731517509727,8228
2057,4,C(2057; 1; 753; 944; 984),8,5.866731517509727,8228
