N,K,S,diameter,averageShortestPathLength,edges
2564,4,C(2564; 1; 202; 549; 1048),9,6.210300429184549,10256
2564,4,C(2564; 1; 425; 736; 1238),9,6.210300429184549,10256
