N,K,S,diameter,averageShortestPathLength,edges
2059,4,C(2059; 1; 79; 112; 567),8,5.868804664723032,8236
2059,4,C(2059; 1; 239; 350; 381),8,5.868804664723032,8236
2059,4,C(2059; 1; 254; 363; 995),8,5.868804664723032,8236
2059,4,C(2059; 1; 346; 417; 653),8,5.868804664723032,8236
