N,K,S,diameter,averageShortestPathLength,edges
2474,4,C(2474; 1; 269; 380; 1118),9,6.150828952689042,9896
2474,4,C(2474; 1; 578; 607; 750),9,6.150828952689042,9896
