N,K,S,diameter,averageShortestPathLength,edges
2674,4,C(2674; 1; 86; 537; 588),9,6.270482603815937,10696
2674,4,C(2674; 1; 204; 462; 1215),9,6.270482603815937,10696
