N,K,S,diameter,averageShortestPathLength,edges
2314,4,C(2314; 1; 60; 156; 605),9,6.04798962386511,9256
2314,4,C(2314; 1; 478; 780; 895),9,6.04798962386511,9256
