N,K,S,diameter,averageShortestPathLength,edges
2121,4,C(2121; 1; 97; 300; 951),8,5.908490566037736,8484
2121,4,C(2121; 1; 141; 328; 834),8,5.908490566037736,8484
2121,4,C(2121; 1; 144; 678; 787),8,5.908490566037736,8484
2121,4,C(2121; 1; 380; 426; 999),8,5.908490566037736,8484
