N,K,S,diameter,averageShortestPathLength,edges
2901,4,C(2901; 1; 46; 289; 800),9,6.406896551724138,11604
2901,4,C(2901; 1; 359; 685; 892),9,6.406896551724138,11604
2901,4,C(2901; 1; 361; 700; 946),9,6.406896551724138,11604
2901,4,C(2901; 1; 833; 991; 1054),9,6.406896551724138,11604
