N,K,S,diameter,averageShortestPathLength,edges
2971,4,C(2971; 1; 88; 835; 1149),9,6.448484848484848,11884
2971,4,C(2971; 1; 181; 386; 1073),9,6.448484848484848,11884
2971,4,C(2971; 1; 254; 790; 1409),9,6.448484848484848,11884
2971,4,C(2971; 1; 587; 709; 786),9,6.448484848484848,11884
