N,K,S,diameter,averageShortestPathLength,edges
2886,4,C(2886; 1; 877; 954; 1300),9,6.3937608318890815,11544
2886,4,C(2886; 1; 894; 1211; 1430),9,6.3937608318890815,11544
