N,K,S,diameter,averageShortestPathLength,edges
2187,4,C(2187; 1; 43; 145; 469),9,5.9588289112534305,8748
2187,4,C(2187; 1; 181; 404; 965),9,5.9588289112534305,8748
2187,4,C(2187; 1; 317; 406; 872),9,5.9588289112534305,8748
2187,4,C(2187; 1; 356; 752; 868),9,5.9588289112534305,8748
