N,K,S,diameter,averageShortestPathLength,edges
2240,4,C(2240; 1; 433; 465; 626),9,5.995980348369808,8960
2240,4,C(2240; 1; 553; 948; 986),8,5.995980348369808,8960
2240,4,C(2240; 1; 657; 865; 878),9,5.995980348369808,8960
