N,K,S,diameter,averageShortestPathLength,edges
2752,4,C(2752; 1; 34; 381; 922),9,6.317339149400218,11008
2752,4,C(2752; 1; 939; 1098; 1122),9,6.317339149400218,11008
