N,K,S,diameter,averageShortestPathLength,edges
2293,4,C(2293; 1; 63; 406; 554),8,6.032286212914485,9172
2293,4,C(2293; 1; 64; 182; 516),8,6.032286212914485,9172
2293,4,C(2293; 1; 89; 751; 898),8,6.032286212914485,9172
2293,4,C(2293; 1; 438; 1039; 1072),8,6.032286212914485,9172
