N,K,S,diameter,averageShortestPathLength,edges
2368,4,C(2368; 1; 112; 527; 728),9,6.079847908745247,9472
2368,4,C(2368; 1; 144; 337; 936),9,6.079847908745247,9472
