N,K,S,diameter,averageShortestPathLength,edges
2131,4,C(2131; 1; 34; 829; 958),8,5.92018779342723,8524
2131,4,C(2131; 1; 188; 289; 1031),8,5.92018779342723,8524
2131,4,C(2131; 1; 387; 730; 856),8,5.92018779342723,8524
2131,4,C(2131; 1; 424; 525; 674),8,5.92018779342723,8524
