N,K,S,diameter,averageShortestPathLength,edges
2067,4,C(2067; 1; 276; 675; 733),8,5.8741529525653435,8268
2067,4,C(2067; 1; 570; 720; 736),8,5.8741529525653435,8268
