N,K,S,diameter,averageShortestPathLength,edges
2932,4,C(2932; 1; 119; 154; 758),9,6.421699078812692,11728
2932,4,C(2932; 1; 612; 1111; 1249),9,6.421699078812692,11728
2932,4,C(2932; 1; 800; 885; 1015),9,6.421699078812692,11728
2932,4,C(2932; 1; 887; 918; 1206),9,6.421699078812692,11728
2932,4,C(2932; 1; 1243; 1328; 1453),9,6.421699078812692,11728
