N,K,S,diameter,averageShortestPathLength,edges
2495,4,C(2495; 1; 183; 215; 692),9,6.165998396150762,9980
2495,4,C(2495; 1; 335; 393; 436),9,6.165998396150762,9980
2495,4,C(2495; 1; 968; 1035; 1196),9,6.165998396150762,9980
