N,K,S,diameter,averageShortestPathLength,edges
2882,4,C(2882; 1; 244; 895; 1159),9,6.401943769524471,11528
2882,4,C(2882; 1; 465; 1062; 1167),9,6.401943769524471,11528
2882,4,C(2882; 1; 940; 1185; 1299),9,6.401943769524471,11528
