N,K,S,diameter,averageShortestPathLength,edges
2682,4,C(2682; 1; 156; 280; 1291),9,6.28123834390153,10728
2682,4,C(2682; 1; 295; 426; 542),9,6.28123834390153,10728
