N,K,S,diameter,averageShortestPathLength,edges
2969,4,C(2969; 1; 40; 274; 1379),9,6.449460916442049,11876
2969,4,C(2969; 1; 394; 915; 1072),9,6.449460916442049,11876
2969,4,C(2969; 1; 601; 650; 726),9,6.449460916442049,11876
2969,4,C(2969; 1; 668; 782; 1046),9,6.449460916442049,11876
