N,K,S,diameter,averageShortestPathLength,edges
2675,4,C(2675; 1; 93; 796; 1235),9,6.272251308900524,10700
2675,4,C(2675; 1; 190; 467; 494),9,6.272251308900524,10700
2675,4,C(2675; 1; 653; 1020; 1093),9,6.272251308900524,10700
