N,K,S,diameter,averageShortestPathLength,edges
2751,4,C(2751; 1; 26; 345; 623),9,6.318545454545455,11004
2751,4,C(2751; 1; 529; 553; 939),9,6.318545454545455,11004
