N,K,S,diameter,averageShortestPathLength,edges
2538,4,C(2538; 1; 268; 383; 1171),9,6.18801734331888,10152
2538,4,C(2538; 1; 497; 785; 1220),9,6.18801734331888,10152
2538,4,C(2538; 1; 505; 527; 826),9,6.18801734331888,10152
