N,K,S,diameter,averageShortestPathLength,edges
2130,4,C(2130; 1; 269; 370; 388),8,5.912165335838422,8520
2130,4,C(2130; 1; 640; 722; 871),8,5.912165335838422,8520
