N,K,S,diameter,averageShortestPathLength,edges
2550,4,C(2550; 1; 52; 492; 1154),9,6.200078462142017,10200
2550,4,C(2550; 1; 108; 469; 491),9,6.200078462142017,10200
2550,4,C(2550; 1; 161; 462; 991),9,6.200078462142017,10200
2550,4,C(2550; 1; 211; 582; 821),9,6.200078462142017,10200
