N,K,S,diameter,averageShortestPathLength,edges
2284,4,C(2284; 1; 495; 830; 922),9,6.028471309680246,9136
2284,4,C(2284; 1; 634; 849; 1086),9,6.028471309680246,9136
