N,K,S,diameter,averageShortestPathLength,edges
2922,4,C(2922; 1; 130; 857; 1387),9,6.4197192742211575,11688
2922,4,C(2922; 1; 641; 779; 1408),9,6.4197192742211575,11688
2922,4,C(2922; 1; 691; 752; 979),9,6.4197192742211575,11688
