N,K,S,diameter,averageShortestPathLength,edges
2938,4,C(2938; 1; 49; 692; 1366),9,6.425604358188628,11752
2938,4,C(2938; 1; 152; 194; 1439),9,6.425604358188628,11752
