N,K,S,diameter,averageShortestPathLength,edges
2012,4,C(2012; 1; 19; 248; 598),8,5.832421680755843,8048
2012,4,C(2012; 1; 31; 422; 728),8,5.832421680755843,8048
2012,4,C(2012; 1; 246; 348; 649),8,5.832421680755843,8048
2012,4,C(2012; 1; 390; 915; 948),8,5.832421680755843,8048
2012,4,C(2012; 1; 476; 807; 858),8,5.832421680755843,8048
2012,4,C(2012; 1; 498; 940; 953),8,5.832421680755843,8048
