N,K,S,diameter,averageShortestPathLength,edges
2745,4,C(2745; 1; 150; 321; 736),9,6.317055393586005,10980
2745,4,C(2745; 1; 869; 1041; 1335),9,6.317055393586005,10980
