N,K,S,diameter,averageShortestPathLength,edges
2639,4,C(2639; 1; 26; 332; 601),9,6.254738438210766,10556
2639,4,C(2639; 1; 143; 310; 1059),9,6.254738438210766,10556
2639,4,C(2639; 1; 466; 663; 685),9,6.254738438210766,10556
