N,K,S,diameter,averageShortestPathLength,edges
2349,4,C(2349; 1; 307; 843; 1032),9,6.0689948892674614,9396
2349,4,C(2349; 1; 318; 505; 546),9,6.0689948892674614,9396
