N,K,S,diameter,averageShortestPathLength,edges
472,3,C(472;1;14;174),8,5.2547770700636942,1416
472,3,C(472;1;46;206),8,5.2547770700636942,1416
