N,K,S,diameter,averageShortestPathLength,edges
524,3,C(524;1;29;96),8,5.4474187380497128,1572
524,3,C(524;1;184;253),8,5.4474187380497128,1572
