N,K,S,diameter,averageShortestPathLength,edges
903,3,C(903; 1; 30; 412),10,6.541019955654102,2709
903,3,C(903; 1; 160; 285),10,6.541019955654102,2709
