N,K,S,diameter,averageShortestPathLength,edges
442,3,C(442;1;18;132),8,5.1360544217687076,1326
442,3,C(442;1;180;204),8,5.1360544217687076,1326
