N,K,S,diameter,averageShortestPathLength,edges
891,3,C(891; 1; 33; 279),10,6.521348314606741,2673
891,3,C(891; 1; 97; 261),10,6.521348314606741,2673
891,3,C(891; 1; 248; 315),10,6.521348314606741,2673
