N,K,S,diameter,averageShortestPathLength,edges
914,3,C(914; 1; 105; 448),10,6.570646221248631,2742
914,3,C(914; 1; 248; 383),10,6.570646221248631,2742
