N,K,S,diameter,averageShortestPathLength,edges
58,3,C(58;1;4;16),4,2.5263157894736841,174
58,3,C(58;1;5;22),4,2.5263157894736841,174
58,3,C(58;1;6;21),4,2.5263157894736841,174
58,3,C(58;1;8;11),4,2.5263157894736841,174
58,3,C(58;1;16;23),4,2.5263157894736841,174
58,3,C(58;1;18;26),4,2.5263157894736841,174
