N,K,S,diameter,averageShortestPathLength,edges
273,3,C(273;1;12;81),6,4.3455882352941178,819
273,3,C(273;1;33;126),6,4.3455882352941178,819
