N,K,S,diameter,averageShortestPathLength,edges
580,3,C(580; 1; 41; 66),8,5.618307426597582,1740
580,3,C(580; 1; 49; 68),8,5.618307426597582,1740
580,3,C(580; 1; 71; 188),8,5.618307426597582,1740
580,3,C(580; 1; 99; 154),8,5.618307426597582,1740
