N,K,S,diameter,averageShortestPathLength,edges
648,3,C(648; 1; 49; 68),9,5.839258114374034,1944
648,3,C(648; 1; 119; 316),9,5.839258114374034,1944
