N,K,S,diameter,averageShortestPathLength,edges
797,3,C(797; 1; 54; 87),9,6.276381909547739,2391
797,3,C(797; 1; 193; 284),9,6.276381909547739,2391
797,3,C(797; 1; 223; 369),9,6.276381909547739,2391
