N,K,S,diameter,averageShortestPathLength,edges
650,3,C(650; 1; 36; 119),9,5.848998459167951,1950
650,3,C(650; 1; 44; 71),9,5.848998459167951,1950
