N,K,S,diameter,averageShortestPathLength,edges
237,3,C(237;1;42;53),6,4.1440677966101696,711
237,3,C(237;1;76;111),6,4.1440677966101696,711
