N,K,S,diameter,averageShortestPathLength,edges
646,3,C(646; 1; 18; 150),9,5.835658914728683,1938
646,3,C(646; 1; 90; 114),9,5.835658914728683,1938
