N,K,S,diameter,averageShortestPathLength,edges
745,3,C(745; 1; 30; 333),9,6.134408602150538,2235
745,3,C(745; 1; 132; 235),9,6.134408602150538,2235
