N,K,S,diameter,averageShortestPathLength,edges
304,3,C(304;1;33;42),6,4.5280528052805282,912
304,3,C(304;1;54;129),6,4.5280528052805282,912
