N,K,S,diameter,averageShortestPathLength,edges
631,3,C(631; 1; 109; 278),9,5.809523809523809,1893
631,3,C(631; 1; 110; 292),9,5.809523809523809,1893
631,3,C(631; 1; 143; 188),9,5.809523809523809,1893
