N,K,S,diameter,averageShortestPathLength,edges
464,3,C(464;1;14;138),8,5.2246220302375814,1392
464,3,C(464;1;28;209),8,5.2246220302375814,1392
464,3,C(464;1;37;64),8,5.2246220302375814,1392
464,3,C(464;1;38;183),8,5.2246220302375814,1392
464,3,C(464;1;50;177),8,5.2246220302375814,1392
464,3,C(464;1;71;86),8,5.2246220302375814,1392
464,3,C(464;1;97;210),8,5.2246220302375814,1392
464,3,C(464;1;111;140),8,5.2246220302375814,1392
464,3,C(464;1;163;224),8,5.2246220302375814,1392
