N,K,S,diameter,averageShortestPathLength,edges
61,3,C(61;1;6;26),4,2.5666666666666669,183
61,3,C(61;1;7;19),4,2.5666666666666669,183
61,3,C(61;1;7;25),4,2.5666666666666669,183
61,3,C(61;1;10;16),4,2.5666666666666669,183
61,3,C(61;1;13;19),4,2.5666666666666669,183
61,3,C(61;1;14;22),4,2.5666666666666669,183
61,3,C(61;1;16;25),4,2.5666666666666669,183
61,3,C(61;1;21;26),4,2.5666666666666669,183
61,3,C(61;1;22;29),4,2.5666666666666669,183
