N,K,S,diameter,averageShortestPathLength,edges
962,3,C(962; 1; 32; 439),10,6.689906347554631,2886
962,3,C(962; 1; 184; 355),10,6.689906347554631,2886
