N,K,S,diameter,averageShortestPathLength,edges
886,3,C(886; 1; 76; 262),10,6.4994350282485875,2658
886,3,C(886; 1; 134; 286),10,6.4994350282485875,2658
