N,K,S,diameter,averageShortestPathLength,edges
922,3,C(922; 1; 39; 144),10,6.591748099891422,2766
922,3,C(922; 1; 280; 331),10,6.591748099891422,2766
