N,K,S,diameter,averageShortestPathLength,edges
386,3,C(386;1;85;146),7,4.9038961038961038,1158
386,3,C(386;1;88;109),7,4.9038961038961038,1158
