N,K,S,diameter,averageShortestPathLength,edges
377,3,C(377;1;19;65),7,4.8563829787234045,1131
377,3,C(377;1;30;140),7,4.8563829787234045,1131
377,3,C(377;1;35;81),7,4.8563829787234045,1131
377,3,C(377;1;88;121),7,4.8563829787234045,1131
377,3,C(377;1;119;182),7,4.8563829787234045,1131
