N,K,S,diameter,averageShortestPathLength,edges
619,3,C(619; 1; 131; 201),8,5.763754045307444,1857
619,3,C(619; 1; 189; 230),8,5.763754045307444,1857
619,3,C(619; 1; 218; 271),8,5.763754045307444,1857
