N,K,S,diameter,averageShortestPathLength,edges
683,3,C(683; 1; 58; 302),9,5.958944281524927,2049
683,3,C(683; 1; 89; 106),9,5.958944281524927,2049
683,3,C(683; 1; 147; 330),9,5.958944281524927,2049
