N,K,S,diameter,averageShortestPathLength,edges
870,3,C(870; 1; 134; 383),10,6.4729574223245105,2610
870,3,C(870; 1; 148; 343),10,6.4729574223245105,2610
