N,K,S,diameter,averageShortestPathLength,edges
160,3,C(160;1;14;34),5,3.6163522012578615,480
160,3,C(160;1;17;28),5,3.6163522012578615,480
160,3,C(160;1;22;30),5,3.6163522012578615,480
160,3,C(160;1;36;47),5,3.6163522012578615,480
