N,K,S,diameter,averageShortestPathLength,edges
987,3,C(987; 1; 137; 363),10,6.748478701825558,2961
987,3,C(987; 1; 317; 408),10,6.748478701825558,2961
