N,K,S,diameter,averageShortestPathLength,edges
118,3,C(118;1;14;23),5,3.2649572649572649,354
118,3,C(118;1;14;36),5,3.2649572649572649,354
118,3,C(118;1;16;22),5,3.2649572649572649,354
118,3,C(118;1;16;41),5,3.2649572649572649,354
118,3,C(118;1;36;56),5,3.2649572649572649,354
