N,K,S,diameter,averageShortestPathLength,edges
911,3,C(911; 1; 63; 231),10,6.582417582417582,2733
911,3,C(911; 1; 173; 201),10,6.582417582417582,2733
911,3,C(911; 1; 188; 300),10,6.582417582417582,2733
911,3,C(911; 1; 196; 416),10,6.582417582417582,2733
911,3,C(911; 1; 280; 331),10,6.582417582417582,2733
911,3,C(911; 1; 281; 330),10,6.582417582417582,2733
