N,K,S,diameter,averageShortestPathLength,edges
441,3,C(441;1;36;50),8,5.1318181818181818,1323
441,3,C(441;1;36;97),8,5.1318181818181818,1323
441,3,C(441;1;36;197),8,5.1318181818181818,1323
441,3,C(441;1;99;183),8,5.1318181818181818,1323
