N,K,S,diameter,averageShortestPathLength,edges
676,3,C(676; 1; 55; 250),9,5.934814814814815,2028
676,3,C(676; 1; 66; 295),9,5.934814814814815,2028
