N,K,S,diameter,averageShortestPathLength,edges
806,3,C(806; 1; 121; 176),9,6.2956521739130435,2418
806,3,C(806; 1; 148; 393),9,6.2956521739130435,2418
