N,K,S,diameter,averageShortestPathLength,edges
184,3,C(184;1;7;70),5,3.8087431693989071,552
184,3,C(184;1;10;79),5,3.8087431693989071,552
