N,K,S,diameter,averageShortestPathLength,edges
890,3,C(890; 1; 20; 327),10,6.507311586051744,2670
890,3,C(890; 1; 30; 313),10,6.507311586051744,2670
890,3,C(890; 1; 102; 361),10,6.507311586051744,2670
890,3,C(890; 1; 249; 412),10,6.507311586051744,2670
