N,K,S,diameter,averageShortestPathLength,edges
12,3,C(12;1;2;3),2,1.4545454545454546,36
12,3,C(12;1;2;4),2,1.4545454545454546,36
12,3,C(12;1;2;5),2,1.4545454545454546,36
12,3,C(12;1;3;4),2,1.4545454545454546,36
12,3,C(12;1;3;5),2,1.4545454545454546,36
12,3,C(12;1;4;5),2,1.4545454545454546,36
