N,K,S,diameter,averageShortestPathLength,edges
618,3,C(618; 1; 17; 226),9,5.756888168557537,1854
618,3,C(618; 1; 86; 109),9,5.756888168557537,1854
