N,K,S,diameter,averageShortestPathLength,edges
791,3,C(791; 1; 97; 357),9,6.265822784810126,2373
791,3,C(791; 1; 106; 126),9,6.265822784810126,2373
