N,K,S,diameter,averageShortestPathLength,edges
812,3,C(812; 1; 20; 247),9,6.321824907521578,2436
812,3,C(812; 1; 128; 198),9,6.321824907521578,2436
812,3,C(812; 1; 263; 388),9,6.321824907521578,2436
