N,K,S,diameter,averageShortestPathLength,edges
483,3,C(483;1;34;55),8,5.3029045643153525,1449
483,3,C(483;1;41;71),8,5.3029045643153525,1449
483,3,C(483;1;77;144),8,5.3029045643153525,1449
483,3,C(483;1;106;202),8,5.3029045643153525,1449
