N,K,S,diameter,averageShortestPathLength,edges
203,3,C(203;1;7;57),5,3.9306930693069306,609
203,3,C(203;1;22;28),5,3.9306930693069306,609
203,3,C(203;1;83;91),5,3.9306930693069306,609
