N,K,S,diameter,averageShortestPathLength,edges
150,3,C(150;1;16;26),5,3.523489932885906,450
150,3,C(150;1;26;34),5,3.523489932885906,450
150,3,C(150;1;26;66),5,3.523489932885906,450
150,3,C(150;1;46;67),5,3.523489932885906,450
150,3,C(150;1;47;62),5,3.523489932885906,450
150,3,C(150;1;56;64),5,3.523489932885906,450
