N,K,S,diameter,averageShortestPathLength,edges
622,3,C(622; 1; 25; 278),9,5.768115942028985,1866
622,3,C(622; 1; 36; 199),9,5.768115942028985,1866
