N,K,S,diameter,averageShortestPathLength,edges
252,3,C(252;1;26;117),6,4.2430278884462149,756
252,3,C(252;1;27;44),6,4.2430278884462149,756
252,3,C(252;1;81;118),6,4.2430278884462149,756
