N,K,S,diameter,averageShortestPathLength,edges
137,3,C(137;1;9;57),5,3.4264705882352939,411
137,3,C(137;1;12;29),5,3.4264705882352939,411
137,3,C(137;1;52;61),5,3.4264705882352939,411
