N,K,S,diameter,averageShortestPathLength,edges
280,3,C(280;1;16;85),7,4.3942652329749103,840
280,3,C(280;1;26;60),7,4.3942652329749103,840
