N,K,S,diameter,averageShortestPathLength,edges
339,3,C(339;1;14;125),7,4.6982248520710055,1017
339,3,C(339;1;121;130),7,4.6982248520710055,1017
339,3,C(339;1;133;160),7,4.6982248520710055,1017
