N,K,S,diameter,averageShortestPathLength,edges
230,3,C(230;1;11;86),6,4.1004366812227078,690
230,3,C(230;1;21;34),6,4.1004366812227078,690
