N,K,S,diameter,averageShortestPathLength,edges
454,3,C(454;1;144;220),8,5.1810154525386309,1362
454,3,C(454;1;156;196),8,5.1810154525386309,1362
