N,K,S,diameter,averageShortestPathLength,edges
473,3,C(473;1;33;150),8,5.2584745762711869,1419
473,3,C(473;1;41;66),8,5.2584745762711869,1419
