N,K,S,diameter,averageShortestPathLength,edges
390,3,C(390; 1; 60; 141),7,4.917737789203085,1170
390,3,C(390; 1; 150; 169),7,4.917737789203085,1170
