N,K,S,diameter,averageShortestPathLength,edges
761,3,C(761; 1; 86; 183),9,6.184210526315789,2283
761,3,C(761; 1; 166; 292),9,6.184210526315789,2283
761,3,C(761; 1; 341; 353),9,6.184210526315789,2283
