N,K,S,diameter,averageShortestPathLength,edges
338,3,C(338;1;22;58),7,4.6913946587537092,1014
338,3,C(338;1;50;82),7,4.6913946587537092,1014
