N,K,S,diameter,averageShortestPathLength,edges
665,3,C(665; 1; 16; 246),9,5.897590361445783,1995
665,3,C(665; 1; 54; 246),9,5.897590361445783,1995
665,3,C(665; 1; 234; 291),9,5.897590361445783,1995
