N,K,S,diameter,averageShortestPathLength,edges
399,3,C(399; 1; 12; 147),7,4.964824120603015,1197
399,3,C(399; 1; 29; 130),7,4.964824120603015,1197
399,3,C(399; 1; 32; 55),7,4.964824120603015,1197
399,3,C(399; 1; 39; 174),7,4.964824120603015,1197
399,3,C(399; 1; 54; 155),7,4.964824120603015,1197
399,3,C(399; 1; 75; 139),7,4.964824120603015,1197
399,3,C(399; 1; 89; 187),7,4.964824120603015,1197
399,3,C(399; 1; 138; 182),7,4.964824120603015,1197
