N,K,S,diameter,averageShortestPathLength,edges
355,3,C(355;1;14;130),7,4.768361581920904,1065
355,3,C(355;1;29;78),7,4.768361581920904,1065
355,3,C(355;1;49;83),7,4.768361581920904,1065
355,3,C(355;1;60;76),7,4.768361581920904,1065
355,3,C(355;1;77;132),7,4.768361581920904,1065
