N,K,S,diameter,averageShortestPathLength,edges
71,3,C(71;1;7;30),4,2.6857142857142855,213
71,3,C(71;1;10;16),4,2.6857142857142855,213
71,3,C(71;1;26;31),4,2.6857142857142855,213
