N,K,S,diameter,averageShortestPathLength,edges
293,3,C(293;1;13;87),7,4.4657534246575343,879
293,3,C(293;1;15;127),7,4.4657534246575343,879
293,3,C(293;1;20;130),7,4.4657534246575343,879
293,3,C(293;1;28;39),7,4.4657534246575343,879
293,3,C(293;1;30;136),7,4.4657534246575343,879
293,3,C(293;1;44;140),7,4.4657534246575343,879
293,3,C(293;1;45;106),7,4.4657534246575343,879
293,3,C(293;1;47;64),7,4.4657534246575343,879
293,3,C(293;1;90;142),7,4.4657534246575343,879
