N,K,S,diameter,averageShortestPathLength,edges
504,3,C(504;1;19;218),8,5.3777335984095425,1512
504,3,C(504;1;38;53),8,5.3777335984095425,1512
