N,K,S,diameter,averageShortestPathLength,edges
924,3,C(924; 1; 124; 384),10,6.6034669555796315,2772
924,3,C(924; 1; 386; 432),10,6.6034669555796315,2772
