N,K,S,diameter,averageShortestPathLength,edges
820,3,C(820; 1; 30; 287),10,6.346764346764346,2460
820,3,C(820; 1; 43; 292),10,6.346764346764346,2460
820,3,C(820; 1; 64; 267),10,6.346764346764346,2460
820,3,C(820; 1; 148; 208),10,6.346764346764346,2460
