N,K,S,diameter,averageShortestPathLength,edges
875,3,C(875; 1; 149; 345),10,6.480549199084668,2625
875,3,C(875; 1; 155; 276),10,6.480549199084668,2625
