N,K,S,diameter,averageShortestPathLength,edges
839,3,C(839; 1; 18; 194),10,6.39618138424821,2517
839,3,C(839; 1; 104; 233),10,6.39618138424821,2517
839,3,C(839; 1; 121; 333),10,6.39618138424821,2517
