N,K,S,diameter,averageShortestPathLength,edges
221,3,C(221;1;12;68),6,4.0545454545454547,663
221,3,C(221;1;12;95),6,4.0545454545454547,663
221,3,C(221;1;42;107),6,4.0545454545454547,663
221,3,C(221;1;68;92),6,4.0545454545454547,663
221,3,C(221;1;92;100),6,4.0545454545454547,663
