N,K,S,diameter,averageShortestPathLength,edges
807,3,C(807; 1; 30; 368),9,6.305210918114144,2421
807,3,C(807; 1; 125; 285),9,6.305210918114144,2421
