N,K,S,diameter,averageShortestPathLength,edges
382,3,C(382; 1; 23; 172),7,4.8871391076115485,1146
382,3,C(382; 1; 83; 142),7,4.8871391076115485,1146
