N,K,S,diameter,averageShortestPathLength,edges
862,3,C(862; 1; 32; 393),9,6.4436701509872245,2586
862,3,C(862; 1; 226; 397),9,6.4436701509872245,2586
