N,K,S,diameter,averageShortestPathLength,edges
111,3,C(111;1;5;31),4,3.1818181818181817,333
111,3,C(111;1;7;43),4,3.1818181818181817,333
111,3,C(111;1;16;22),4,3.1818181818181817,333
