N,K,S,diameter,averageShortestPathLength,edges
721,3,C(721; 1; 27; 255),9,6.072222222222222,2163
721,3,C(721; 1; 51; 82),9,6.072222222222222,2163
721,3,C(721; 1; 189; 332),9,6.072222222222222,2163
721,3,C(721; 1; 215; 259),9,6.072222222222222,2163
721,3,C(721; 1; 267; 311),9,6.072222222222222,2163
