N,K,S,diameter,averageShortestPathLength,edges
253,3,C(253;1;11;75),6,4.2380952380952381,759
253,3,C(253;1;27;44),6,4.2380952380952381,759
