N,K,S,diameter,averageShortestPathLength,edges
611,3,C(611; 1; 43; 74),9,5.740983606557377,1833
611,3,C(611; 1; 183; 270),9,5.740983606557377,1833
611,3,C(611; 1; 207; 289),9,5.740983606557377,1833
