N,K,S,diameter,averageShortestPathLength,edges
749,3,C(749; 1; 35; 116),9,6.147058823529412,2247
749,3,C(749; 1; 226; 329),9,6.147058823529412,2247
