N,K,S,diameter,averageShortestPathLength,edges
620,3,C(620; 1; 76; 201),8,5.752827140549273,1860
620,3,C(620; 1; 96; 219),8,5.752827140549273,1860
