N,K,S,diameter,averageShortestPathLength,edges
919,3,C(919; 1; 145; 224),10,6.586056644880174,2757
919,3,C(919; 1; 160; 225),10,6.586056644880174,2757
919,3,C(919; 1; 290; 450),10,6.586056644880174,2757
