N,K,S,diameter,averageShortestPathLength,edges
284,3,C(284;1;30;38),6,4.4240282685512371,852
284,3,C(284;1;102;110),6,4.4240282685512371,852
