N,K,S,diameter,averageShortestPathLength,edges
153,3,C(153;1;17;41),5,3.5526315789473686,459
153,3,C(153;1;20;49),5,3.5526315789473686,459
153,3,C(153;1;23;56),5,3.5526315789473686,459
153,3,C(153;1;25;41),5,3.5526315789473686,459
153,3,C(153;1;34;56),5,3.5526315789473686,459
