N,K,S,diameter,averageShortestPathLength,edges
381,3,C(381; 1; 14; 139),7,4.878947368421053,1143
381,3,C(381; 1; 74; 107),7,4.878947368421053,1143
381,3,C(381; 1; 136; 146),7,4.878947368421053,1143
