N,K,S,diameter,averageShortestPathLength,edges
710,3,C(710; 1; 30; 253),9,6.036671368124119,2130
710,3,C(710; 1; 54; 197),9,6.036671368124119,2130
710,3,C(710; 1; 87; 230),9,6.036671368124119,2130
710,3,C(710; 1; 112; 173),9,6.036671368124119,2130
