N,K,S,diameter,averageShortestPathLength,edges
556,3,C(556; 1; 16; 204),8,5.558558558558558,1668
556,3,C(556; 1; 131; 252),8,5.558558558558558,1668
556,3,C(556; 1; 191; 240),8,5.558558558558558,1668
