N,K,S,diameter,averageShortestPathLength,edges
582,3,C(582; 1; 44; 61),8,5.635111876075731,1746
582,3,C(582; 1; 182; 229),8,5.635111876075731,1746
