N,K,S,diameter,averageShortestPathLength,edges
346,3,C(346;1;9;132),7,4.7217391304347824,1038
346,3,C(346;1;77;130),7,4.7217391304347824,1038
