N,K,S,diameter,averageShortestPathLength,edges
265,3,C(265;1;8;110),7,4.3181818181818183,795
265,3,C(265;1;33;80),7,4.3181818181818183,795
