N,K,S,diameter,averageShortestPathLength,edges
311,3,C(311;1;19;65),7,4.5612903225806454,933
311,3,C(311;1;29;67),7,4.5612903225806454,933
311,3,C(311;1;57;148),7,4.5612903225806454,933
311,3,C(311;1;60;139),7,4.5612903225806454,933
311,3,C(311;1;118;131),7,4.5612903225806454,933
311,3,C(311;1;132;145),7,4.5612903225806454,933
