N,K,S,diameter,averageShortestPathLength,edges
845,3,C(845; 1; 30; 383),10,6.4052132701421804,2535
845,3,C(845; 1; 353; 395),10,6.4052132701421804,2535
