N,K,S,diameter,averageShortestPathLength,edges
243,3,C(243;1;8;93),6,4.1818181818181817,729
243,3,C(243;1;42;91),6,4.1818181818181817,729
