N,K,S,diameter,averageShortestPathLength,edges
939,3,C(939; 1; 141; 205),10,6.626865671641791,2817
939,3,C(939; 1; 142; 303),10,6.626865671641791,2817
