N,K,S,diameter,averageShortestPathLength,edges
575,3,C(575; 1; 56; 251),8,5.623693379790941,1725
575,3,C(575; 1; 126; 156),8,5.623693379790941,1725
575,3,C(575; 1; 129; 154),8,5.623693379790941,1725
