N,K,S,diameter,averageShortestPathLength,edges
415,3,C(415;1;25;187),7,5.0193236714975846,1245
415,3,C(415;1;100;162),7,5.0193236714975846,1245
