N,K,S,diameter,averageShortestPathLength,edges
581,3,C(581; 1; 24; 262),8,5.641379310344828,1743
581,3,C(581; 1; 41; 66),8,5.641379310344828,1743
581,3,C(581; 1; 44; 61),8,5.641379310344828,1743
581,3,C(581; 1; 51; 62),8,5.641379310344828,1743
581,3,C(581; 1; 85; 200),8,5.641379310344828,1743
581,3,C(581; 1; 121; 253),8,5.641379310344828,1743
