N,K,S,diameter,averageShortestPathLength,edges
652,3,C(652; 1; 64; 113),9,5.858678955453149,1956
652,3,C(652; 1; 75; 236),9,5.858678955453149,1956
