N,K,S,diameter,averageShortestPathLength,edges
189,3,C(189;1;20;33),6,3.8404255319148937,567
189,3,C(189;1;30;85),6,3.8404255319148937,567
