N,K,S,diameter,averageShortestPathLength,edges
251,3,C(251;1;9;105),6,4.2320000000000002,753
251,3,C(251;1;28;72),6,4.2320000000000002,753
251,3,C(251;1;98;122),6,4.2320000000000002,753
