N,K,S,diameter,averageShortestPathLength,edges
16,3,C(16;1;2;6),2,1.6000000000000001,48
16,3,C(16;1;2;7),2,1.6000000000000001,48
16,3,C(16;1;3;4),2,1.6000000000000001,48
16,3,C(16;1;4;5),2,1.6000000000000001,48
16,3,C(16;1;4;6),2,1.6000000000000001,48
16,3,C(16;1;4;7),2,1.6000000000000001,48
16,3,C(16;1;6;7),2,1.6000000000000001,48
