N,K,S,diameter,averageShortestPathLength,edges
489,3,C(489;1;38;53),8,5.3196721311475406,1467
489,3,C(489;1;40;193),8,5.3196721311475406,1467
489,3,C(489;1;110;203),8,5.3196721311475406,1467
