N,K,S,diameter,averageShortestPathLength,edges
11,3,C(11;1;2;3),2,1.3999999999999999,33
11,3,C(11;1;2;4),2,1.3999999999999999,33
11,3,C(11;1;2;5),2,1.3999999999999999,33
11,3,C(11;1;3;4),2,1.3999999999999999,33
11,3,C(11;1;3;5),2,1.3999999999999999,33
11,3,C(11;1;4;5),2,1.3999999999999999,33
