N,K,S,diameter,averageShortestPathLength,edges
453,3,C(453;1;16;198),8,5.1769911504424782,1359
453,3,C(453;1;69;85),8,5.1769911504424782,1359
