N,K,S,diameter,averageShortestPathLength,edges
186,3,C(186;1;38;52),6,3.8216216216216217,558
186,3,C(186;1;40;87),6,3.8216216216216217,558
