N,K,S,diameter,averageShortestPathLength,edges
264,3,C(264;1;16;55),6,4.2889733840304185,792
264,3,C(264;1;39;64),6,4.2889733840304185,792
