N,K,S,diameter,averageShortestPathLength,edges
961,3,C(961; 1; 36; 340),10,6.683333333333334,2883
961,3,C(961; 1; 181; 342),10,6.683333333333334,2883
961,3,C(961; 1; 223; 347),10,6.683333333333334,2883
