N,K,S,diameter,averageShortestPathLength,edges
387,3,C(387; 1; 14; 117),7,4.901554404145077,1161
387,3,C(387; 1; 36; 83),7,4.901554404145077,1161
