N,K,S,diameter,averageShortestPathLength,edges
531,3,C(531; 1; 16; 158),8,5.467924528301887,1593
531,3,C(531; 1; 94; 205),8,5.467924528301887,1593
531,3,C(531; 1; 166; 209),8,5.467924528301887,1593
