N,K,S,diameter,averageShortestPathLength,edges
629,3,C(629; 1; 33; 224),9,5.789808917197452,1887
629,3,C(629; 1; 148; 175),9,5.789808917197452,1887
629,3,C(629; 1; 222; 248),9,5.789808917197452,1887
629,3,C(629; 1; 241; 305),9,5.789808917197452,1887
629,3,C(629; 1; 261; 278),9,5.789808917197452,1887
