N,K,S,diameter,averageShortestPathLength,edges
249,3,C(249;1;13;108),6,4.225806451612903,747
249,3,C(249;1;30;115),6,4.225806451612903,747
