N,K,S,diameter,averageShortestPathLength,edges
935,3,C(935; 1; 57; 92),10,6.616702355460386,2805
935,3,C(935; 1; 64; 82),10,6.616702355460386,2805
935,3,C(935; 1; 336; 437),10,6.616702355460386,2805
