N,K,S,diameter,averageShortestPathLength,edges
143,3,C(143;1;17;28),5,3.4788732394366195,429
143,3,C(143;1;32;42),5,3.4788732394366195,429
143,3,C(143;1;46;67),5,3.4788732394366195,429
