N,K,S,diameter,averageShortestPathLength,edges
503,3,C(503;1;33;57),8,5.3784860557768921,1509
503,3,C(503;1;44;61),8,5.3784860557768921,1509
503,3,C(503;1;80;150),8,5.3784860557768921,1509
