N,K,S,diameter,averageShortestPathLength,edges
634,3,C(634; 1; 18; 276),9,5.819905213270142,1902
634,3,C(634; 1; 24; 274),9,5.819905213270142,1902
634,3,C(634; 1; 40; 174),9,5.819905213270142,1902
634,3,C(634; 1; 76; 194),9,5.819905213270142,1902
