N,K,S,diameter,averageShortestPathLength,edges
557,3,C(557; 1; 30; 254),8,5.568345323741007,1671
557,3,C(557; 1; 95; 148),8,5.568345323741007,1671
557,3,C(557; 1; 125; 149),8,5.568345323741007,1671
557,3,C(557; 1; 129; 154),8,5.568345323741007,1671
557,3,C(557; 1; 130; 157),8,5.568345323741007,1671
557,3,C(557; 1; 170; 207),8,5.568345323741007,1671
