N,K,S,diameter,averageShortestPathLength,edges
540,3,C(540; 1; 40; 69),8,5.4935064935064934,1620
540,3,C(540; 1; 86; 161),8,5.4935064935064934,1620
540,3,C(540; 1; 161; 194),8,5.4935064935064934,1620
