N,K,S,diameter,averageShortestPathLength,edges
313,3,C(313;1;19;141),7,4.5641025641025639,939
313,3,C(313;1;33;42),7,4.5641025641025639,939
313,3,C(313;1;82;111),7,4.5641025641025639,939
