N,K,S,diameter,averageShortestPathLength,edges
185,3,C(185;1;7;51),5,3.8152173913043477,555
185,3,C(185;1;18;29),5,3.8152173913043477,555
185,3,C(185;1;53;72),5,3.8152173913043477,555
