N,K,S,diameter,averageShortestPathLength,edges
64,3,C(64;1;4;25),4,2.6031746031746033,192
64,3,C(64;1;23;28),4,2.6031746031746033,192
