N,K,S,diameter,averageShortestPathLength,edges
998,3,C(998; 1; 151; 322),10,6.775325977933801,2994
998,3,C(998; 1; 423; 478),10,6.775325977933801,2994
