N,K,S,diameter,averageShortestPathLength,edges
219,3,C(219;1;42;77),6,4.0091743119266052,657
219,3,C(219;1;91;99),6,4.0091743119266052,657
