N,K,S,diameter,averageShortestPathLength,edges
979,3,C(979; 1; 86; 236),10,6.730061349693251,2937
979,3,C(979; 1; 112; 158),10,6.730061349693251,2937
979,3,C(979; 1; 148; 316),10,6.730061349693251,2937
