N,K,S,diameter,averageShortestPathLength,edges
257,3,C(257;1;36;125),6,4.265625,771
257,3,C(257;1;37;47),6,4.265625,771
257,3,C(257;1;50;82),6,4.265625,771
