N,K,S,diameter,averageShortestPathLength,edges
768,3,C(768; 1; 36; 119),9,6.2007822685788785,2304
768,3,C(768; 1; 71; 252),9,6.2007822685788785,2304
768,3,C(768; 1; 169; 204),9,6.2007822685788785,2304
768,3,C(768; 1; 276; 359),9,6.2007822685788785,2304
