N,K,S,diameter,averageShortestPathLength,edges
986,3,C(986; 1; 113; 400),10,6.748223350253807,2958
986,3,C(986; 1; 445; 466),10,6.748223350253807,2958
