N,K,S,diameter,averageShortestPathLength,edges
830,3,C(830; 1; 126; 367),9,6.366706875753921,2490
830,3,C(830; 1; 147; 262),9,6.366706875753921,2490
