N,K,S,diameter,averageShortestPathLength,edges
912,3,C(912; 1; 75; 244),10,6.569703622392975,2736
912,3,C(912; 1; 144; 325),10,6.569703622392975,2736
912,3,C(912; 1; 275; 384),10,6.569703622392975,2736
912,3,C(912; 1; 308; 420),10,6.569703622392975,2736
