N,K,S,diameter,averageShortestPathLength,edges
815,3,C(815; 1; 107; 242),9,6.329238329238329,2445
815,3,C(815; 1; 246; 358),9,6.329238329238329,2445
815,3,C(815; 1; 293; 381),9,6.329238329238329,2445
