N,K,S,diameter,averageShortestPathLength,edges
516,3,C(516;1;88;137),8,5.4116504854368932,1548
516,3,C(516;1;113;140),8,5.4116504854368932,1548
