N,K,S,diameter,averageShortestPathLength,edges
838,3,C(838; 1; 21; 196),10,6.3882915173237755,2514
838,3,C(838; 1; 270; 399),10,6.3882915173237755,2514
