N,K,S,diameter,averageShortestPathLength,edges
335,3,C(335;1;31;72),7,4.682634730538922,1005
335,3,C(335;1;33;107),7,4.682634730538922,1005
335,3,C(335;1;46;117),7,4.682634730538922,1005
335,3,C(335;1;51;63),7,4.682634730538922,1005
335,3,C(335;1;54;132),7,4.682634730538922,1005
335,3,C(335;1;63;117),7,4.682634730538922,1005
335,3,C(335;1;77;140),7,4.682634730538922,1005
335,3,C(335;1;87;120),7,4.682634730538922,1005
