N,K,S,diameter,averageShortestPathLength,edges
383,3,C(383; 1; 10; 146),7,4.895287958115183,1149
383,3,C(383; 1; 62; 115),7,4.895287958115183,1149
383,3,C(383; 1; 105; 181),7,4.895287958115183,1149
