N,K,S,diameter,averageShortestPathLength,edges
895,3,C(895; 1; 20; 206),10,6.532438478747204,2685
895,3,C(895; 1; 36; 400),10,6.532438478747204,2685
895,3,C(895; 1; 60; 77),10,6.532438478747204,2685
895,3,C(895; 1; 93; 210),10,6.532438478747204,2685
895,3,C(895; 1; 126; 165),10,6.532438478747204,2685
895,3,C(895; 1; 174; 210),10,6.532438478747204,2685
