N,K,S,diameter,averageShortestPathLength,edges
893,3,C(893; 1; 152; 352),10,6.526905829596412,2679
893,3,C(893; 1; 304; 378),10,6.526905829596412,2679
