N,K,S,diameter,averageShortestPathLength,edges
178,3,C(178;1;10;54),6,3.768361581920904,534
178,3,C(178;1;18;46),6,3.768361581920904,534
178,3,C(178;1;27;46),6,3.768361581920904,534
178,3,C(178;1;33;84),6,3.768361581920904,534
