N,K,S,diameter,averageShortestPathLength,edges
855,3,C(855; 1; 157; 417),10,6.437939110070258,2565
855,3,C(855; 1; 384; 403),10,6.437939110070258,2565
