N,K,S,diameter,averageShortestPathLength,edges
800,3,C(800; 1; 30; 283),9,6.282853566958698,2400
800,3,C(800; 1; 147; 390),9,6.282853566958698,2400
