N,K,S,diameter,averageShortestPathLength,edges
535,3,C(535; 1; 29; 69),8,5.48689138576779,1605
535,3,C(535; 1; 31; 171),8,5.48689138576779,1605
535,3,C(535; 1; 166; 219),8,5.48689138576779,1605
