N,K,S,diameter,averageShortestPathLength,edges
927,3,C(927; 1; 33; 420),10,6.611231101511879,2781
927,3,C(927; 1; 54; 149),10,6.611231101511879,2781
927,3,C(927; 1; 56; 243),10,6.611231101511879,2781
