N,K,S,diameter,averageShortestPathLength,edges
767,3,C(767; 1; 121; 187),9,6.193211488250653,2301
767,3,C(767; 1; 136; 242),9,6.193211488250653,2301
767,3,C(767; 1; 141; 374),9,6.193211488250653,2301
