N,K,S,diameter,averageShortestPathLength,edges
781,3,C(781; 1; 32; 275),9,6.2384615384615385,2343
781,3,C(781; 1; 33; 122),9,6.2384615384615385,2343
781,3,C(781; 1; 59; 82),9,6.2384615384615385,2343
781,3,C(781; 1; 85; 200),9,6.2384615384615385,2343
781,3,C(781; 1; 147; 278),9,6.2384615384615385,2343
