N,K,S,diameter,averageShortestPathLength,edges
146,3,C(146;1;20;70),5,3.5034482758620689,438
146,3,C(146;1;30;70),5,3.5034482758620689,438
