N,K,S,diameter,averageShortestPathLength,edges
291,3,C(291;1;20;129),7,4.455172413793103,873
291,3,C(291;1;21;131),7,4.455172413793103,873
291,3,C(291;1;30;135),7,4.455172413793103,873
291,3,C(291;1;40;68),7,4.455172413793103,873
291,3,C(291;1;80;89),7,4.455172413793103,873
291,3,C(291;1;85;107),7,4.455172413793103,873
