N,K,S,diameter,averageShortestPathLength,edges
913,3,C(913; 1; 69; 400),10,6.576754385964913,2739
913,3,C(913; 1; 172; 325),10,6.576754385964913,2739
913,3,C(913; 1; 404; 427),10,6.576754385964913,2739
