N,K,S,diameter,averageShortestPathLength,edges
250,3,C(250;1;48;88),6,4.2168674698795181,750
250,3,C(250;1;73;92),6,4.2168674698795181,750
250,3,C(250;1;104;113),6,4.2168674698795181,750
