N,K,S,diameter,averageShortestPathLength,edges
693,3,C(693; 1; 158; 242),9,5.991329479768786,2079
693,3,C(693; 1; 209; 250),9,5.991329479768786,2079
