N,K,S,diameter,averageShortestPathLength,edges
868,3,C(868; 1; 66; 241),10,6.455594002306805,2604
868,3,C(868; 1; 274; 425),10,6.455594002306805,2604
