N,K,S,diameter,averageShortestPathLength,edges
760,3,C(760; 1; 16; 204),9,6.189723320158103,2280
760,3,C(760; 1; 43; 116),9,6.189723320158103,2280
760,3,C(760; 1; 53; 68),9,6.189723320158103,2280
760,3,C(760; 1; 114; 166),9,6.189723320158103,2280
