N,K,S,diameter,averageShortestPathLength,edges
207,3,C(207;1;12;88),6,3.9611650485436893,621
207,3,C(207;1;22;36),6,3.9611650485436893,621
207,3,C(207;1;36;47),6,3.9611650485436893,621
207,3,C(207;1;40;66),6,3.9611650485436893,621
