N,K,S,diameter,averageShortestPathLength,edges
952,3,C(952; 1; 20; 287),10,6.665615141955836,2856
952,3,C(952; 1; 72; 417),10,6.665615141955836,2856
952,3,C(952; 1; 121; 144),10,6.665615141955836,2856
