N,K,S,diameter,averageShortestPathLength,edges
511,3,C(511;1;36;62),8,5.4000000000000004,1533
511,3,C(511;1;71;197),8,5.4000000000000004,1533
511,3,C(511;1;83;239),8,5.4000000000000004,1533
