N,K,S,diameter,averageShortestPathLength,edges
202,3,C(202;1;14;60),6,3.9253731343283582,606
202,3,C(202;1;26;92),6,3.9253731343283582,606
