N,K,S,diameter,averageShortestPathLength,edges
832,3,C(832; 1; 150; 211),10,6.382671480144404,2496
832,3,C(832; 1; 347; 366),10,6.382671480144404,2496
