N,K,S,diameter,averageShortestPathLength,edges
379,3,C(379;1;23;79),7,4.8624338624338623,1137
379,3,C(379;1;24;173),7,4.8624338624338623,1137
379,3,C(379;1;29;67),7,4.8624338624338623,1137
379,3,C(379;1;33;46),7,4.8624338624338623,1137
379,3,C(379;1;57;181),7,4.8624338624338623,1137
379,3,C(379;1;133;183),7,4.8624338624338623,1137
