N,K,S,diameter,averageShortestPathLength,edges
197,3,C(197;1;12;83),6,3.8877551020408165,591
197,3,C(197;1;19;31),6,3.8877551020408165,591
197,3,C(197;1;82;89),6,3.8877551020408165,591
