N,K,S,diameter,averageShortestPathLength,edges
753,3,C(753; 1; 51; 82),9,6.162234042553192,2259
753,3,C(753; 1; 57; 79),9,6.162234042553192,2259
753,3,C(753; 1; 66; 305),9,6.162234042553192,2259
753,3,C(753; 1; 101; 120),9,6.162234042553192,2259
