N,K,S,diameter,averageShortestPathLength,edges
844,3,C(844; 1; 19; 310),10,6.39976275207592,2532
844,3,C(844; 1; 194; 311),10,6.39976275207592,2532
