N,K,S,diameter,averageShortestPathLength,edges
409,3,C(409;1;16;150),7,5.0049019607843137,1227
409,3,C(409;1;30;71),7,5.0049019607843137,1227
409,3,C(409;1;144;179),7,5.0049019607843137,1227
