N,K,S,diameter,averageShortestPathLength,edges
480,3,C(480;1;16;141),8,5.2881002087682676,1440
480,3,C(480;1;30;71),8,5.2881002087682676,1440
480,3,C(480;1;73;90),8,5.2881002087682676,1440
480,3,C(480;1;150;217),8,5.2881002087682676,1440
480,3,C(480;1;169;210),8,5.2881002087682676,1440
