N,K,S,diameter,averageShortestPathLength,edges
757,3,C(757; 1; 27; 343),9,6.171957671957672,2271
757,3,C(757; 1; 28; 237),9,6.171957671957672,2271
757,3,C(757; 1; 64; 214),9,6.171957671957672,2271
