N,K,S,diameter,averageShortestPathLength,edges
133,3,C(133;1;6;37),5,3.393939393939394,399
133,3,C(133;1;11;58),5,3.393939393939394,399
133,3,C(133;1;12;31),5,3.393939393939394,399
133,3,C(133;1;16;22),5,3.393939393939394,399
133,3,C(133;1;18;25),5,3.393939393939394,399
133,3,C(133;1;20;49),5,3.393939393939394,399
133,3,C(133;1;21;29),5,3.393939393939394,399
133,3,C(133;1;30;39),5,3.393939393939394,399
133,3,C(133;1;42;55),5,3.393939393939394,399
