N,K,S,diameter,averageShortestPathLength,edges
248,3,C(248;1;65;88),6,4.2024291497975712,744
248,3,C(248;1;103;112),6,4.2024291497975712,744
