N,K,S,diameter,averageShortestPathLength,edges
279,3,C(279;1;54;89),6,4.3812949640287773,837
279,3,C(279;1;116;126),6,4.3812949640287773,837
