N,K,S,diameter,averageShortestPathLength,edges
195,3,C(195;1;12;82),6,3.8762886597938144,585
195,3,C(195;1;21;34),6,3.8762886597938144,585
195,3,C(195;1;51;86),6,3.8762886597938144,585
195,3,C(195;1;81;88),6,3.8762886597938144,585
