N,K,S,diameter,averageShortestPathLength,edges
271,3,C(271;1;11;81),7,4.340740740740741,813
271,3,C(271;1;26;36),7,4.340740740740741,813
271,3,C(271;1;32;74),7,4.340740740740741,813
271,3,C(271;1;73;82),7,4.340740740740741,813
271,3,C(271;1;76;128),7,4.340740740740741,813
271,3,C(271;1;87;127),7,4.340740740740741,813
