N,K,S,diameter,averageShortestPathLength,edges
555,3,C(555; 1; 77; 214),8,5.5451263537906135,1665
555,3,C(555; 1; 143; 236),8,5.5451263537906135,1665
555,3,C(555; 1; 163; 173),8,5.5451263537906135,1665
