N,K,S,diameter,averageShortestPathLength,edges
430,3,C(430;1;13;128),8,5.0792540792540795,1290
430,3,C(430;1;33;76),8,5.0792540792540795,1290
