N,K,S,diameter,averageShortestPathLength,edges
112,3,C(112;1;18;42),5,3.2072072072072073,336
112,3,C(112;1;19;26),5,3.2072072072072073,336
112,3,C(112;1;34;53),5,3.2072072072072073,336
112,3,C(112;1;35;46),5,3.2072072072072073,336
