N,K,S,diameter,averageShortestPathLength,edges
574,3,C(574; 1; 18; 132),9,5.62652705061082,1722
574,3,C(574; 1; 36; 62),9,5.62652705061082,1722
