N,K,S,diameter,averageShortestPathLength,edges
980,3,C(980; 1; 22; 360),10,6.734422880490296,2940
980,3,C(980; 1; 67; 86),10,6.734422880490296,2940
980,3,C(980; 1; 117; 262),10,6.734422880490296,2940
