N,K,S,diameter,averageShortestPathLength,edges
281,3,C(281;1;11;103),7,4.4000000000000004,843
281,3,C(281;1;25;59),7,4.4000000000000004,843
281,3,C(281;1;29;100),7,4.4000000000000004,843
281,3,C(281;1;30;49),7,4.4000000000000004,843
281,3,C(281;1;45;126),7,4.4000000000000004,843
281,3,C(281;1;51;86),7,4.4000000000000004,843
