N,K,S,diameter,averageShortestPathLength,edges
125,3,C(125;1;6;49),5,3.3225806451612905,375
125,3,C(125;1;19;26),5,3.3225806451612905,375
125,3,C(125;1;21;29),5,3.3225806451612905,375
125,3,C(125;1;24;44),5,3.3225806451612905,375
125,3,C(125;1;46;54),5,3.3225806451612905,375
125,3,C(125;1;51;56),5,3.3225806451612905,375
