N,K,S,diameter,averageShortestPathLength,edges
28,3,C(28;1;4;11),3,1.8888888888888888,84
28,3,C(28;1;5;8),3,1.8888888888888888,84
