N,K,S,diameter,averageShortestPathLength,edges
758,3,C(758; 1; 93; 342),9,6.171730515191546,2274
758,3,C(758; 1; 163; 346),9,6.171730515191546,2274
