N,K,S,diameter,averageShortestPathLength,edges
994,3,C(994; 1; 68; 87),10,6.7744209466263845,2982
994,3,C(994; 1; 262; 457),10,6.7744209466263845,2982
