N,K,S,diameter,averageShortestPathLength,edges
863,3,C(863; 1; 99; 350),10,6.454756380510441,2589
863,3,C(863; 1; 180; 303),10,6.454756380510441,2589
863,3,C(863; 1; 319; 401),10,6.454756380510441,2589
