N,K,S,diameter,averageShortestPathLength,edges
232,3,C(232;1;9;88),6,4.116883116883117,696
232,3,C(232;1;16;103),6,4.116883116883117,696
232,3,C(232;1;45;74),6,4.116883116883117,696
232,3,C(232;1;67;86),6,4.116883116883117,696
