N,K,S,diameter,averageShortestPathLength,edges
842,3,C(842; 1; 66; 365),10,6.394768133174792,2526
842,3,C(842; 1; 74; 203),10,6.394768133174792,2526
