N,K,S,diameter,averageShortestPathLength,edges
141,3,C(141;1;15;50),5,3.4571428571428573,423
141,3,C(141;1;31;42),5,3.4571428571428573,423
