N,K,S,diameter,averageShortestPathLength,edges
748,3,C(748; 1; 241; 356),9,6.152610441767068,2244
748,3,C(748; 1; 312; 329),9,6.152610441767068,2244
