N,K,S,diameter,averageShortestPathLength,edges
704,3,C(704; 1; 197; 326),9,6.019914651493599,2112
704,3,C(704; 1; 243; 334),9,6.019914651493599,2112
