N,K,S,diameter,averageShortestPathLength,edges
668,3,C(668; 1; 49; 68),9,5.913043478260869,2004
668,3,C(668; 1; 244; 259),9,5.913043478260869,2004
