N,K,S,diameter,averageShortestPathLength,edges
716,3,C(716; 1; 16; 263),9,6.0531468531468535,2148
716,3,C(716; 1; 49; 68),9,6.0531468531468535,2148
