N,K,S,diameter,averageShortestPathLength,edges
308,3,C(308;1;73;134),7,4.5472312703583064,924
308,3,C(308;1;82;135),7,4.5472312703583064,924
