N,K,S,diameter,averageShortestPathLength,edges
499,3,C(499;1;40;69),8,5.3614457831325302,1497
499,3,C(499;1;94;232),8,5.3614457831325302,1497
499,3,C(499;1;114;237),8,5.3614457831325302,1497
