N,K,S,diameter,averageShortestPathLength,edges
724,3,C(724; 1; 96; 261),9,6.087136929460581,2172
724,3,C(724; 1; 216; 319),9,6.087136929460581,2172
