N,K,S,diameter,averageShortestPathLength,edges
451,3,C(451;1;17;195),8,5.1688888888888886,1353
451,3,C(451;1;37;178),8,5.1688888888888886,1353
451,3,C(451;1;38;53),8,5.1688888888888886,1353
