N,K,S,diameter,averageShortestPathLength,edges
373,3,C(373;1;60;147),7,4.833333333333333,1119
373,3,C(373;1;129;170),7,4.833333333333333,1119
373,3,C(373;1;133;143),7,4.833333333333333,1119
