N,K,S,diameter,averageShortestPathLength,edges
242,3,C(242;1;15;102),6,4.1742738589211621,726
242,3,C(242;1;90;113),6,4.1742738589211621,726
