N,K,S,diameter,averageShortestPathLength,edges
628,3,C(628; 1; 148; 213),9,5.787878787878788,1884
628,3,C(628; 1; 171; 188),9,5.787878787878788,1884
