N,K,S,diameter,averageShortestPathLength,edges
967,3,C(967; 1; 71; 91),10,6.701863354037267,2901
967,3,C(967; 1; 83; 286),10,6.701863354037267,2901
967,3,C(967; 1; 85; 233),10,6.701863354037267,2901
