N,K,S,diameter,averageShortestPathLength,edges
372,3,C(372;1;55;90),7,4.8436657681940698,1116
372,3,C(372;1;66;115),7,4.8436657681940698,1116
