N,K,S,diameter,averageShortestPathLength,edges
666,3,C(666; 1; 160; 281),9,5.906766917293233,1998
666,3,C(666; 1; 208; 301),9,5.906766917293233,1998
