N,K,S,diameter,averageShortestPathLength,edges
397,3,C(397; 1; 24; 179),7,4.94949494949495,1191
397,3,C(397; 1; 24; 182),7,4.94949494949495,1191
397,3,C(397; 1; 173; 182),7,4.94949494949495,1191
