N,K,S,diameter,averageShortestPathLength,edges
259,3,C(259;1;8;72),6,4.2790697674418601,777
259,3,C(259;1;9;97),6,4.2790697674418601,777
259,3,C(259;1;12;76),6,4.2790697674418601,777
259,3,C(259;1;16;109),6,4.2790697674418601,777
259,3,C(259;1;18;115),6,4.2790697674418601,777
259,3,C(259;1;19;45),6,4.2790697674418601,777
259,3,C(259;1;23;81),6,4.2790697674418601,777
259,3,C(259;1;68;92),6,4.2790697674418601,777
259,3,C(259;1;80;108),6,4.2790697674418601,777
