N,K,S,diameter,averageShortestPathLength,edges
707,3,C(707; 1; 29; 249),9,6.0339943342776206,2121
707,3,C(707; 1; 159; 338),9,6.0339943342776206,2121
707,3,C(707; 1; 195; 228),9,6.0339943342776206,2121
