N,K,S,diameter,averageShortestPathLength,edges
593,3,C(593; 1; 12; 165),9,5.6925675675675675,1779
593,3,C(593; 1; 43; 96),9,5.6925675675675675,1779
593,3,C(593; 1; 105; 229),9,5.6925675675675675,1779
593,3,C(593; 1; 115; 194),9,5.6925675675675675,1779
593,3,C(593; 1; 162; 247),9,5.6925675675675675,1779
593,3,C(593; 1; 246; 262),9,5.6925675675675675,1779
