N,K,S,diameter,averageShortestPathLength,edges
340,3,C(340;1;40;134),7,4.7079646017699117,1020
340,3,C(340;1;70;154),7,4.7079646017699117,1020
