N,K,S,diameter,averageShortestPathLength,edges
615,3,C(615; 1; 48; 249),9,5.749185667752443,1845
615,3,C(615; 1; 90; 111),9,5.749185667752443,1845
615,3,C(615; 1; 97; 150),8,5.749185667752443,1845
615,3,C(615; 1; 195; 298),8,5.749185667752443,1845
