N,K,S,diameter,averageShortestPathLength,edges
909,3,C(909; 1; 19; 244),10,6.570484581497797,2727
909,3,C(909; 1; 26; 190),10,6.570484581497797,2727
909,3,C(909; 1; 35; 287),10,6.570484581497797,2727
