N,K,S,diameter,averageShortestPathLength,edges
931,3,C(931; 1; 162; 228),10,6.619354838709677,2793
931,3,C(931; 1; 171; 454),10,6.619354838709677,2793
