N,K,S,diameter,averageShortestPathLength,edges
727,3,C(727; 1; 30; 328),9,6.088154269972452,2181
727,3,C(727; 1; 86; 315),9,6.088154269972452,2181
727,3,C(727; 1; 93; 215),9,6.088154269972452,2181
