N,K,S,diameter,averageShortestPathLength,edges
210,3,C(210;1;82;102),6,3.9808612440191387,630
210,3,C(210;1;86;94),6,3.9808612440191387,630
