N,K,S,diameter,averageShortestPathLength,edges
263,3,C(263;1;11;97),6,4.2824427480916034,789
263,3,C(263;1;24;39),6,4.2824427480916034,789
263,3,C(263;1;27;122),6,4.2824427480916034,789
