N,K,S,diameter,averageShortestPathLength,edges
851,3,C(851; 1; 32; 301),10,6.423529411764706,2553
851,3,C(851; 1; 36; 133),10,6.423529411764706,2553
851,3,C(851; 1; 260; 311),10,6.423529411764706,2553
