N,K,S,diameter,averageShortestPathLength,edges
127,3,C(127;1;9;52),5,3.3333333333333335,381
127,3,C(127;1;14;34),5,3.3333333333333335,381
127,3,C(127;1;22;56),5,3.3333333333333335,381
