N,K,S,diameter,averageShortestPathLength,edges
108,3,C(108;1;10;47),5,3.1495327102803738,324
108,3,C(108;1;14;23),5,3.1495327102803738,324
