N,K,S,diameter,averageShortestPathLength,edges
120,3,C(120;1;11;28),5,3.26890756302521,360
120,3,C(120;1;11;52),5,3.26890756302521,360
120,3,C(120;1;19;54),5,3.26890756302521,360
120,3,C(120;1;28;51),5,3.26890756302521,360
