N,K,S,diameter,averageShortestPathLength,edges
829,3,C(829; 1; 19; 224),10,6.3647342995169085,2487
829,3,C(829; 1; 63; 396),10,6.3647342995169085,2487
829,3,C(829; 1; 250; 349),10,6.3647342995169085,2487
