N,K,S,diameter,averageShortestPathLength,edges
974,3,C(974; 1; 96; 449),10,6.720452209660842,2922
974,3,C(974; 1; 100; 141),10,6.720452209660842,2922
