N,K,S,diameter,averageShortestPathLength,edges
696,3,C(696; 1; 28; 311),9,5.994244604316547,2088
696,3,C(696; 1; 47; 76),9,5.994244604316547,2088
