N,K,S,diameter,averageShortestPathLength,edges
860,3,C(860; 1; 114; 310),9,6.440046565774156,2580
860,3,C(860; 1; 212; 348),10,6.440046565774156,2580
