N,K,S,diameter,averageShortestPathLength,edges
711,3,C(711; 1; 54; 87),9,6.03943661971831,2133
711,3,C(711; 1; 60; 201),9,6.03943661971831,2133
