N,K,S,diameter,averageShortestPathLength,edges
501,3,C(501;1;15;116),8,5.3719999999999999,1503
501,3,C(501;1;37;64),8,5.3719999999999999,1503
501,3,C(501;1;39;203),8,5.3719999999999999,1503
501,3,C(501;1;40;69),8,5.3719999999999999,1503
501,3,C(501;1;111;238),8,5.3719999999999999,1503
501,3,C(501;1;118;227),8,5.3719999999999999,1503
501,3,C(501;1;176;242),8,5.3719999999999999,1503
