N,K,S,diameter,averageShortestPathLength,edges
513,3,C(513;1;25;236),8,5.4140625,1539
513,3,C(513;1;41;71),8,5.4140625,1539
513,3,C(513;1;50;224),8,5.4140625,1539
