N,K,S,diameter,averageShortestPathLength,edges
945,3,C(945; 1; 55; 152),10,6.648305084745763,2835
945,3,C(945; 1; 143; 305),10,6.648305084745763,2835
