N,K,S,diameter,averageShortestPathLength,edges
181,3,C(181;1;10;78),6,3.7888888888888888,543
181,3,C(181;1;18;44),6,3.7888888888888888,543
181,3,C(181;1;37;58),6,3.7888888888888888,543
