N,K,S,diameter,averageShortestPathLength,edges
584,3,C(584; 1; 76; 174),8,5.660377358490566,1752
584,3,C(584; 1; 122; 287),8,5.660377358490566,1752
584,3,C(584; 1; 162; 278),9,5.660377358490566,1752
584,3,C(584; 1; 175; 258),8,5.660377358490566,1752
