N,K,S,diameter,averageShortestPathLength,edges
121,3,C(121;1;35;56),5,3.2666666666666666,363
121,3,C(121;1;38;50),5,3.2666666666666666,363
121,3,C(121;1;46;54),5,3.2666666666666666,363
