N,K,S,diameter,averageShortestPathLength,edges
722,3,C(722; 1; 51; 82),9,6.069348127600555,2166
722,3,C(722; 1; 269; 324),9,6.069348127600555,2166
