N,K,S,diameter,averageShortestPathLength,edges
138,3,C(138;1;19;26),5,3.4233576642335768,414
138,3,C(138;1;29;64),5,3.4233576642335768,414
