N,K,S,diameter,averageShortestPathLength,edges
440,3,C(440;1;16;133),8,5.1230068337129842,1320
440,3,C(440;1;43;192),8,5.1230068337129842,1320
