N,K,S,diameter,averageShortestPathLength,edges
97,3,C(97;1;7;36),4,3.0416666666666665,291
97,3,C(97;1;9;42),4,3.0416666666666665,291
97,3,C(97;1;14;19),4,3.0416666666666665,291
97,3,C(97;1;21;30),4,3.0416666666666665,291
97,3,C(97;1;35;46),4,3.0416666666666665,291
97,3,C(97;1;37;43),4,3.0416666666666665,291
