N,K,S,diameter,averageShortestPathLength,edges
10,3,C(10;1;2;3),2,1.3333333333333333,30
10,3,C(10;1;2;4),2,1.3333333333333333,30
10,3,C(10;1;3;4),2,1.3333333333333333,30
