N,K,S,diameter,averageShortestPathLength,edges
583,3,C(583; 1; 33; 89),8,5.635738831615121,1749
583,3,C(583; 1; 39; 105),8,5.635738831615121,1749
583,3,C(583; 1; 54; 198),8,5.635738831615121,1749
583,3,C(583; 1; 67; 211),8,5.635738831615121,1749
583,3,C(583; 1; 87; 284),8,5.635738831615121,1749
583,3,C(583; 1; 131; 242),8,5.635738831615121,1749
