N,K,S,diameter,averageShortestPathLength,edges
519,3,C(519;1;30;166),8,5.4285714285714288,1557
519,3,C(519;1;144;247),8,5.4285714285714288,1557
