N,K,S,diameter,averageShortestPathLength,edges
877,3,C(877; 1; 20; 237),10,6.4771689497716896,2631
877,3,C(877; 1; 32; 307),10,6.4771689497716896,2631
877,3,C(877; 1; 37; 137),10,6.4771689497716896,2631
877,3,C(877; 1; 51; 141),10,6.4771689497716896,2631
877,3,C(877; 1; 75; 311),10,6.4771689497716896,2631
877,3,C(877; 1; 86; 152),10,6.4771689497716896,2631
