N,K,S,diameter,averageShortestPathLength,edges
194,3,C(194;1;12;82),6,3.8808290155440415,582
194,3,C(194;1;20;90),6,3.8808290155440415,582
194,3,C(194;1;52;80),6,3.8808290155440415,582
194,3,C(194;1;60;93),6,3.8808290155440415,582
194,3,C(194;1;73;82),6,3.8808290155440415,582
