N,K,S,diameter,averageShortestPathLength,edges
102,3,C(102;1;10;43),4,3.0891089108910892,306
102,3,C(102;1;12;31),4,3.0891089108910892,306
102,3,C(102;1;14;19),4,3.0891089108910892,306
102,3,C(102;1;19;48),4,3.0891089108910892,306
102,3,C(102;1;23;30),4,3.0891089108910892,306
102,3,C(102;1;24;43),4,3.0891089108910892,306
