N,K,S,diameter,averageShortestPathLength,edges
694,3,C(694; 1; 44; 71),9,5.997113997113997,2082
694,3,C(694; 1; 146; 303),9,5.997113997113997,2082
