N,K,S,diameter,averageShortestPathLength,edges
691,3,C(691; 1; 107; 244),9,5.976811594202899,2073
691,3,C(691; 1; 127; 337),9,5.976811594202899,2073
691,3,C(691; 1; 155; 185),9,5.976811594202899,2073
