N,K,S,diameter,averageShortestPathLength,edges
449,3,C(449;1;15;132),8,5.1651785714285712,1347
449,3,C(449;1;17;194),8,5.1651785714285712,1347
449,3,C(449;1;30;81),8,5.1651785714285712,1347
449,3,C(449;1;61;106),8,5.1651785714285712,1347
449,3,C(449;1;72;98),8,5.1651785714285712,1347
449,3,C(449;1;184;197),8,5.1651785714285712,1347
