N,K,S,diameter,averageShortestPathLength,edges
859,3,C(859; 1; 45; 306),10,6.438228438228438,2577
859,3,C(859; 1; 116; 421),10,6.438228438228438,2577
859,3,C(859; 1; 165; 210),10,6.438228438228438,2577
859,3,C(859; 1; 177; 233),10,6.438228438228438,2577
859,3,C(859; 1; 202; 239),10,6.438228438228438,2577
859,3,C(859; 1; 208; 306),10,6.438228438228438,2577
859,3,C(859; 1; 233; 360),10,6.438228438228438,2577
859,3,C(859; 1; 241; 318),10,6.438228438228438,2577
859,3,C(859; 1; 248; 274),10,6.438228438228438,2577
