N,K,S,diameter,averageShortestPathLength,edges
587,3,C(587; 1; 75; 161),8,5.662116040955631,1761
587,3,C(587; 1; 175; 211),8,5.662116040955631,1761
587,3,C(587; 1; 180; 217),8,5.662116040955631,1761
