N,K,S,diameter,averageShortestPathLength,edges
362,3,C(362;1;14;109),7,4.8005540166204987,1086
362,3,C(362;1;93;146),7,4.8005540166204987,1086
