N,K,S,diameter,averageShortestPathLength,edges
784,3,C(784; 1; 67; 278),9,6.245210727969349,2352
784,3,C(784; 1; 117; 382),9,6.245210727969349,2352
