N,K,S,diameter,averageShortestPathLength,edges
568,3,C(568; 1; 40; 69),8,5.601410934744268,1704
568,3,C(568; 1; 107; 264),8,5.601410934744268,1704
