N,K,S,diameter,averageShortestPathLength,edges
419,3,C(419;1;26;62),8,5.0478468899521527,1257
419,3,C(419;1;39;90),8,5.0478468899521527,1257
419,3,C(419;1;43;99),8,5.0478468899521527,1257
419,3,C(419;1;68;196),8,5.0478468899521527,1257
419,3,C(419;1;135;182),8,5.0478468899521527,1257
419,3,C(419;1;145;191),8,5.0478468899521527,1257
