N,K,S,diameter,averageShortestPathLength,edges
534,3,C(534; 1; 52; 233),8,5.4840525328330205,1602
534,3,C(534; 1; 55; 190),8,5.4840525328330205,1602
