N,K,S,diameter,averageShortestPathLength,edges
502,3,C(502;1;68;195),8,5.3632734530938126,1506
502,3,C(502;1;121;196),8,5.3632734530938126,1506
