N,K,S,diameter,averageShortestPathLength,edges
266,3,C(266;1;40;127),6,4.3018867924528301,798
266,3,C(266;1;82;111),6,4.3018867924528301,798
