N,K,S,diameter,averageShortestPathLength,edges
158,3,C(158;1;9;48),5,3.5987261146496814,474
158,3,C(158;1;29;38),5,3.5987261146496814,474
158,3,C(158;1;34;49),5,3.5987261146496814,474
158,3,C(158;1;34;74),5,3.5987261146496814,474
158,3,C(158;1;35;58),5,3.5987261146496814,474
