N,K,S,diameter,averageShortestPathLength,edges
968,3,C(968; 1; 147; 428),10,6.707342295760083,2904
968,3,C(968; 1; 300; 349),10,6.707342295760083,2904
