N,K,S,diameter,averageShortestPathLength,edges
431,3,C(431;1;25;195),8,5.0837209302325581,1293
431,3,C(431;1;42;188),8,5.0837209302325581,1293
431,3,C(431;1;69;94),8,5.0837209302325581,1293
