N,K,S,diameter,averageShortestPathLength,edges
959,3,C(959; 1; 82; 340),10,6.682672233820459,2877
959,3,C(959; 1; 110; 389),10,6.682672233820459,2877
959,3,C(959; 1; 269; 355),10,6.682672233820459,2877
