N,K,S,diameter,averageShortestPathLength,edges
151,3,C(151;1;10;63),5,3.5333333333333332,453
151,3,C(151;1;12;31),5,3.5333333333333332,453
151,3,C(151;1;15;39),5,3.5333333333333332,453
151,3,C(151;1;18;46),5,3.5333333333333332,453
151,3,C(151;1;23;39),5,3.5333333333333332,453
151,3,C(151;1;31;42),5,3.5333333333333332,453
