N,K,S,diameter,averageShortestPathLength,edges
973,3,C(973; 1; 106; 285),10,6.722222222222222,2919
973,3,C(973; 1; 135; 358),10,6.722222222222222,2919
973,3,C(973; 1; 382; 437),10,6.722222222222222,2919
