N,K,S,diameter,averageShortestPathLength,edges
570,3,C(570; 1; 131; 246),8,5.597539543057996,1710
570,3,C(570; 1; 161; 276),8,5.597539543057996,1710
