N,K,S,diameter,averageShortestPathLength,edges
69,3,C(69;1;6;22),4,2.7058823529411766,207
69,3,C(69;1;9;22),4,2.7058823529411766,207
69,3,C(69;1;11;15),4,2.7058823529411766,207
69,3,C(69;1;15;21),4,2.7058823529411766,207
69,3,C(69;1;18;28),4,2.7058823529411766,207
69,3,C(69;1;19;27),4,2.7058823529411766,207
69,3,C(69;1;24;29),4,2.7058823529411766,207
69,3,C(69;1;24;32),4,2.7058823529411766,207
69,3,C(69;1;25;30),4,2.7058823529411766,207
