N,K,S,diameter,averageShortestPathLength,edges
725,3,C(725; 1; 46; 74),9,6.077348066298343,2175
725,3,C(725; 1; 49; 79),9,6.077348066298343,2175
725,3,C(725; 1; 156; 331),9,6.077348066298343,2175
