N,K,S,diameter,averageShortestPathLength,edges
333,3,C(333;1;20;150),7,4.6626506024096388,999
333,3,C(333;1;50;159),7,4.6626506024096388,999
