N,K,S,diameter,averageShortestPathLength,edges
305,3,C(305;1;21;138),6,4.5328947368421053,915
305,3,C(305;1;29;37),6,4.5328947368421053,915
305,3,C(305;1;33;42),6,4.5328947368421053,915
