N,K,S,diameter,averageShortestPathLength,edges
866,3,C(866; 1; 74; 307),10,6.457803468208093,2598
866,3,C(866; 1; 130; 189),10,6.457803468208093,2598
