N,K,S,diameter,averageShortestPathLength,edges
14,3,C(14;1;2;5),2,1.5384615384615385,42
14,3,C(14;1;2;6),2,1.5384615384615385,42
14,3,C(14;1;3;4),2,1.5384615384615385,42
14,3,C(14;1;3;6),2,1.5384615384615385,42
14,3,C(14;1;4;6),2,1.5384615384615385,42
14,3,C(14;1;5;6),2,1.5384615384615385,42
