N,K,S,diameter,averageShortestPathLength,edges
963,3,C(963; 1; 26; 200),10,6.698544698544699,2889
963,3,C(963; 1; 37; 304),10,6.698544698544699,2889
963,3,C(963; 1; 44; 451),10,6.698544698544699,2889
963,3,C(963; 1; 130; 472),10,6.698544698544699,2889
963,3,C(963; 1; 188; 442),10,6.698544698544699,2889
963,3,C(963; 1; 197; 251),10,6.698544698544699,2889
