N,K,S,diameter,averageShortestPathLength,edges
233,3,C(233;1;11;97),6,4.1120689655172411,699
233,3,C(233;1;12;101),6,4.1120689655172411,699
233,3,C(233;1;30;106),6,4.1120689655172411,699
