N,K,S,diameter,averageShortestPathLength,edges
337,3,C(337;1;11;129),7,4.6904761904761907,1011
337,3,C(337;1;60;128),7,4.6904761904761907,1011
337,3,C(337;1;73;92),7,4.6904761904761907,1011
