N,K,S,diameter,averageShortestPathLength,edges
496,3,C(496;1;79;148),8,5.3393939393939398,1488
496,3,C(496;1;113;140),8,5.3393939393939398,1488
