N,K,S,diameter,averageShortestPathLength,edges
897,3,C(897; 1; 66; 355),10,6.524553571428571,2691
897,3,C(897; 1; 159; 283),10,6.524553571428571,2691
