N,K,S,diameter,averageShortestPathLength,edges
525,3,C(525;1;71;204),8,5.4465648854961835,1575
525,3,C(525;1;99;244),8,5.4465648854961835,1575
