N,K,S,diameter,averageShortestPathLength,edges
672,3,C(672; 1; 26; 115),9,5.928464977645305,2016
672,3,C(672; 1; 152; 322),9,5.928464977645305,2016
672,3,C(672; 1; 158; 187),9,5.928464977645305,2016
672,3,C(672; 1; 212; 329),9,5.928464977645305,2016
