N,K,S,diameter,averageShortestPathLength,edges
752,3,C(752; 1; 28; 339),9,6.154460719041278,2256
752,3,C(752; 1; 204; 315),9,6.154460719041278,2256
