N,K,S,diameter,averageShortestPathLength,edges
436,3,C(436;1;38;53),8,5.105747126436782,1308
436,3,C(436;1;98;181),8,5.105747126436782,1308
