N,K,S,diameter,averageShortestPathLength,edges
677,3,C(677; 1; 17; 200),9,5.946745562130178,2031
677,3,C(677; 1; 44; 71),9,5.946745562130178,2031
677,3,C(677; 1; 239; 267),9,5.946745562130178,2031
