N,K,S,diameter,averageShortestPathLength,edges
77,3,C(77;1;7;18),4,2.7894736842105261,231
77,3,C(77;1;7;33),4,2.7894736842105261,231
77,3,C(77;1;9;24),4,2.7894736842105261,231
77,3,C(77;1;10;16),4,2.7894736842105261,231
77,3,C(77;1;17;23),4,2.7894736842105261,231
77,3,C(77;1;21;30),4,2.7894736842105261,231
