N,K,S,diameter,averageShortestPathLength,edges
604,3,C(604; 1; 140; 167),8,5.7131011608623545,1812
604,3,C(604; 1; 180; 217),8,5.7131011608623545,1812
