N,K,S,diameter,averageShortestPathLength,edges
651,3,C(651; 1; 44; 71),9,5.849230769230769,1953
651,3,C(651; 1; 46; 74),9,5.849230769230769,1953
651,3,C(651; 1; 55; 184),9,5.849230769230769,1953
