N,K,S,diameter,averageShortestPathLength,edges
640,3,C(640; 1; 54; 181),8,5.823161189358372,1920
640,3,C(640; 1; 99; 226),8,5.823161189358372,1920
