N,K,S,diameter,averageShortestPathLength,edges
621,3,C(621; 1; 17; 227),9,5.767741935483871,1863
621,3,C(621; 1; 73; 196),9,5.767741935483871,1863
621,3,C(621; 1; 238; 301),9,5.767741935483871,1863
