N,K,S,diameter,averageShortestPathLength,edges
461,3,C(461;1;39;54),8,5.2086956521739127,1383
461,3,C(461;1;105;130),8,5.2086956521739127,1383
461,3,C(461;1;111;180),8,5.2086956521739127,1383
