N,K,S,diameter,averageShortestPathLength,edges
835,3,C(835; 1; 115; 329),10,6.381294964028777,2505
835,3,C(835; 1; 190; 401),10,6.381294964028777,2505
