N,K,S,diameter,averageShortestPathLength,edges
818,3,C(818; 1; 145; 258),9,6.335373317013464,2454
818,3,C(818; 1; 250; 299),9,6.335373317013464,2454
