N,K,S,diameter,averageShortestPathLength,edges
261,3,C(261;1;36;61),6,4.2692307692307692,783
261,3,C(261;1;77;99),6,4.2692307692307692,783
