N,K,S,diameter,averageShortestPathLength,edges
788,3,C(788; 1; 18; 213),9,6.25412960609911,2364
788,3,C(788; 1; 37; 122),9,6.25412960609911,2364
