N,K,S,diameter,averageShortestPathLength,edges
421,3,C(421;1;16;182),7,5.0333333333333332,1263
421,3,C(421;1;64;79),7,5.0333333333333332,1263
421,3,C(421;1;125;192),7,5.0333333333333332,1263
