N,K,S,diameter,averageShortestPathLength,edges
205,3,C(205;1;9;79),6,3.9509803921568629,615
205,3,C(205;1;11;63),6,3.9509803921568629,615
205,3,C(205;1;13;62),6,3.9509803921568629,615
205,3,C(205;1;14;91),6,3.9509803921568629,615
205,3,C(205;1;15;39),6,3.9509803921568629,615
205,3,C(205;1;21;95),6,3.9509803921568629,615
205,3,C(205;1;43;56),6,3.9509803921568629,615
205,3,C(205;1;44;96),6,3.9509803921568629,615
