N,K,S,diameter,averageShortestPathLength,edges
400,3,C(400;1;105;142),8,4.9724310776942353,1200
400,3,C(400;1;126;180),8,4.9724310776942353,1200
