N,K,S,diameter,averageShortestPathLength,edges
601,3,C(601; 1; 48; 83),8,5.706666666666667,1803
601,3,C(601; 1; 136; 288),8,5.706666666666667,1803
601,3,C(601; 1; 137; 210),8,5.706666666666667,1803
