N,K,S,diameter,averageShortestPathLength,edges
470,3,C(470;1;17;142),8,5.2515991471215351,1410
470,3,C(470;1;36;83),8,5.2515991471215351,1410
