N,K,S,diameter,averageShortestPathLength,edges
917,3,C(917; 1; 43; 142),10,6.578602620087336,2751
917,3,C(917; 1; 64; 82),10,6.578602620087336,2751
917,3,C(917; 1; 123; 381),10,6.578602620087336,2751
