N,K,S,diameter,averageShortestPathLength,edges
871,3,C(871; 1; 55; 239),10,6.464367816091954,2613
871,3,C(871; 1; 59; 95),10,6.464367816091954,2613
871,3,C(871; 1; 164; 310),10,6.464367816091954,2613
