N,K,S,diameter,averageShortestPathLength,edges
434,3,C(434;1;13;160),8,5.096997690531178,1302
434,3,C(434;1;36;83),8,5.096997690531178,1302
434,3,C(434;1;58;134),8,5.096997690531178,1302
434,3,C(434;1;78;183),8,5.096997690531178,1302
434,3,C(434;1;167;188),8,5.096997690531178,1302
