N,K,S,diameter,averageShortestPathLength,edges
804,3,C(804; 1; 61; 384),9,6.296388542963886,2412
804,3,C(804; 1; 96; 215),9,6.296388542963886,2412
804,3,C(804; 1; 108; 359),9,6.296388542963886,2412
804,3,C(804; 1; 145; 204),9,6.296388542963886,2412
