N,K,S,diameter,averageShortestPathLength,edges
613,3,C(613; 1; 126; 159),9,5.741830065359477,1839
613,3,C(613; 1; 138; 293),9,5.741830065359477,1839
613,3,C(613; 1; 180; 191),9,5.741830065359477,1839
