N,K,S,diameter,averageShortestPathLength,edges
447,3,C(447;1;46;159),8,5.1524663677130045,1341
447,3,C(447;1;68;84),8,5.1524663677130045,1341
