N,K,S,diameter,averageShortestPathLength,edges
170,3,C(170;1;9;64),5,3.6982248520710059,510
170,3,C(170;1;14;74),5,3.6982248520710059,510
170,3,C(170;1;19;26),5,3.6982248520710059,510
170,3,C(170;1;22;36),5,3.6982248520710059,510
170,3,C(170;1;40;72),5,3.6982248520710059,510
