N,K,S,diameter,averageShortestPathLength,edges
247,3,C(247;1;14;75),6,4.1951219512195124,741
247,3,C(247;1;19;65),6,4.1951219512195124,741
247,3,C(247;1;23;53),6,4.1951219512195124,741
247,3,C(247;1;43;56),6,4.1951219512195124,741
