N,K,S,diameter,averageShortestPathLength,edges
508,3,C(508;1;131;216),8,5.390532544378698,1524
508,3,C(508;1;159;200),8,5.390532544378698,1524
