N,K,S,diameter,averageShortestPathLength,edges
596,3,C(596; 1; 23; 102),9,5.694117647058824,1788
596,3,C(596; 1; 134; 285),9,5.694117647058824,1788
