N,K,S,diameter,averageShortestPathLength,edges
351,3,C(351;1;13;128),7,4.7485714285714282,1053
351,3,C(351;1;52;85),7,4.7485714285714282,1053
351,3,C(351;1;80;99),7,4.7485714285714282,1053
351,3,C(351;1;126;136),7,4.7485714285714282,1053
