N,K,S,diameter,averageShortestPathLength,edges
777,3,C(777; 1; 123; 214),9,6.229381443298969,2331
777,3,C(777; 1; 236; 279),9,6.229381443298969,2331
