N,K,S,diameter,averageShortestPathLength,edges
553,3,C(553; 1; 39; 63),8,5.547101449275362,1659
553,3,C(553; 1; 44; 71),8,5.547101449275362,1659
553,3,C(553; 1; 88; 165),8,5.547101449275362,1659
553,3,C(553; 1; 124; 148),8,5.547101449275362,1659
553,3,C(553; 1; 126; 156),8,5.547101449275362,1659
