N,K,S,diameter,averageShortestPathLength,edges
817,3,C(817; 1; 96; 258),9,6.338235294117647,2451
817,3,C(817; 1; 258; 400),9,6.338235294117647,2451
