N,K,S,diameter,averageShortestPathLength,edges
343,3,C(343;1;36;46),7,4.7134502923976607,1029
343,3,C(343;1;77;145),7,4.7134502923976607,1029
343,3,C(343;1;82;135),7,4.7134502923976607,1029
343,3,C(343;1;94;162),7,4.7134502923976607,1029
343,3,C(343;1;123;133),7,4.7134502923976607,1029
