N,K,S,diameter,averageShortestPathLength,edges
354,3,C(354;1;33;76),7,4.7648725212464589,1062
354,3,C(354;1;78;134),7,4.7648725212464589,1062
