N,K,S,diameter,averageShortestPathLength,edges
675,3,C(675; 1; 49; 79),9,5.931750741839763,2025
675,3,C(675; 1; 94; 119),9,5.931750741839763,2025
675,3,C(675; 1; 124; 329),9,5.931750741839763,2025
