N,K,S,diameter,averageShortestPathLength,edges
411,3,C(411;1;66;162),8,5.0195121951219512,1233
411,3,C(411;1;96;132),8,5.0195121951219512,1233
