N,K,S,diameter,averageShortestPathLength,edges
298,3,C(298;1;14;124),7,4.4915824915824913,894
298,3,C(298;1;18;62),7,4.4915824915824913,894
298,3,C(298;1;56;104),7,4.4915824915824913,894
