N,K,S,diameter,averageShortestPathLength,edges
512,3,C(512;1;112;139),8,5.3992172211350296,1536
512,3,C(512;1;176;221),8,5.3992172211350296,1536
