N,K,S,diameter,averageShortestPathLength,edges
222,3,C(222;1;20;33),6,4.0633484162895925,666
222,3,C(222;1;62;84),6,4.0633484162895925,666
