N,K,S,diameter,averageShortestPathLength,edges
680,3,C(680; 1; 61; 322),9,5.9499263622974965,2040
680,3,C(680; 1; 301; 318),9,5.9499263622974965,2040
