N,K,S,diameter,averageShortestPathLength,edges
554,3,C(554; 1; 43; 60),8,5.547920433996383,1662
554,3,C(554; 1; 156; 219),8,5.547920433996383,1662
