N,K,S,diameter,averageShortestPathLength,edges
46,3,C(46;1;4;18),3,2.3333333333333335,138
46,3,C(46;1;6;21),3,2.3333333333333335,138
46,3,C(46;1;8;11),3,2.3333333333333335,138
46,3,C(46;1;8;12),3,2.3333333333333335,138
46,3,C(46;1;11;20),3,2.3333333333333335,138
46,3,C(46;1;12;18),3,2.3333333333333335,138
46,3,C(46;1;12;19),3,2.3333333333333335,138
46,3,C(46;1;16;21),3,2.3333333333333335,138
46,3,C(46;1;17;20),3,2.3333333333333335,138
