N,K,S,diameter,averageShortestPathLength,edges
991,3,C(991; 1; 85; 293),10,6.763636363636364,2973
991,3,C(991; 1; 115; 135),10,6.763636363636364,2973
991,3,C(991; 1; 323; 478),10,6.763636363636364,2973
