N,K,S,diameter,averageShortestPathLength,edges
349,3,C(349;1;24;158),7,4.7298850574712645,1047
349,3,C(349;1;62;148),7,4.7298850574712645,1047
349,3,C(349;1;152;160),7,4.7298850574712645,1047
