N,K,S,diameter,averageShortestPathLength,edges
989,3,C(989; 1; 172; 417),10,6.7631578947368425,2967
989,3,C(989; 1; 268; 387),10,6.7631578947368425,2967
