N,K,S,diameter,averageShortestPathLength,edges
726,3,C(726; 1; 101; 128),9,6.092413793103448,2178
726,3,C(726; 1; 115; 200),9,6.092413793103448,2178
