N,K,S,diameter,averageShortestPathLength,edges
52,3,C(52;1;4;19),4,2.4313725490196076,156
52,3,C(52;1;8;11),4,2.4313725490196076,156
