N,K,S,diameter,averageShortestPathLength,edges
59,3,C(59;1;7;18),4,2.5172413793103448,177
59,3,C(59;1;11;17),4,2.5172413793103448,177
59,3,C(59;1;16;23),4,2.5172413793103448,177
