N,K,S,diameter,averageShortestPathLength,edges
30,3,C(30;1;5;8),3,1.9655172413793103,90
30,3,C(30;1;8;12),3,1.9655172413793103,90
