N,K,S,diameter,averageShortestPathLength,edges
236,3,C(236;1;36;61),6,4.1361702127659576,708
236,3,C(236;1;89;100),6,4.1361702127659576,708
