N,K,S,diameter,averageShortestPathLength,edges
296,3,C(296;1;11;108),7,4.4813559322033898,888
296,3,C(296;1;27;44),7,4.4813559322033898,888
