N,K,S,diameter,averageShortestPathLength,edges
947,3,C(947; 1; 32; 333),10,6.653276955602537,2841
947,3,C(947; 1; 40; 148),10,6.653276955602537,2841
947,3,C(947; 1; 71; 91),10,6.653276955602537,2841
