N,K,S,diameter,averageShortestPathLength,edges
539,3,C(539; 1; 41; 66),8,5.4944237918215615,1617
539,3,C(539; 1; 92; 143),8,5.4944237918215615,1617
