N,K,S,diameter,averageShortestPathLength,edges
130,3,C(130;1;9;48),5,3.364341085271318,390
130,3,C(130;1;22;30),5,3.364341085271318,390
130,3,C(130;1;29;38),5,3.364341085271318,390
130,3,C(130;1;48;56),5,3.364341085271318,390
