N,K,S,diameter,averageShortestPathLength,edges
389,3,C(389; 1; 31; 50),7,4.917525773195877,1167
389,3,C(389; 1; 33; 57),7,4.917525773195877,1167
389,3,C(389; 1; 62; 116),7,4.917525773195877,1167
389,3,C(389; 1; 69; 165),7,4.917525773195877,1167
389,3,C(389; 1; 70; 164),7,4.917525773195877,1167
389,3,C(389; 1; 102; 138),7,4.917525773195877,1167
