N,K,S,diameter,averageShortestPathLength,edges
365,3,C(365;1;15;109),7,4.8186813186813184,1095
365,3,C(365;1;25;162),7,4.8186813186813184,1095
365,3,C(365;1;30;144),7,4.8186813186813184,1095
365,3,C(365;1;63;140),7,4.8186813186813184,1095
365,3,C(365;1;67;174),7,4.8186813186813184,1095
365,3,C(365;1;70;178),7,4.8186813186813184,1095
365,3,C(365;1;78;86),7,4.8186813186813184,1095
365,3,C(365;1;117;158),7,4.8186813186813184,1095
365,3,C(365;1;160;168),7,4.8186813186813184,1095
