N,K,S,diameter,averageShortestPathLength,edges
624,3,C(624; 1; 44; 71),8,5.767255216693419,1872
624,3,C(624; 1; 140; 167),8,5.767255216693419,1872
