N,K,S,diameter,averageShortestPathLength,edges
956,3,C(956; 1; 154; 357),10,6.677486910994764,2868
956,3,C(956; 1; 262; 399),10,6.677486910994764,2868
