N,K,S,diameter,averageShortestPathLength,edges
679,3,C(679; 1; 46; 74),9,5.941002949852507,2037
679,3,C(679; 1; 146; 310),9,5.941002949852507,2037
679,3,C(679; 1; 156; 293),9,5.941002949852507,2037
