N,K,S,diameter,averageShortestPathLength,edges
598,3,C(598; 1; 40; 69),9,5.696817420435511,1794
598,3,C(598; 1; 143; 188),9,5.696817420435511,1794
