N,K,S,diameter,averageShortestPathLength,edges
638,3,C(638; 1; 37; 204),9,5.817896389324961,1914
638,3,C(638; 1; 40; 69),9,5.817896389324961,1914
