N,K,S,diameter,averageShortestPathLength,edges
910,3,C(910; 1; 37; 122),10,6.568756875687569,2730
910,3,C(910; 1; 123; 446),10,6.568756875687569,2730
