N,K,S,diameter,averageShortestPathLength,edges
214,3,C(214;1;7;82),6,3.995305164319249,642
214,3,C(214;1;61;80),6,3.995305164319249,642
