N,K,S,diameter,averageShortestPathLength,edges
395,3,C(395;1;24;178),7,4.9390862944162439,1185
395,3,C(395;1;62;162),7,4.9390862944162439,1185
395,3,C(395;1;172;181),7,4.9390862944162439,1185
