N,K,S,diameter,averageShortestPathLength,edges
785,3,C(785; 1; 77; 136),9,6.247448979591836,2355
785,3,C(785; 1; 213; 329),9,6.247448979591836,2355
785,3,C(785; 1; 328; 367),9,6.247448979591836,2355
