N,K,S,diameter,averageShortestPathLength,edges
154,3,C(154;1;8;58),5,3.5620915032679736,462
154,3,C(154;1;14;36),5,3.5620915032679736,462
154,3,C(154;1;20;70),5,3.5620915032679736,462
154,3,C(154;1;56;64),5,3.5620915032679736,462
