N,K,S,diameter,averageShortestPathLength,edges
215,3,C(215;1;15;64),6,4.018691588785047,645
215,3,C(215;1;21;101),6,4.018691588785047,645
215,3,C(215;1;30;84),6,4.018691588785047,645
215,3,C(215;1;41;56),6,4.018691588785047,645
215,3,C(215;1;66;96),6,4.018691588785047,645
