N,K,S,diameter,averageShortestPathLength,edges
853,3,C(853; 1; 40; 132),10,6.42018779342723,2559
853,3,C(853; 1; 52; 84),10,6.42018779342723,2559
853,3,C(853; 1; 64; 82),10,6.42018779342723,2559
853,3,C(853; 1; 120; 401),10,6.42018779342723,2559
853,3,C(853; 1; 196; 368),10,6.42018779342723,2559
853,3,C(853; 1; 263; 309),10,6.42018779342723,2559
