N,K,S,diameter,averageShortestPathLength,edges
821,3,C(821; 1; 18; 221),10,6.348780487804878,2463
821,3,C(821; 1; 26; 353),10,6.348780487804878,2463
821,3,C(821; 1; 52; 84),9,6.348780487804878,2463
821,3,C(821; 1; 157; 303),9,6.348780487804878,2463
821,3,C(821; 1; 228; 307),10,6.348780487804878,2463
821,3,C(821; 1; 251; 300),9,6.348780487804878,2463
