N,K,S,diameter,averageShortestPathLength,edges
625,3,C(625; 1; 19; 186),9,5.785256410256411,1875
625,3,C(625; 1; 56; 296),9,5.785256410256411,1875
625,3,C(625; 1; 84; 279),9,5.785256410256411,1875
