N,K,S,diameter,averageShortestPathLength,edges
487,3,C(487;1;104;131),8,5.3168724279835393,1461
487,3,C(487;1;171;235),8,5.3168724279835393,1461
487,3,C(487;1;172;192),8,5.3168724279835393,1461
