N,K,S,diameter,averageShortestPathLength,edges
763,3,C(763; 1; 140; 372),9,6.194225721784777,2289
763,3,C(763; 1; 281; 336),9,6.194225721784777,2289
