N,K,S,diameter,averageShortestPathLength,edges
60,3,C(60;1;9;22),4,2.5593220338983049,180
60,3,C(60;1;10;14),4,2.5593220338983049,180
60,3,C(60;1;10;16),4,2.5593220338983049,180
60,3,C(60;1;10;27),4,2.5593220338983049,180
60,3,C(60;1;22;26),4,2.5593220338983049,180
