N,K,S,diameter,averageShortestPathLength,edges
813,3,C(813; 1; 27; 371),9,6.322660098522167,2439
813,3,C(813; 1; 171; 355),9,6.322660098522167,2439
