N,K,S,diameter,averageShortestPathLength,edges
682,3,C(682; 1; 23; 290),9,5.955947136563877,2046
682,3,C(682; 1; 89; 106),9,5.955947136563877,2046
