N,K,S,diameter,averageShortestPathLength,edges
342,3,C(342;1;28;135),7,4.7038123167155428,1026
342,3,C(342;1;44;117),7,4.7038123167155428,1026
