N,K,S,diameter,averageShortestPathLength,edges
234,3,C(234;1;48;75),6,4.133047210300429,702
234,3,C(234;1;88;99),6,4.133047210300429,702
