N,K,S,diameter,averageShortestPathLength,edges
429,3,C(429;1;30;136),8,5.0747663551401869,1287
429,3,C(429;1;41;57),8,5.0747663551401869,1287
