N,K,S,diameter,averageShortestPathLength,edges
731,3,C(731; 1; 93; 289),9,6.1068493150684935,2193
731,3,C(731; 1; 272; 338),9,6.1068493150684935,2193
