N,K,S,diameter,averageShortestPathLength,edges
632,3,C(632; 1; 93; 310),9,5.805071315372425,1896
632,3,C(632; 1; 214; 299),9,5.805071315372425,1896
