N,K,S,diameter,averageShortestPathLength,edges
543,3,C(543; 1; 41; 57),8,5.5055350553505535,1629
543,3,C(543; 1; 53; 237),8,5.5055350553505535,1629
