N,K,S,diameter,averageShortestPathLength,edges
481,3,C(481;1;16;174),8,5.2874999999999996,1443
481,3,C(481;1;30;71),8,5.2874999999999996,1443
481,3,C(481;1;47;210),8,5.2874999999999996,1443
