N,K,S,diameter,averageShortestPathLength,edges
786,3,C(786; 1; 183; 216),9,6.252229299363058,2358
786,3,C(786; 1; 206; 362),9,6.252229299363058,2358
