N,K,S,diameter,averageShortestPathLength,edges
66,3,C(66;1;6;25),4,2.6461538461538461,198
66,3,C(66;1;7;18),4,2.6461538461538461,198
66,3,C(66;1;12;19),4,2.6461538461538461,198
66,3,C(66;1;18;26),4,2.6461538461538461,198
66,3,C(66;1;24;29),4,2.6461538461538461,198
