N,K,S,diameter,averageShortestPathLength,edges
751,3,C(751; 1; 96; 222),9,6.149333333333334,2253
751,3,C(751; 1; 133; 237),9,6.149333333333334,2253
751,3,C(751; 1; 159; 244),9,6.149333333333334,2253
