N,K,S,diameter,averageShortestPathLength,edges
457,3,C(457;1;32;145),8,5.192982456140351,1371
457,3,C(457;1;100;124),8,5.192982456140351,1371
457,3,C(457;1;104;129),8,5.192982456140351,1371
