N,K,S,diameter,averageShortestPathLength,edges
645,3,C(645; 1; 49; 79),9,5.829192546583851,1935
645,3,C(645; 1; 49; 179),9,5.829192546583851,1935
645,3,C(645; 1; 79; 209),9,5.829192546583851,1935
