N,K,S,diameter,averageShortestPathLength,edges
719,3,C(719; 1; 88; 233),9,6.066852367688022,2157
719,3,C(719; 1; 108; 157),9,6.066852367688022,2157
719,3,C(719; 1; 316; 335),9,6.066852367688022,2157
