N,K,S,diameter,averageShortestPathLength,edges
179,3,C(179;1;7;68),5,3.7752808988764044,537
179,3,C(179;1;8;50),5,3.7752808988764044,537
179,3,C(179;1;51;67),5,3.7752808988764044,537
