N,K,S,diameter,averageShortestPathLength,edges
456,3,C(456;1;49;174),8,5.1934065934065936,1368
456,3,C(456;1;78;121),8,5.1934065934065936,1368
