N,K,S,diameter,averageShortestPathLength,edges
327,3,C(327;1;12;99),7,4.6441717791411046,981
327,3,C(327;1;90;100),7,4.6441717791411046,981
327,3,C(327;1;99;121),7,4.6441717791411046,981
