N,K,S,diameter,averageShortestPathLength,edges
352,3,C(352;1;53;168),7,4.7521367521367521,1056
352,3,C(352;1;93;136),7,4.7521367521367521,1056
