N,K,S,diameter,averageShortestPathLength,edges
802,3,C(802; 1; 112; 271),9,6.285892634207241,2406
802,3,C(802; 1; 219; 334),9,6.285892634207241,2406
