N,K,S,diameter,averageShortestPathLength,edges
387,3,C(387;1;14;117),7,4.9015544041450774,1161
387,3,C(387;1;36;83),7,4.9015544041450774,1161
