N,K,S,diameter,averageShortestPathLength,edges
933,3,C(933; 1; 35; 330),10,6.611587982832618,2799
933,3,C(933; 1; 80; 276),10,6.611587982832618,2799
