N,K,S,diameter,averageShortestPathLength,edges
577,3,C(577; 1; 39; 63),8,5.628472222222222,1731
577,3,C(577; 1; 46; 74),8,5.628472222222222,1731
577,3,C(577; 1; 138; 174),8,5.628472222222222,1731
