N,K,S,diameter,averageShortestPathLength,edges
899,3,C(899; 1; 41; 421),10,6.541202672605791,2697
899,3,C(899; 1; 205; 314),10,6.541202672605791,2697
899,3,C(899; 1; 209; 307),10,6.541202672605791,2697
