N,K,S,diameter,averageShortestPathLength,edges
901,3,C(901; 1; 30; 284),9,6.546666666666667,2703
901,3,C(901; 1; 30; 411),9,6.546666666666667,2703
901,3,C(901; 1; 57; 92),9,6.546666666666667,2703
