N,K,S,diameter,averageShortestPathLength,edges
976,3,C(976; 1; 173; 308),10,6.718974358974359,2928
976,3,C(976; 1; 299; 348),10,6.718974358974359,2928
