N,K,S,diameter,averageShortestPathLength,edges
528,3,C(528;1;16;157),8,5.4592030360531307,1584
528,3,C(528;1;37;64),8,5.4592030360531307,1584
