N,K,S,diameter,averageShortestPathLength,edges
983,3,C(983; 1; 18; 266),10,6.75152749490835,2949
983,3,C(983; 1; 85; 436),10,6.75152749490835,2949
983,3,C(983; 1; 124; 273),10,6.75152749490835,2949
983,3,C(983; 1; 128; 162),10,6.75152749490835,2949
983,3,C(983; 1; 192; 352),10,6.75152749490835,2949
983,3,C(983; 1; 358; 377),10,6.75152749490835,2949
