N,K,S,diameter,averageShortestPathLength,edges
388,3,C(388; 1; 13; 114),7,4.912144702842378,1164
388,3,C(388; 1; 158; 179),7,4.912144702842378,1164
