N,K,S,diameter,averageShortestPathLength,edges
655,3,C(655; 1; 15; 177),9,5.868501529051988,1965
655,3,C(655; 1; 37; 100),9,5.868501529051988,1965
