N,K,S,diameter,averageShortestPathLength,edges
145,3,C(145;1;9;61),5,3.4722222222222223,435
145,3,C(145;1;16;39),5,3.4722222222222223,435
145,3,C(145;1;19;26),5,3.4722222222222223,435
