N,K,S,diameter,averageShortestPathLength,edges
209,3,C(209;1;13;88),6,3.9711538461538463,627
209,3,C(209;1;16;55),6,3.9711538461538463,627
209,3,C(209;1;19;31),6,3.9711538461538463,627
209,3,C(209;1;20;33),6,3.9711538461538463,627
209,3,C(209;1;27;95),6,3.9711538461538463,627
209,3,C(209;1;33;94),6,3.9711538461538463,627
