N,K,S,diameter,averageShortestPathLength,edges
565,3,C(565; 1; 20; 247),8,5.592198581560283,1695
565,3,C(565; 1; 183; 270),8,5.592198581560283,1695
