N,K,S,diameter,averageShortestPathLength,edges
482,3,C(482;1;28;218),8,5.2993762993762994,1446
482,3,C(482;1;91;224),8,5.2993762993762994,1446
482,3,C(482;1;110;229),8,5.2993762993762994,1446
482,3,C(482;1;143;220),8,5.2993762993762994,1446
482,3,C(482;1;210;221),8,5.2993762993762994,1446
