N,K,S,diameter,averageShortestPathLength,edges
560,3,C(560; 1; 134; 169),8,5.572450805008945,1680
560,3,C(560; 1; 169; 246),8,5.572450805008945,1680
