N,K,S,diameter,averageShortestPathLength,edges
460,3,C(460;1;34;59),7,5.2135076252723316,1380
460,3,C(460;1;39;54),7,5.2135076252723316,1380
