N,K,S,diameter,averageShortestPathLength,edges
836,3,C(836; 1; 234; 387),10,6.384431137724551,2508
836,3,C(836; 1; 370; 391),10,6.384431137724551,2508
