N,K,S,diameter,averageShortestPathLength,edges
380,3,C(380;1;22;172),7,4.8759894459102906,1140
380,3,C(380;1;40;146),7,4.8759894459102906,1140
