N,K,S,diameter,averageShortestPathLength,edges
73,3,C(73;1;6;21),4,2.7222222222222223,219
73,3,C(73;1;7;31),4,2.7222222222222223,219
73,3,C(73;1;12;33),4,2.7222222222222223,219
