N,K,S,diameter,averageShortestPathLength,edges
586,3,C(586; 1; 70; 253),8,5.661538461538462,1758
586,3,C(586; 1; 218; 271),8,5.661538461538462,1758
