N,K,S,diameter,averageShortestPathLength,edges
881,3,C(881; 1; 96; 258),10,6.497727272727273,2643
881,3,C(881; 1; 140; 225),10,6.497727272727273,2643
881,3,C(881; 1; 156; 278),10,6.497727272727273,2643
