N,K,S,diameter,averageShortestPathLength,edges
887,3,C(887; 1; 19; 205),10,6.516930022573363,2661
887,3,C(887; 1; 140; 316),10,6.516930022573363,2661
887,3,C(887; 1; 160; 225),10,6.516930022573363,2661
