N,K,S,diameter,averageShortestPathLength,edges
537,3,C(537; 1; 16; 198),8,5.4888059701492535,1611
537,3,C(537; 1; 189; 235),8,5.4888059701492535,1611
