N,K,S,diameter,averageShortestPathLength,edges
644,3,C(644; 1; 110; 171),9,5.842923794712286,1932
644,3,C(644; 1; 150; 177),9,5.842923794712286,1932
