N,K,S,diameter,averageShortestPathLength,edges
1575,3,C(1575; 1; 388; 513),12,7.905972045743329,4725
1575,3,C(1575; 1; 548; 774),12,7.905972045743329,4725
