N,K,S,diameter,averageShortestPathLength,edges
1811,3,C(1811; 1; 100; 138),12,8.287292817679559,5433
1811,3,C(1811; 1; 163; 762),12,8.287292817679559,5433
1811,3,C(1811; 1; 183; 853),12,8.287292817679559,5433
1811,3,C(1811; 1; 280; 319),12,8.287292817679559,5433
1811,3,C(1811; 1; 331; 705),12,8.287292817679559,5433
1811,3,C(1811; 1; 476; 545),12,8.287292817679559,5433
