N,K,S,diameter,averageShortestPathLength,edges
1774,3,C(1774; 1; 210; 345),12,8.235194585448392,5322
1774,3,C(1774; 1; 232; 869),12,8.235194585448392,5322
