N,K,S,diameter,averageShortestPathLength,edges
1928,3,C(1928; 1; 103; 142),13,8.456149455111573,5784
1928,3,C(1928; 1; 226; 599),13,8.456149455111573,5784
