N,K,S,diameter,averageShortestPathLength,edges
1917,3,C(1917; 1; 288; 602),13,8.451983298538622,5751
1917,3,C(1917; 1; 449; 873),13,8.451983298538622,5751
