N,K,S,diameter,averageShortestPathLength,edges
1306,3,C(1306; 1; 99; 332),11,7.411494252873563,3918
1306,3,C(1306; 1; 254; 343),11,7.411494252873563,3918
