N,K,S,diameter,averageShortestPathLength,edges
1881,3,C(1881; 1; 392; 606),13,8.396808510638298,5643
1881,3,C(1881; 1; 619; 795),13,8.396808510638298,5643
