N,K,S,diameter,averageShortestPathLength,edges
1394,3,C(1394; 1; 488; 646),11,7.586503948312994,4182
1394,3,C(1394; 1; 606; 628),11,7.586503948312994,4182
