N,K,S,diameter,averageShortestPathLength,edges
1106,3,C(1106; 1; 55; 518),10,7.019004524886878,3318
1106,3,C(1106; 1; 181; 252),10,7.019004524886878,3318
