N,K,S,diameter,averageShortestPathLength,edges
1585,3,C(1585; 1; 120; 403),12,7.92550505050505,4755
1585,3,C(1585; 1; 370; 763),12,7.92550505050505,4755
