N,K,S,diameter,averageShortestPathLength,edges
1263,3,C(1263; 1; 75; 341),11,7.342313787638669,3789
1263,3,C(1263; 1; 78; 100),11,7.342313787638669,3789
