N,K,S,diameter,averageShortestPathLength,edges
1972,3,C(1972; 1; 26; 529),13,8.527143581938102,5916
1972,3,C(1972; 1; 302; 671),13,8.527143581938102,5916
