N,K,S,diameter,averageShortestPathLength,edges
1799,3,C(1799; 1; 122; 504),12,8.268075639599555,5397
1799,3,C(1799; 1; 476; 870),12,8.268075639599555,5397
