N,K,S,diameter,averageShortestPathLength,edges
1548,3,C(1548; 1; 114; 539),12,7.860374919198448,4644
1548,3,C(1548; 1; 359; 678),12,7.860374919198448,4644
