N,K,S,diameter,averageShortestPathLength,edges
1963,3,C(1963; 1; 46; 904),13,8.509683995922527,5889
1963,3,C(1963; 1; 76; 430),13,8.509683995922527,5889
1963,3,C(1963; 1; 105; 128),13,8.509683995922527,5889
