N,K,S,diameter,averageShortestPathLength,edges
1635,3,C(1635; 1; 241; 555),12,8.00734394124847,4905
1635,3,C(1635; 1; 346; 735),12,8.00734394124847,4905
