N,K,S,diameter,averageShortestPathLength,edges
1037,3,C(1037; 1; 20; 277),10,6.864864864864865,3111
1037,3,C(1037; 1; 38; 363),10,6.864864864864865,3111
1037,3,C(1037; 1; 71; 91),10,6.864864864864865,3111
1037,3,C(1037; 1; 146; 191),10,6.864864864864865,3111
1037,3,C(1037; 1; 308; 482),10,6.864864864864865,3111
1037,3,C(1037; 1; 468; 490),10,6.864864864864865,3111
