N,K,S,diameter,averageShortestPathLength,edges
1683,3,C(1683; 1; 95; 131),12,8.076099881093937,5049
1683,3,C(1683; 1; 124; 586),12,8.076099881093937,5049
1683,3,C(1683; 1; 359; 758),12,8.076099881093937,5049
