N,K,S,diameter,averageShortestPathLength,edges
1624,3,C(1624; 1; 251; 286),12,7.982131854590265,4872
1624,3,C(1624; 1; 510; 757),12,7.982131854590265,4872
