N,K,S,diameter,averageShortestPathLength,edges
1196,3,C(1196; 1; 163; 566),11,7.2092050209205025,3588
1196,3,C(1196; 1; 246; 587),11,7.2092050209205025,3588
