N,K,S,diameter,averageShortestPathLength,edges
1584,3,C(1584; 1; 107; 390),12,7.923562855337966,4752
1584,3,C(1584; 1; 174; 755),12,7.923562855337966,4752
