N,K,S,diameter,averageShortestPathLength,edges
1563,3,C(1563; 1; 106; 438),12,7.8898847631242,4689
1563,3,C(1563; 1; 417; 752),12,7.8898847631242,4689
