N,K,S,diameter,averageShortestPathLength,edges
1414,3,C(1414; 1; 59; 666),11,7.617834394904459,4242
1414,3,C(1414; 1; 89; 290),11,7.617834394904459,4242
1414,3,C(1414; 1; 143; 464),11,7.617834394904459,4242
1414,3,C(1414; 1; 492; 695),11,7.617834394904459,4242
