N,K,S,diameter,averageShortestPathLength,edges
1310,3,C(1310; 1; 232; 637),11,7.425515660809778,3930
1310,3,C(1310; 1; 304; 473),11,7.425515660809778,3930
