N,K,S,diameter,averageShortestPathLength,edges
1926,3,C(1926; 1; 168; 815),13,8.451428571428572,5778
1926,3,C(1926; 1; 475; 834),13,8.451428571428572,5778
