N,K,S,diameter,averageShortestPathLength,edges
1474,3,C(1474; 1; 41; 668),11,7.73387644263408,4422
1474,3,C(1474; 1; 232; 719),11,7.73387644263408,4422
