N,K,S,diameter,averageShortestPathLength,edges
1257,3,C(1257; 1; 144; 167),11,7.326433121019108,3771
1257,3,C(1257; 1; 240; 557),11,7.326433121019108,3771
