N,K,S,diameter,averageShortestPathLength,edges
1810,3,C(1810; 1; 122; 571),12,8.276948590381426,5430
1810,3,C(1810; 1; 612; 821),12,8.276948590381426,5430
