N,K,S,diameter,averageShortestPathLength,edges
1638,3,C(1638; 1; 97; 606),12,8.003054367745877,4914
1638,3,C(1638; 1; 192; 743),12,8.003054367745877,4914
