N,K,S,diameter,averageShortestPathLength,edges
1231,3,C(1231; 1; 61; 265),11,7.278048780487805,3693
1231,3,C(1231; 1; 144; 167),11,7.278048780487805,3693
1231,3,C(1231; 1; 222; 258),11,7.278048780487805,3693
