N,K,S,diameter,averageShortestPathLength,edges
1288,3,C(1288; 1; 47; 174),11,7.386169386169386,3864
1288,3,C(1288; 1; 137; 634),11,7.386169386169386,3864
