N,K,S,diameter,averageShortestPathLength,edges
1305,3,C(1305; 1; 241; 504),11,7.414110429447852,3915
1305,3,C(1305; 1; 509; 549),11,7.414110429447852,3915
