N,K,S,diameter,averageShortestPathLength,edges
1738,3,C(1738; 1; 465; 544),12,8.179044329303396,5214
1738,3,C(1738; 1; 552; 755),12,8.179044329303396,5214
