N,K,S,diameter,averageShortestPathLength,edges
1643,3,C(1643; 1; 95; 135),12,8.015834348355664,4929
1643,3,C(1643; 1; 121; 572),12,8.015834348355664,4929
1643,3,C(1643; 1; 258; 294),12,8.015834348355664,4929
