N,K,S,diameter,averageShortestPathLength,edges
1628,3,C(1628; 1; 87; 120),12,7.999385371850031,4884
1628,3,C(1628; 1; 131; 560),12,7.999385371850031,4884
