N,K,S,diameter,averageShortestPathLength,edges
1145,3,C(1145; 1; 55; 256),11,7.101398601398602,3435
1145,3,C(1145; 1; 210; 246),11,7.101398601398602,3435
1145,3,C(1145; 1; 218; 260),11,7.101398601398602,3435
1145,3,C(1145; 1; 440; 562),11,7.101398601398602,3435
