N,K,S,diameter,averageShortestPathLength,edges
1854,3,C(1854; 1; 167; 780),12,8.35456017269293,5562
1854,3,C(1854; 1; 655; 804),12,8.35456017269293,5562
