N,K,S,diameter,averageShortestPathLength,edges
1734,3,C(1734; 1; 370; 781),12,8.164454702827467,5202
1734,3,C(1734; 1; 373; 710),12,8.164454702827467,5202
