N,K,S,diameter,averageShortestPathLength,edges
1721,3,C(1721; 1; 116; 543),12,8.145348837209303,5163
1721,3,C(1721; 1; 225; 843),12,8.145348837209303,5163
1721,3,C(1721; 1; 233; 590),12,8.145348837209303,5163
1721,3,C(1721; 1; 325; 719),12,8.145348837209303,5163
1721,3,C(1721; 1; 520; 767),12,8.145348837209303,5163
1721,3,C(1721; 1; 791; 816),12,8.145348837209303,5163
