N,K,S,diameter,averageShortestPathLength,edges
1099,3,C(1099; 1; 68; 87),10,7.001821493624773,3297
1099,3,C(1099; 1; 165; 240),10,7.001821493624773,3297
1099,3,C(1099; 1; 373; 501),10,7.001821493624773,3297
