N,K,S,diameter,averageShortestPathLength,edges
1821,3,C(1821; 1; 138; 463),12,8.302197802197803,5463
1821,3,C(1821; 1; 429; 881),12,8.302197802197803,5463
