N,K,S,diameter,averageShortestPathLength,edges
1673,3,C(1673; 1; 121; 674),12,8.058612440191387,5019
1673,3,C(1673; 1; 188; 318),12,8.058612440191387,5019
1673,3,C(1673; 1; 767; 792),12,8.058612440191387,5019
