N,K,S,diameter,averageShortestPathLength,edges
1016,3,C(1016; 1; 62; 100),10,6.820689655172414,3048
1016,3,C(1016; 1; 246; 362),10,6.820689655172414,3048
