N,K,S,diameter,averageShortestPathLength,edges
1661,3,C(1661; 1; 64; 786),12,8.042168674698795,4983
1661,3,C(1661; 1; 112; 524),12,8.042168674698795,4983
1661,3,C(1661; 1; 149; 240),12,8.042168674698795,4983
1661,3,C(1661; 1; 168; 545),12,8.042168674698795,4983
1661,3,C(1661; 1; 371; 485),12,8.042168674698795,4983
1661,3,C(1661; 1; 422; 680),12,8.042168674698795,4983
1661,3,C(1661; 1; 465; 637),12,8.042168674698795,4983
1661,3,C(1661; 1; 488; 818),12,8.042168674698795,4983
1661,3,C(1661; 1; 492; 699),12,8.042168674698795,4983
