N,K,S,diameter,averageShortestPathLength,edges
1150,3,C(1150; 1; 43; 280),11,7.10443864229765,3450
1150,3,C(1150; 1; 60; 107),11,7.10443864229765,3450
1150,3,C(1150; 1; 274; 535),11,7.10443864229765,3450
