N,K,S,diameter,averageShortestPathLength,edges
1060,3,C(1060; 1; 137; 430),10,6.918791312559018,3180
1060,3,C(1060; 1; 147; 390),10,6.918791312559018,3180
