N,K,S,diameter,averageShortestPathLength,edges
1434,3,C(1434; 1; 307; 490),11,7.665736217725052,4302
1434,3,C(1434; 1; 355; 436),11,7.665736217725052,4302
