N,K,S,diameter,averageShortestPathLength,edges
1247,3,C(1247; 1; 65; 116),11,7.304975922953451,3741
1247,3,C(1247; 1; 232; 518),11,7.304975922953451,3741
