N,K,S,diameter,averageShortestPathLength,edges
1598,3,C(1598; 1; 191; 294),12,7.940513462742643,4794
1598,3,C(1598; 1; 251; 286),12,7.940513462742643,4794
