N,K,S,diameter,averageShortestPathLength,edges
1429,3,C(1429; 1; 36; 508),11,7.649859943977591,4287
1429,3,C(1429; 1; 346; 405),11,7.649859943977591,4287
1429,3,C(1429; 1; 516; 621),11,7.649859943977591,4287
