N,K,S,diameter,averageShortestPathLength,edges
1000,3,C(1000; 1; 88; 241),10,6.781781781781782,3000
1000,3,C(1000; 1; 232; 361),10,6.781781781781782,3000
