N,K,S,diameter,averageShortestPathLength,edges
1395,3,C(1395; 1; 141; 657),11,7.585365853658536,4185
1395,3,C(1395; 1; 255; 543),11,7.585365853658536,4185
