N,K,S,diameter,averageShortestPathLength,edges
1143,3,C(1143; 1; 20; 443),11,7.0945709281961475,3429
1143,3,C(1143; 1; 35; 400),11,7.0945709281961475,3429
1143,3,C(1143; 1; 98; 338),11,7.0945709281961475,3429
1143,3,C(1143; 1; 134; 298),11,7.0945709281961475,3429
1143,3,C(1143; 1; 145; 224),11,7.0945709281961475,3429
1143,3,C(1143; 1; 199; 280),11,7.0945709281961475,3429
