N,K,S,diameter,averageShortestPathLength,edges
1529,3,C(1529; 1; 70; 670),12,7.8311518324607325,4587
1529,3,C(1529; 1; 89; 114),12,7.8311518324607325,4587
1529,3,C(1529; 1; 228; 415),12,7.8311518324607325,4587
