N,K,S,diameter,averageShortestPathLength,edges
1340,3,C(1340; 1; 22; 360),11,7.48319641523525,4020
1340,3,C(1340; 1; 56; 631),11,7.48319641523525,4020
1340,3,C(1340; 1; 136; 189),11,7.48319641523525,4020
1340,3,C(1340; 1; 378; 634),11,7.48319641523525,4020
