N,K,S,diameter,averageShortestPathLength,edges
1433,3,C(1433; 1; 145; 328),11,7.649441340782123,4299
1433,3,C(1433; 1; 168; 650),11,7.649441340782123,4299
1433,3,C(1433; 1; 450; 668),11,7.649441340782123,4299
