N,K,S,diameter,averageShortestPathLength,edges
1616,3,C(1616; 1; 38; 572),12,7.977708978328173,4848
1616,3,C(1616; 1; 250; 772),12,7.977708978328173,4848
