N,K,S,diameter,averageShortestPathLength,edges
1993,3,C(1993; 1; 110; 743),13,8.555220883534137,5979
1993,3,C(1993; 1; 228; 829),13,8.555220883534137,5979
1993,3,C(1993; 1; 308; 351),13,8.555220883534137,5979
