N,K,S,diameter,averageShortestPathLength,edges
1878,3,C(1878; 1; 295; 336),12,8.384123601491742,5634
1878,3,C(1878; 1; 713; 816),12,8.384123601491742,5634
