N,K,S,diameter,averageShortestPathLength,edges
1933,3,C(1933; 1; 309; 900),13,8.473084886128364,5799
1933,3,C(1933; 1; 436; 586),13,8.473084886128364,5799
1933,3,C(1933; 1; 729; 832),13,8.473084886128364,5799
