N,K,S,diameter,averageShortestPathLength,edges
1059,3,C(1059; 1; 43; 142),10,6.914933837429111,3177
1059,3,C(1059; 1; 142; 440),10,6.914933837429111,3177
1059,3,C(1059; 1; 197; 440),10,6.914933837429111,3177
