N,K,S,diameter,averageShortestPathLength,edges
1381,3,C(1381; 1; 111; 475),12,7.566666666666666,4143
1381,3,C(1381; 1; 157; 526),12,7.566666666666666,4143
1381,3,C(1381; 1; 162; 360),12,7.566666666666666,4143
1381,3,C(1381; 1; 234; 621),12,7.566666666666666,4143
1381,3,C(1381; 1; 423; 680),12,7.566666666666666,4143
1381,3,C(1381; 1; 520; 616),12,7.566666666666666,4143
