N,K,S,diameter,averageShortestPathLength,edges
1436,3,C(1436; 1; 83; 118),11,7.665505226480836,4308
1436,3,C(1436; 1; 173; 310),11,7.665505226480836,4308
