N,K,S,diameter,averageShortestPathLength,edges
1929,3,C(1929; 1; 90; 233),13,8.471991701244812,5787
1929,3,C(1929; 1; 316; 398),13,8.471991701244812,5787
1929,3,C(1929; 1; 356; 753),13,8.471991701244812,5787
1929,3,C(1929; 1; 409; 746),13,8.471991701244812,5787
1929,3,C(1929; 1; 437; 664),13,8.471991701244812,5787
