N,K,S,diameter,averageShortestPathLength,edges
1608,3,C(1608; 1; 62; 761),12,7.956440572495333,4824
1608,3,C(1608; 1; 338; 617),12,7.956440572495333,4824
