N,K,S,diameter,averageShortestPathLength,edges
1553,3,C(1553; 1; 96; 123),12,7.872422680412371,4659
1553,3,C(1553; 1; 101; 378),12,7.872422680412371,4659
1553,3,C(1553; 1; 275; 341),12,7.872422680412371,4659
