N,K,S,diameter,averageShortestPathLength,edges
1190,3,C(1190; 1; 102; 352),11,7.179142136248949,3570
1190,3,C(1190; 1; 180; 384),11,7.179142136248949,3570
