N,K,S,diameter,averageShortestPathLength,edges
1084,3,C(1084; 1; 124; 175),11,6.972299168975069,3252
1084,3,C(1084; 1; 223; 532),11,6.972299168975069,3252
