N,K,S,diameter,averageShortestPathLength,edges
1069,3,C(1069; 1; 138; 505),10,6.9344569288389515,3207
1069,3,C(1069; 1; 190; 519),10,6.9344569288389515,3207
1069,3,C(1069; 1; 453; 512),10,6.9344569288389515,3207
