N,K,S,diameter,averageShortestPathLength,edges
1033,3,C(1033; 1; 160; 255),10,6.862403100775194,3099
1033,3,C(1033; 1; 163; 368),10,6.862403100775194,3099
1033,3,C(1033; 1; 397; 507),10,6.862403100775194,3099
