N,K,S,diameter,averageShortestPathLength,edges
1842,3,C(1842; 1; 269; 640),13,8.34057577403585,5526
1842,3,C(1842; 1; 340; 719),13,8.34057577403585,5526
