N,K,S,diameter,averageShortestPathLength,edges
1298,3,C(1298; 1; 191; 330),11,7.406322282189668,3894
1298,3,C(1298; 1; 333; 440),11,7.406322282189668,3894
