N,K,S,diameter,averageShortestPathLength,edges
1839,3,C(1839; 1; 213; 676),13,8.331882480957562,5517
1839,3,C(1839; 1; 253; 558),13,8.331882480957562,5517
