N,K,S,diameter,averageShortestPathLength,edges
1473,3,C(1473; 1; 99; 715),12,7.735054347826087,4419
1473,3,C(1473; 1; 274; 612),12,7.735054347826087,4419
