N,K,S,diameter,averageShortestPathLength,edges
1566,3,C(1566; 1; 299; 694),12,7.888178913738019,4698
1566,3,C(1566; 1; 419; 490),12,7.888178913738019,4698
