N,K,S,diameter,averageShortestPathLength,edges
1794,3,C(1794; 1; 121; 566),12,8.252649191299499,5382
1794,3,C(1794; 1; 341; 746),12,8.252649191299499,5382
