N,K,S,diameter,averageShortestPathLength,edges
1149,3,C(1149; 1; 179; 558),11,7.109756097560975,3447
1149,3,C(1149; 1; 217; 480),11,7.109756097560975,3447
1149,3,C(1149; 1; 369; 475),11,7.109756097560975,3447
1149,3,C(1149; 1; 413; 537),11,7.109756097560975,3447
