N,K,S,diameter,averageShortestPathLength,edges
1019,3,C(1019; 1; 162; 228),10,6.831041257367387,3057
1019,3,C(1019; 1; 187; 219),10,6.831041257367387,3057
1019,3,C(1019; 1; 195; 376),10,6.831041257367387,3057
