N,K,S,diameter,averageShortestPathLength,edges
1096,3,C(1096; 1; 75; 96),11,6.994520547945205,3288
1096,3,C(1096; 1; 352; 453),11,6.994520547945205,3288
