N,K,S,diameter,averageShortestPathLength,edges
1331,3,C(1331; 1; 36; 412),11,7.469172932330827,3993
1331,3,C(1331; 1; 37; 603),11,7.469172932330827,3993
1331,3,C(1331; 1; 42; 181),11,7.469172932330827,3993
1331,3,C(1331; 1; 81; 537),11,7.469172932330827,3993
1331,3,C(1331; 1; 156; 347),11,7.469172932330827,3993
1331,3,C(1331; 1; 401; 608),11,7.469172932330827,3993
