N,K,S,diameter,averageShortestPathLength,edges
1442,3,C(1442; 1; 38; 657),11,7.66412213740458,4326
1442,3,C(1442; 1; 169; 654),11,7.66412213740458,4326
