N,K,S,diameter,averageShortestPathLength,edges
1484,3,C(1484; 1; 38; 673),11,7.738368172623061,4452
1484,3,C(1484; 1; 62; 699),11,7.738368172623061,4452
1484,3,C(1484; 1; 150; 699),11,7.738368172623061,4452
1484,3,C(1484; 1; 174; 673),11,7.738368172623061,4452
