N,K,S,diameter,averageShortestPathLength,edges
1775,3,C(1775; 1; 235; 319),12,8.228861330326945,5325
1775,3,C(1775; 1; 240; 779),12,8.228861330326945,5325
