N,K,S,diameter,averageShortestPathLength,edges
1770,3,C(1770; 1; 128; 713),13,8.219898247597513,5310
1770,3,C(1770; 1; 283; 824),13,8.219898247597513,5310
