N,K,S,diameter,averageShortestPathLength,edges
1175,3,C(1175; 1; 129; 560),11,7.156729131175468,3525
1175,3,C(1175; 1; 360; 419),11,7.156729131175468,3525
