N,K,S,diameter,averageShortestPathLength,edges
1742,3,C(1742; 1; 72; 385),12,8.16829408385985,5226
1742,3,C(1742; 1; 516; 733),12,8.16829408385985,5226
