N,K,S,diameter,averageShortestPathLength,edges
1450,3,C(1450; 1; 156; 444),12,7.6853002070393375,4350
1450,3,C(1450; 1; 170; 378),12,7.6853002070393375,4350
