N,K,S,diameter,averageShortestPathLength,edges
1761,3,C(1761; 1; 128; 553),13,8.206818181818182,5283
1761,3,C(1761; 1; 280; 328),13,8.206818181818182,5283
1761,3,C(1761; 1; 454; 761),13,8.206818181818182,5283
