N,K,S,diameter,averageShortestPathLength,edges
1241,3,C(1241; 1; 78; 100),11,7.2935483870967746,3723
1241,3,C(1241; 1; 126; 175),11,7.2935483870967746,3723
1241,3,C(1241; 1; 484; 522),11,7.2935483870967746,3723
