N,K,S,diameter,averageShortestPathLength,edges
1769,3,C(1769; 1; 143; 690),12,8.228506787330316,5307
1769,3,C(1769; 1; 213; 382),12,8.228506787330316,5307
1769,3,C(1769; 1; 334; 490),12,8.228506787330316,5307
