N,K,S,diameter,averageShortestPathLength,edges
1731,3,C(1731; 1; 64; 814),12,8.159537572254335,5193
1731,3,C(1731; 1; 82; 141),12,8.159537572254335,5193
1731,3,C(1731; 1; 175; 568),12,8.159537572254335,5193
1731,3,C(1731; 1; 190; 825),12,8.159537572254335,5193
1731,3,C(1731; 1; 455; 521),12,8.159537572254335,5193
