N,K,S,diameter,averageShortestPathLength,edges
1539,3,C(1539; 1; 207; 677),12,7.850455136540963,4617
1539,3,C(1539; 1; 391; 630),12,7.850455136540963,4617
