N,K,S,diameter,averageShortestPathLength,edges
1649,3,C(1649; 1; 82; 141),12,8.023058252427184,4947
1649,3,C(1649; 1; 181; 786),12,8.023058252427184,4947
1649,3,C(1649; 1; 514; 690),12,8.023058252427184,4947
