N,K,S,diameter,averageShortestPathLength,edges
1689,3,C(1689; 1; 198; 766),12,8.08175355450237,5067
1689,3,C(1689; 1; 355; 648),12,8.08175355450237,5067
