N,K,S,diameter,averageShortestPathLength,edges
1451,3,C(1451; 1; 110; 369),11,7.686896551724138,4353
1451,3,C(1451; 1; 232; 598),11,7.686896551724138,4353
1451,3,C(1451; 1; 277; 643),11,7.686896551724138,4353
