N,K,S,diameter,averageShortestPathLength,edges
1133,3,C(1133; 1; 56; 244),10,7.081272084805653,3399
1133,3,C(1133; 1; 263; 409),10,7.081272084805653,3399
1133,3,C(1133; 1; 446; 534),10,7.081272084805653,3399
