N,K,S,diameter,averageShortestPathLength,edges
1160,3,C(1160; 1; 69; 252),11,7.135461604831751,3480
1160,3,C(1160; 1; 269; 508),11,7.135461604831751,3480
