N,K,S,diameter,averageShortestPathLength,edges
1091,3,C(1091; 1; 165; 352),10,6.977981651376147,3273
1091,3,C(1091; 1; 170; 530),10,6.977981651376147,3273
1091,3,C(1091; 1; 324; 507),10,6.977981651376147,3273
