N,K,S,diameter,averageShortestPathLength,edges
1802,3,C(1802; 1; 24; 699),13,8.273736812881733,5406
1802,3,C(1802; 1; 281; 464),13,8.273736812881733,5406
