N,K,S,diameter,averageShortestPathLength,edges
1693,3,C(1693; 1; 24; 699),12,8.102836879432624,5079
1693,3,C(1693; 1; 84; 458),12,8.102836879432624,5079
1693,3,C(1693; 1; 207; 262),12,8.102836879432624,5079
1693,3,C(1693; 1; 229; 743),12,8.102836879432624,5079
1693,3,C(1693; 1; 264; 436),12,8.102836879432624,5079
1693,3,C(1693; 1; 664; 776),12,8.102836879432624,5079
