N,K,S,diameter,averageShortestPathLength,edges
1667,3,C(1667; 1; 59; 786),12,8.058823529411764,5001
1667,3,C(1667; 1; 113; 467),12,8.058823529411764,5001
1667,3,C(1667; 1; 193; 282),12,8.058823529411764,5001
