N,K,S,diameter,averageShortestPathLength,edges
1883,3,C(1883; 1; 127; 594),12,8.388947927736451,5649
1883,3,C(1883; 1; 358; 783),12,8.388947927736451,5649
1883,3,C(1883; 1; 405; 771),12,8.388947927736451,5649
