N,K,S,diameter,averageShortestPathLength,edges
1588,3,C(1588; 1; 330; 675),12,7.933837429111531,4764
1588,3,C(1588; 1; 407; 670),12,7.933837429111531,4764
