N,K,S,diameter,averageShortestPathLength,edges
1367,3,C(1367; 1; 35; 620),11,7.53294289897511,4101
1367,3,C(1367; 1; 183; 430),11,7.53294289897511,4101
1367,3,C(1367; 1; 213; 664),11,7.53294289897511,4101
