N,K,S,diameter,averageShortestPathLength,edges
1747,3,C(1747; 1; 38; 549),12,8.192439862542955,5241
1747,3,C(1747; 1; 46; 796),12,8.192439862542955,5241
1747,3,C(1747; 1; 665; 856),12,8.192439862542955,5241
