N,K,S,diameter,averageShortestPathLength,edges
1795,3,C(1795; 1; 213; 655),12,8.259754738015607,5385
1795,3,C(1795; 1; 475; 868),12,8.259754738015607,5385
