N,K,S,diameter,averageShortestPathLength,edges
1339,3,C(1339; 1; 61; 627),11,7.481315396113603,4017
1339,3,C(1339; 1; 126; 348),11,7.481315396113603,4017
1339,3,C(1339; 1; 439; 581),11,7.481315396113603,4017
