N,K,S,diameter,averageShortestPathLength,edges
1705,3,C(1705; 1; 60; 637),12,8.124413145539906,5115
1705,3,C(1705; 1; 115; 538),12,8.124413145539906,5115
