N,K,S,diameter,averageShortestPathLength,edges
1030,3,C(1030; 1; 183; 500),10,6.852283770651118,3090
1030,3,C(1030; 1; 197; 380),10,6.852283770651118,3090
