N,K,S,diameter,averageShortestPathLength,edges
1526,3,C(1526; 1; 244; 629),11,7.8144262295081965,4578
1526,3,C(1526; 1; 279; 594),11,7.8144262295081965,4578
