N,K,S,diameter,averageShortestPathLength,edges
1778,3,C(1778; 1; 71; 692),12,8.227912211592571,5334
1778,3,C(1778; 1; 93; 348),12,8.227912211592571,5334
1778,3,C(1778; 1; 160; 601),12,8.227912211592571,5334
1778,3,C(1778; 1; 325; 692),12,8.227912211592571,5334
