N,K,S,diameter,averageShortestPathLength,edges
1478,3,C(1478; 1; 43; 202),12,7.746784021665539,4434
1478,3,C(1478; 1; 275; 614),12,7.746784021665539,4434
