N,K,S,diameter,averageShortestPathLength,edges
1701,3,C(1701; 1; 89; 333),12,8.114117647058823,5103
1701,3,C(1701; 1; 172; 558),12,8.114117647058823,5103
