N,K,S,diameter,averageShortestPathLength,edges
1093,3,C(1093; 1; 30; 388),10,6.990842490842491,3279
1093,3,C(1093; 1; 119; 320),10,6.990842490842491,3279
1093,3,C(1093; 1; 186; 431),10,6.990842490842491,3279
1093,3,C(1093; 1; 248; 429),10,6.990842490842491,3279
1093,3,C(1093; 1; 255; 523),10,6.990842490842491,3279
1093,3,C(1093; 1; 263; 400),10,6.990842490842491,3279
