N,K,S,diameter,averageShortestPathLength,edges
1525,3,C(1525; 1; 63; 337),12,7.820209973753281,4575
1525,3,C(1525; 1; 199; 702),12,7.820209973753281,4575
1525,3,C(1525; 1; 448; 751),12,7.820209973753281,4575
