N,K,S,diameter,averageShortestPathLength,edges
1220,3,C(1220; 1; 143; 318),11,7.251025430680886,3660
1220,3,C(1220; 1; 194; 273),11,7.251025430680886,3660
