N,K,S,diameter,averageShortestPathLength,edges
1256,3,C(1256; 1; 101; 432),11,7.318725099601593,3768
1256,3,C(1256; 1; 232; 485),11,7.318725099601593,3768
