N,K,S,diameter,averageShortestPathLength,edges
1471,3,C(1471; 1; 67; 689),11,7.7306122448979595,4413
1471,3,C(1471; 1; 220; 348),11,7.7306122448979595,4413
1471,3,C(1471; 1; 309; 560),12,7.7306122448979595,4413
1471,3,C(1471; 1; 338; 479),12,7.7306122448979595,4413
1471,3,C(1471; 1; 341; 483),11,7.7306122448979595,4413
1471,3,C(1471; 1; 476; 549),12,7.7306122448979595,4413
