N,K,S,diameter,averageShortestPathLength,edges
1366,3,C(1366; 1; 38; 619),11,7.528205128205128,4098
1366,3,C(1366; 1; 150; 651),11,7.528205128205128,4098
