N,K,S,diameter,averageShortestPathLength,edges
1195,3,C(1195; 1; 105; 288),11,7.199329983249581,3585
1195,3,C(1195; 1; 278; 510),11,7.199329983249581,3585
