N,K,S,diameter,averageShortestPathLength,edges
1964,3,C(1964; 1; 224; 294),13,8.510952623535404,5892
1964,3,C(1964; 1; 542; 856),13,8.510952623535404,5892
