N,K,S,diameter,averageShortestPathLength,edges
1383,3,C(1383; 1; 38; 491),11,7.57452966714906,4149
1383,3,C(1383; 1; 169; 493),11,7.57452966714906,4149
1383,3,C(1383; 1; 182; 533),11,7.57452966714906,4149
1383,3,C(1383; 1; 185; 435),11,7.57452966714906,4149
1383,3,C(1383; 1; 264; 613),11,7.57452966714906,4149
