N,K,S,diameter,averageShortestPathLength,edges
1739,3,C(1739; 1; 67; 823),12,8.170310701956272,5217
1739,3,C(1739; 1; 374; 712),12,8.170310701956272,5217
1739,3,C(1739; 1; 403; 571),12,8.170310701956272,5217
