N,K,S,diameter,averageShortestPathLength,edges
1169,3,C(1169; 1; 37; 159),11,7.154109589041096,3507
1169,3,C(1169; 1; 59; 191),11,7.154109589041096,3507
1169,3,C(1169; 1; 158; 573),11,7.154109589041096,3507
1169,3,C(1169; 1; 163; 238),11,7.154109589041096,3507
1169,3,C(1169; 1; 241; 317),11,7.154109589041096,3507
1169,3,C(1169; 1; 422; 508),11,7.154109589041096,3507
1169,3,C(1169; 1; 459; 525),11,7.154109589041096,3507
1169,3,C(1169; 1; 522; 559),11,7.154109589041096,3507
