N,K,S,diameter,averageShortestPathLength,edges
1749,3,C(1749; 1; 85; 205),12,8.18649885583524,5247
1749,3,C(1749; 1; 221; 793),13,8.18649885583524,5247
1749,3,C(1749; 1; 287; 397),13,8.18649885583524,5247
1749,3,C(1749; 1; 427; 674),12,8.18649885583524,5247
1749,3,C(1749; 1; 512; 535),12,8.18649885583524,5247
1749,3,C(1749; 1; 518; 736),13,8.18649885583524,5247
