N,K,S,diameter,averageShortestPathLength,edges
1904,3,C(1904; 1; 43; 874),13,8.428271150814503,5712
1904,3,C(1904; 1; 286; 797),13,8.428271150814503,5712
