N,K,S,diameter,averageShortestPathLength,edges
1112,3,C(1112; 1; 30; 347),10,7.023402340234023,3336
1112,3,C(1112; 1; 141; 218),10,7.023402340234023,3336
1112,3,C(1112; 1; 204; 239),10,7.023402340234023,3336
1112,3,C(1112; 1; 335; 508),10,7.023402340234023,3336
