N,K,S,diameter,averageShortestPathLength,edges
1582,3,C(1582; 1; 160; 519),12,7.90955091714105,4746
1582,3,C(1582; 1; 253; 652),12,7.90955091714105,4746
