N,K,S,diameter,averageShortestPathLength,edges
1379,3,C(1379; 1; 20; 317),11,7.570391872278665,4137
1379,3,C(1379; 1; 25; 258),12,7.570391872278665,4137
1379,3,C(1379; 1; 69; 191),11,7.570391872278665,4137
1379,3,C(1379; 1; 87; 361),11,7.570391872278665,4137
1379,3,C(1379; 1; 100; 331),12,7.570391872278665,4137
1379,3,C(1379; 1; 155; 262),12,7.570391872278665,4137
