N,K,S,diameter,averageShortestPathLength,edges
1399,3,C(1399; 1; 54; 662),11,7.595135908440629,4197
1399,3,C(1399; 1; 195; 285),11,7.595135908440629,4197
1399,3,C(1399; 1; 429; 617),11,7.595135908440629,4197
