N,K,S,diameter,averageShortestPathLength,edges
1817,3,C(1817; 1; 86; 148),12,8.29625550660793,5451
1817,3,C(1817; 1; 97; 138),12,8.29625550660793,5451
1817,3,C(1817; 1; 213; 824),12,8.29625550660793,5451
1817,3,C(1817; 1; 418; 798),12,8.29625550660793,5451
1817,3,C(1817; 1; 430; 552),13,8.29625550660793,5451
1817,3,C(1817; 1; 483; 562),13,8.29625550660793,5451
1817,3,C(1817; 1; 598; 768),12,8.29625550660793,5451
