N,K,S,diameter,averageShortestPathLength,edges
1527,3,C(1527; 1; 297; 401),12,7.824377457404981,4581
1527,3,C(1527; 1; 476; 639),12,7.824377457404981,4581
