N,K,S,diameter,averageShortestPathLength,edges
1760,3,C(1760; 1; 172; 608),12,8.203524729960204,5280
1760,3,C(1760; 1; 336; 780),12,8.203524729960204,5280
