N,K,S,diameter,averageShortestPathLength,edges
1346,3,C(1346; 1; 82; 543),11,7.497397769516729,4038
1346,3,C(1346; 1; 486; 585),11,7.497397769516729,4038
