N,K,S,diameter,averageShortestPathLength,edges
1119,3,C(1119; 1; 51; 524),11,7.042933810375671,3357
1119,3,C(1119; 1; 96; 331),11,7.042933810375671,3357
