N,K,S,diameter,averageShortestPathLength,edges
1294,3,C(1294; 1; 59; 606),11,7.387470997679815,3882
1294,3,C(1294; 1; 98; 329),11,7.387470997679815,3882
