N,K,S,diameter,averageShortestPathLength,edges
1253,3,C(1253; 1; 40; 574),11,7.332268370607029,3759
1253,3,C(1253; 1; 77; 94),11,7.332268370607029,3759
