N,K,S,diameter,averageShortestPathLength,edges
1391,3,C(1391; 1; 69; 123),11,7.589928057553957,4173
1391,3,C(1391; 1; 203; 622),11,7.589928057553957,4173
1391,3,C(1391; 1; 504; 603),11,7.589928057553957,4173
