N,K,S,diameter,averageShortestPathLength,edges
1504,3,C(1504; 1; 257; 358),12,7.788423153692615,4512
1504,3,C(1504; 1; 294; 673),12,7.788423153692615,4512
