N,K,S,diameter,averageShortestPathLength,edges
1923,3,C(1923; 1; 173; 650),13,8.459937565036421,5769
1923,3,C(1923; 1; 289; 604),13,8.459937565036421,5769
1923,3,C(1923; 1; 589; 926),13,8.459937565036421,5769
