N,K,S,diameter,averageShortestPathLength,edges
1637,3,C(1637; 1; 83; 118),12,8.015892420537897,4911
1637,3,C(1637; 1; 355; 672),12,8.015892420537897,4911
1637,3,C(1637; 1; 514; 763),12,8.015892420537897,4911
