N,K,S,diameter,averageShortestPathLength,edges
1238,3,C(1238; 1; 220; 601),11,7.28698464025869,3714
1238,3,C(1238; 1; 447; 538),11,7.28698464025869,3714
