N,K,S,diameter,averageShortestPathLength,edges
1516,3,C(1516; 1; 38; 472),12,7.805280528052806,4548
1516,3,C(1516; 1; 160; 182),12,7.805280528052806,4548
