N,K,S,diameter,averageShortestPathLength,edges
1876,3,C(1876; 1; 498; 568),13,8.387733333333333,5628
1876,3,C(1876; 1; 860; 888),13,8.387733333333333,5628
