N,K,S,diameter,averageShortestPathLength,edges
1666,3,C(1666; 1; 92; 127),12,8.053453453453454,4998
1666,3,C(1666; 1; 223; 524),12,8.053453453453454,4998
