N,K,S,diameter,averageShortestPathLength,edges
1763,3,C(1763; 1; 275; 454),12,8.208853575482406,5289
1763,3,C(1763; 1; 468; 851),12,8.208853575482406,5289
1763,3,C(1763; 1; 578; 765),12,8.208853575482406,5289
