N,K,S,diameter,averageShortestPathLength,edges
1897,3,C(1897; 1; 70; 892),13,8.422995780590718,5691
1897,3,C(1897; 1; 217; 789),13,8.422995780590718,5691
