N,K,S,diameter,averageShortestPathLength,edges
1393,3,C(1393; 1; 69; 300),11,7.581896551724138,4179
1393,3,C(1393; 1; 153; 664),11,7.581896551724138,4179
1393,3,C(1393; 1; 323; 610),11,7.581896551724138,4179
