N,K,S,diameter,averageShortestPathLength,edges
1745,3,C(1745; 1; 319; 430),12,8.182339449541285,5235
1745,3,C(1745; 1; 800; 826),12,8.182339449541285,5235
