N,K,S,diameter,averageShortestPathLength,edges
1481,3,C(1481; 1; 36; 675),12,7.743243243243243,4443
1481,3,C(1481; 1; 288; 389),12,7.743243243243243,4443
1481,3,C(1481; 1; 316; 667),12,7.743243243243243,4443
