N,K,S,diameter,averageShortestPathLength,edges
1864,3,C(1864; 1; 77; 412),13,8.366612989801396,5592
1864,3,C(1864; 1; 581; 780),13,8.366612989801396,5592
