N,K,S,diameter,averageShortestPathLength,edges
1562,3,C(1562; 1; 38; 712),12,7.880845611787316,4686
1562,3,C(1562; 1; 84; 620),12,7.880845611787316,4686
