N,K,S,diameter,averageShortestPathLength,edges
1147,3,C(1147; 1; 158; 452),11,7.101221640488657,3441
1147,3,C(1147; 1; 196; 273),11,7.101221640488657,3441
1147,3,C(1147; 1; 236; 563),11,7.101221640488657,3441
