N,K,S,diameter,averageShortestPathLength,edges
1309,3,C(1309; 1; 40; 458),11,7.434250764525994,3927
1309,3,C(1309; 1; 54; 360),11,7.434250764525994,3927
1309,3,C(1309; 1; 443; 606),11,7.434250764525994,3927
