N,K,S,diameter,averageShortestPathLength,edges
1465,3,C(1465; 1; 108; 510),12,7.711748633879782,4395
1465,3,C(1465; 1; 312; 565),12,7.711748633879782,4395
