N,K,S,diameter,averageShortestPathLength,edges
1053,3,C(1053; 1; 18; 434),10,6.904942965779468,3159
1053,3,C(1053; 1; 148; 495),10,6.904942965779468,3159
