N,K,S,diameter,averageShortestPathLength,edges
1850,3,C(1850; 1; 121; 338),12,8.342347214710655,5550
1850,3,C(1850; 1; 278; 581),12,8.342347214710655,5550
