N,K,S,diameter,averageShortestPathLength,edges
1439,3,C(1439; 1; 36; 448),11,7.662030598052851,4317
1439,3,C(1439; 1; 40; 652),11,7.662030598052851,4317
1439,3,C(1439; 1; 106; 501),11,7.662030598052851,4317
