N,K,S,diameter,averageShortestPathLength,edges
1403,3,C(1403; 1; 23; 377),11,7.601997146932953,4209
1403,3,C(1403; 1; 35; 440),11,7.601997146932953,4209
1403,3,C(1403; 1; 169; 303),11,7.601997146932953,4209
1403,3,C(1403; 1; 213; 481),11,7.601997146932953,4209
1403,3,C(1403; 1; 253; 294),11,7.601997146932953,4209
