N,K,S,diameter,averageShortestPathLength,edges
1043,3,C(1043; 1; 39; 254),10,6.880998080614203,3129
1043,3,C(1043; 1; 60; 107),10,6.880998080614203,3129
1043,3,C(1043; 1; 193; 226),10,6.880998080614203,3129
