N,K,S,diameter,averageShortestPathLength,edges
1686,3,C(1686; 1; 38; 774),12,8.083086053412464,5058
1686,3,C(1686; 1; 268; 314),12,8.083086053412464,5058
