N,K,S,diameter,averageShortestPathLength,edges
1365,3,C(1365; 1; 36; 622),11,7.532258064516129,4095
1365,3,C(1365; 1; 57; 643),11,7.532258064516129,4095
