N,K,S,diameter,averageShortestPathLength,edges
1517,3,C(1517; 1; 293; 418),12,7.803430079155673,4551
1517,3,C(1517; 1; 321; 682),12,7.803430079155673,4551
1517,3,C(1517; 1; 323; 585),12,7.803430079155673,4551
