N,K,S,diameter,averageShortestPathLength,edges
1282,3,C(1282; 1; 136; 375),11,7.376268540202966,3846
1282,3,C(1282; 1; 147; 520),11,7.376268540202966,3846
1282,3,C(1282; 1; 446; 630),11,7.376268540202966,3846
