N,K,S,diameter,averageShortestPathLength,edges
1707,3,C(1707; 1; 40; 786),12,8.123094958968347,5121
1707,3,C(1707; 1; 105; 128),12,8.123094958968347,5121
