N,K,S,diameter,averageShortestPathLength,edges
1564,3,C(1564; 1; 302; 431),12,7.887396033269354,4692
1564,3,C(1564; 1; 479; 770),12,7.887396033269354,4692
