N,K,S,diameter,averageShortestPathLength,edges
1533,3,C(1533; 1; 64; 722),12,7.823759791122716,4599
1533,3,C(1533; 1; 155; 503),12,7.823759791122716,4599
1533,3,C(1533; 1; 155; 722),12,7.823759791122716,4599
