N,K,S,diameter,averageShortestPathLength,edges
1324,3,C(1324; 1; 134; 303),11,7.450491307634165,3972
1324,3,C(1324; 1; 201; 454),11,7.450491307634165,3972
