N,K,S,diameter,averageShortestPathLength,edges
1621,3,C(1621; 1; 160; 715),12,7.980246913580247,4863
1621,3,C(1621; 1; 167; 411),12,7.980246913580247,4863
1621,3,C(1621; 1; 170; 564),12,7.980246913580247,4863
1621,3,C(1621; 1; 331; 533),12,7.980246913580247,4863
1621,3,C(1621; 1; 618; 663),12,7.980246913580247,4863
1621,3,C(1621; 1; 677; 728),12,7.980246913580247,4863
