N,K,S,diameter,averageShortestPathLength,edges
1866,3,C(1866; 1; 102; 145),12,8.367292225201073,5598
1866,3,C(1866; 1; 168; 785),12,8.367292225201073,5598
