N,K,S,diameter,averageShortestPathLength,edges
1914,3,C(1914; 1; 108; 149),13,8.435441714584423,5742
1914,3,C(1914; 1; 167; 810),13,8.435441714584423,5742
