N,K,S,diameter,averageShortestPathLength,edges
1663,3,C(1663; 1; 163; 311),12,8.068592057761732,4989
1663,3,C(1663; 1; 385; 439),12,8.068592057761732,4989
1663,3,C(1663; 1; 447; 806),12,8.068592057761732,4989
