N,K,S,diameter,averageShortestPathLength,edges
1797,3,C(1797; 1; 75; 694),12,8.259465478841872,5391
1797,3,C(1797; 1; 826; 852),12,8.259465478841872,5391
