N,K,S,diameter,averageShortestPathLength,edges
1154,3,C(1154; 1; 149; 468),11,7.1188204683434515,3462
1154,3,C(1154; 1; 220; 395),11,7.1188204683434515,3462
