N,K,S,diameter,averageShortestPathLength,edges
1913,3,C(1913; 1; 293; 651),13,8.442468619246862,5739
1913,3,C(1913; 1; 526; 835),13,8.442468619246862,5739
1913,3,C(1913; 1; 740; 901),13,8.442468619246862,5739
