N,K,S,diameter,averageShortestPathLength,edges
1035,3,C(1035; 1; 141; 218),10,6.860735009671179,3105
1035,3,C(1035; 1; 213; 508),10,6.860735009671179,3105
