N,K,S,diameter,averageShortestPathLength,edges
1417,3,C(1417; 1; 65; 621),11,7.6341807909604515,4251
1417,3,C(1417; 1; 103; 445),12,7.6341807909604515,4251
1417,3,C(1417; 1; 121; 290),12,7.6341807909604515,4251
1417,3,C(1417; 1; 251; 689),11,7.6341807909604515,4251
1417,3,C(1417; 1; 454; 601),12,7.6341807909604515,4251
