N,K,S,diameter,averageShortestPathLength,edges
1082,3,C(1082; 1; 22; 205),10,6.968547641073081,3246
1082,3,C(1082; 1; 74; 95),10,6.968547641073081,3246
