N,K,S,diameter,averageShortestPathLength,edges
1010,3,C(1010; 1; 46; 473),10,6.8037661050545095,3030
1010,3,C(1010; 1; 363; 472),10,6.8037661050545095,3030
