N,K,S,diameter,averageShortestPathLength,edges
1809,3,C(1809; 1; 64; 853),12,8.2820796460177,5427
1809,3,C(1809; 1; 128; 424),12,8.2820796460177,5427
1809,3,C(1809; 1; 212; 562),12,8.2820796460177,5427
