N,K,S,diameter,averageShortestPathLength,edges
1955,3,C(1955; 1; 78; 761),13,8.49539406345957,5865
1955,3,C(1955; 1; 108; 149),13,8.49539406345957,5865
1955,3,C(1955; 1; 777; 887),13,8.49539406345957,5865
