N,K,S,diameter,averageShortestPathLength,edges
1924,3,C(1924; 1; 45; 886),13,8.455018200728029,5772
1924,3,C(1924; 1; 171; 490),13,8.455018200728029,5772
