N,K,S,diameter,averageShortestPathLength,edges
1387,3,C(1387; 1; 35; 493),11,7.578643578643579,4161
1387,3,C(1387; 1; 225; 588),11,7.578643578643579,4161
1387,3,C(1387; 1; 317; 450),11,7.578643578643579,4161
