N,K,S,diameter,averageShortestPathLength,edges
1075,3,C(1075; 1; 57; 305),11,6.960893854748603,3225
1075,3,C(1075; 1; 132; 485),11,6.960893854748603,3225
