N,K,S,diameter,averageShortestPathLength,edges
1051,3,C(1051; 1; 76; 346),10,6.902857142857143,3153
1051,3,C(1051; 1; 134; 346),10,6.902857142857143,3153
1051,3,C(1051; 1; 225; 404),10,6.902857142857143,3153
1051,3,C(1051; 1; 332; 400),10,6.902857142857143,3153
1051,3,C(1051; 1; 355; 484),10,6.902857142857143,3153
1051,3,C(1051; 1; 404; 516),10,6.902857142857143,3153
