N,K,S,diameter,averageShortestPathLength,edges
1204,3,C(1204; 1; 87; 326),11,7.217788861180383,3612
1204,3,C(1204; 1; 99; 322),11,7.217788861180383,3612
1204,3,C(1204; 1; 190; 429),11,7.217788861180383,3612
1204,3,C(1204; 1; 210; 377),11,7.217788861180383,3612
