N,K,S,diameter,averageShortestPathLength,edges
1221,3,C(1221; 1; 51; 575),11,7.240983606557377,3663
1221,3,C(1221; 1; 82; 105),11,7.240983606557377,3663
1221,3,C(1221; 1; 134; 582),11,7.240983606557377,3663
1221,3,C(1221; 1; 172; 225),11,7.240983606557377,3663
