N,K,S,diameter,averageShortestPathLength,edges
1773,3,C(1773; 1; 100; 138),12,8.22234762979684,5319
1773,3,C(1773; 1; 105; 656),12,8.22234762979684,5319
