N,K,S,diameter,averageShortestPathLength,edges
1677,3,C(1677; 1; 199; 612),12,8.070405727923628,5031
1677,3,C(1677; 1; 393; 809),12,8.070405727923628,5031
