N,K,S,diameter,averageShortestPathLength,edges
1217,3,C(1217; 1; 20; 327),11,7.2417763157894735,3651
1217,3,C(1217; 1; 41; 428),11,7.2417763157894735,3651
1217,3,C(1217; 1; 426; 564),11,7.2417763157894735,3651
