N,K,S,diameter,averageShortestPathLength,edges
1333,3,C(1333; 1; 66; 287),11,7.466966966966967,3999
1333,3,C(1333; 1; 101; 339),11,7.466966966966967,3999
1333,3,C(1333; 1; 232; 562),11,7.466966966966967,3999
