N,K,S,diameter,averageShortestPathLength,edges
1397,3,C(1397; 1; 23; 423),11,7.591690544412607,4191
1397,3,C(1397; 1; 35; 435),11,7.591690544412607,4191
1397,3,C(1397; 1; 167; 257),11,7.591690544412607,4191
1397,3,C(1397; 1; 185; 251),11,7.591690544412607,4191
1397,3,C(1397; 1; 212; 479),11,7.591690544412607,4191
1397,3,C(1397; 1; 243; 589),11,7.591690544412607,4191
