N,K,S,diameter,averageShortestPathLength,edges
1328,3,C(1328; 1; 19; 514),11,7.467219291635267,3984
1328,3,C(1328; 1; 602; 629),11,7.467219291635267,3984
