N,K,S,diameter,averageShortestPathLength,edges
1519,3,C(1519; 1; 38; 473),11,7.798418972332016,4557
1519,3,C(1519; 1; 40; 692),11,7.798418972332016,4557
1519,3,C(1519; 1; 83; 118),11,7.798418972332016,4557
1519,3,C(1519; 1; 90; 562),11,7.798418972332016,4557
1519,3,C(1519; 1; 183; 328),11,7.798418972332016,4557
1519,3,C(1519; 1; 477; 708),11,7.798418972332016,4557
