N,K,S,diameter,averageShortestPathLength,edges
1607,3,C(1607; 1; 246; 282),12,7.960149439601494,4821
1607,3,C(1607; 1; 416; 512),12,7.960149439601494,4821
1607,3,C(1607; 1; 430; 503),12,7.960149439601494,4821
