N,K,S,diameter,averageShortestPathLength,edges
1829,3,C(1829; 1; 73; 712),12,8.307439824945295,5487
1829,3,C(1829; 1; 280; 321),12,8.307439824945295,5487
1829,3,C(1829; 1; 451; 792),12,8.307439824945295,5487
1829,3,C(1829; 1; 474; 698),12,8.307439824945295,5487
1829,3,C(1829; 1; 477; 737),12,8.307439824945295,5487
1829,3,C(1829; 1; 602; 773),12,8.307439824945295,5487
