N,K,S,diameter,averageShortestPathLength,edges
1291,3,C(1291; 1; 54; 608),11,7.381395348837209,3873
1291,3,C(1291; 1; 180; 263),11,7.381395348837209,3873
1291,3,C(1291; 1; 208; 482),11,7.381395348837209,3873
