N,K,S,diameter,averageShortestPathLength,edges
1664,3,C(1664; 1; 126; 423),12,8.060733613950692,4992
1664,3,C(1664; 1; 535; 814),12,8.060733613950692,4992
