N,K,S,diameter,averageShortestPathLength,edges
1875,3,C(1875; 1; 26; 505),13,8.388473852721452,5625
1875,3,C(1875; 1; 380; 649),13,8.388473852721452,5625
