N,K,S,diameter,averageShortestPathLength,edges
1651,3,C(1651; 1; 132; 369),12,8.046060606060607,4953
1651,3,C(1651; 1; 354; 682),12,8.046060606060607,4953
1651,3,C(1651; 1; 431; 555),12,8.046060606060607,4953
1651,3,C(1651; 1; 434; 497),12,8.046060606060607,4953
1651,3,C(1651; 1; 475; 535),12,8.046060606060607,4953
1651,3,C(1651; 1; 485; 813),12,8.046060606060607,4953
