N,K,S,diameter,averageShortestPathLength,edges
1271,3,C(1271; 1; 310; 417),11,7.3527559055118115,3813
1271,3,C(1271; 1; 445; 589),11,7.3527559055118115,3813
