N,K,S,diameter,averageShortestPathLength,edges
1950,3,C(1950; 1; 138; 457),13,8.491021036428938,5850
1950,3,C(1950; 1; 516; 943),13,8.491021036428938,5850
