N,K,S,diameter,averageShortestPathLength,edges
1129,3,C(1129; 1; 38; 397),11,7.060283687943262,3387
1129,3,C(1129; 1; 71; 91),11,7.060283687943262,3387
1129,3,C(1129; 1; 159; 208),11,7.060283687943262,3387
