N,K,S,diameter,averageShortestPathLength,edges
1573,3,C(1573; 1; 88; 125),12,7.910941475826972,4719
1573,3,C(1573; 1; 151; 704),12,7.910941475826972,4719
