N,K,S,diameter,averageShortestPathLength,edges
1555,3,C(1555; 1; 73; 477),12,7.8751608751608755,4665
1555,3,C(1555; 1; 163; 541),12,7.8751608751608755,4665
1555,3,C(1555; 1; 213; 526),12,7.8751608751608755,4665
