N,K,S,diameter,averageShortestPathLength,edges
1845,3,C(1845; 1; 295; 859),13,8.335140997830802,5535
1845,3,C(1845; 1; 455; 799),13,8.335140997830802,5535
