N,K,S,diameter,averageShortestPathLength,edges
1691,3,C(1691; 1; 254; 531),12,8.112426035502958,5073
1691,3,C(1691; 1; 486; 657),12,8.112426035502958,5073
1691,3,C(1691; 1; 742; 767),12,8.112426035502958,5073
