N,K,S,diameter,averageShortestPathLength,edges
1574,3,C(1574; 1; 116; 548),12,7.885568976478067,4722
1574,3,C(1574; 1; 208; 378),12,7.885568976478067,4722
