N,K,S,diameter,averageShortestPathLength,edges
1540,3,C(1540; 1; 169; 734),12,7.838856400259909,4620
1540,3,C(1540; 1; 706; 729),12,7.838856400259909,4620
