N,K,S,diameter,averageShortestPathLength,edges
1790,3,C(1790; 1; 82; 141),12,8.248742314141978,5370
1790,3,C(1790; 1; 558; 749),12,8.248742314141978,5370
