N,K,S,diameter,averageShortestPathLength,edges
1833,3,C(1833; 1; 95; 135),12,8.323144104803493,5499
1833,3,C(1833; 1; 288; 328),12,8.323144104803493,5499
