N,K,S,diameter,averageShortestPathLength,edges
1884,3,C(1884; 1; 41; 592),12,8.399362719065321,5652
1884,3,C(1884; 1; 428; 919),12,8.399362719065321,5652
