N,K,S,diameter,averageShortestPathLength,edges
1499,3,C(1499; 1; 53; 407),12,7.7743658210947935,4497
1499,3,C(1499; 1; 198; 360),12,7.7743658210947935,4497
1499,3,C(1499; 1; 254; 674),12,7.7743658210947935,4497
