N,K,S,diameter,averageShortestPathLength,edges
1698,3,C(1698; 1; 260; 298),12,8.100176782557455,5094
1698,3,C(1698; 1; 440; 648),12,8.100176782557455,5094
