N,K,S,diameter,averageShortestPathLength,edges
1264,3,C(1264; 1; 77; 510),11,7.330166270783848,3792
1264,3,C(1264; 1; 197; 614),11,7.330166270783848,3792
