N,K,S,diameter,averageShortestPathLength,edges
1307,3,C(1307; 1; 167; 257),11,7.427258805513016,3921
1307,3,C(1307; 1; 178; 335),11,7.427258805513016,3921
1307,3,C(1307; 1; 180; 515),11,7.427258805513016,3921
