N,K,S,diameter,averageShortestPathLength,edges
1237,3,C(1237; 1; 145; 561),11,7.286407766990291,3711
1237,3,C(1237; 1; 235; 273),11,7.286407766990291,3711
1237,3,C(1237; 1; 379; 441),11,7.286407766990291,3711
