N,K,S,diameter,averageShortestPathLength,edges
1936,3,C(1936; 1; 75; 424),13,8.470801033591732,5808
1936,3,C(1936; 1; 413; 872),13,8.470801033591732,5808
