N,K,S,diameter,averageShortestPathLength,edges
1249,3,C(1249; 1; 57; 585),11,7.306089743589744,3747
1249,3,C(1249; 1; 76; 504),11,7.306089743589744,3747
1249,3,C(1249; 1; 378; 585),11,7.306089743589744,3747
