N,K,S,diameter,averageShortestPathLength,edges
1952,3,C(1952; 1; 79; 590),13,8.500256278831369,5856
1952,3,C(1952; 1; 462; 593),13,8.500256278831369,5856
