N,K,S,diameter,averageShortestPathLength,edges
1620,3,C(1620; 1; 214; 389),12,7.977764051883879,4860
1620,3,C(1620; 1; 329; 746),12,7.977764051883879,4860
1620,3,C(1620; 1; 430; 782),12,7.977764051883879,4860
