N,K,S,diameter,averageShortestPathLength,edges
1872,3,C(1872; 1; 95; 150),12,8.375734901122394,5616
1872,3,C(1872; 1; 294; 335),12,8.375734901122394,5616
