N,K,S,diameter,averageShortestPathLength,edges
1423,3,C(1423; 1; 112; 582),11,7.6455696202531644,4269
1423,3,C(1423; 1; 216; 488),11,7.6455696202531644,4269
1423,3,C(1423; 1; 347; 467),11,7.6455696202531644,4269
