N,K,S,diameter,averageShortestPathLength,edges
1577,3,C(1577; 1; 124; 645),12,7.9225888324873095,4731
1577,3,C(1577; 1; 142; 533),12,7.9225888324873095,4731
1577,3,C(1577; 1; 211; 496),12,7.9225888324873095,4731
