N,K,S,diameter,averageShortestPathLength,edges
1061,3,C(1061; 1; 48; 500),10,6.918867924528302,3183
1061,3,C(1061; 1; 68; 87),10,6.918867924528302,3183
1061,3,C(1061; 1; 78; 420),10,6.918867924528302,3183
