N,K,S,diameter,averageShortestPathLength,edges
1211,3,C(1211; 1; 154; 408),11,7.241322314049587,3633
1211,3,C(1211; 1; 315; 466),11,7.241322314049587,3633
