N,K,S,diameter,averageShortestPathLength,edges
1996,3,C(1996; 1; 22; 774),13,8.56641604010025,5988
1996,3,C(1996; 1; 736; 976),13,8.56641604010025,5988
