N,K,S,diameter,averageShortestPathLength,edges
1857,3,C(1857; 1; 110; 687),12,8.354525862068966,5571
1857,3,C(1857; 1; 287; 327),12,8.354525862068966,5571
