N,K,S,diameter,averageShortestPathLength,edges
1508,3,C(1508; 1; 158; 656),12,7.795620437956204,4524
1508,3,C(1508; 1; 272; 316),12,7.795620437956204,4524
