N,K,S,diameter,averageShortestPathLength,edges
1146,3,C(1146; 1; 310; 390),11,7.103056768558952,3438
1146,3,C(1146; 1; 447; 482),11,7.103056768558952,3438
