N,K,S,diameter,averageShortestPathLength,edges
1408,3,C(1408; 1; 82; 105),11,7.607675906183369,4224
1408,3,C(1408; 1; 254; 295),11,7.607675906183369,4224
