N,K,S,diameter,averageShortestPathLength,edges
1969,3,C(1969; 1; 76; 406),13,8.52540650406504,5907
1969,3,C(1969; 1; 252; 936),13,8.52540650406504,5907
1969,3,C(1969; 1; 285; 461),13,8.52540650406504,5907
