N,K,S,diameter,averageShortestPathLength,edges
1167,3,C(1167; 1; 23; 354),11,7.138936535162951,3501
1167,3,C(1167; 1; 203; 492),11,7.138936535162951,3501
