N,K,S,diameter,averageShortestPathLength,edges
1587,3,C(1587; 1; 290; 391),12,7.921815889029004,4761
1587,3,C(1587; 1; 368; 695),12,7.921815889029004,4761
