N,K,S,diameter,averageShortestPathLength,edges
1004,3,C(1004; 1; 86; 297),10,6.788634097706879,3012
1004,3,C(1004; 1; 311; 362),10,6.788634097706879,3012
