N,K,S,diameter,averageShortestPathLength,edges
1336,3,C(1336; 1; 22; 359),11,7.47565543071161,4008
1336,3,C(1336; 1; 521; 562),11,7.47565543071161,4008
