N,K,S,diameter,averageShortestPathLength,edges
1225,3,C(1225; 1; 186; 420),11,7.256535947712418,3675
1225,3,C(1225; 1; 191; 595),11,7.256535947712418,3675
