N,K,S,diameter,averageShortestPathLength,edges
1987,3,C(1987; 1; 313; 775),13,8.551863041289023,5961
1987,3,C(1987; 1; 582; 638),13,8.551863041289023,5961
1987,3,C(1987; 1; 626; 711),13,8.551863041289023,5961
