N,K,S,diameter,averageShortestPathLength,edges
1243,3,C(1243; 1; 59; 390),11,7.299516908212561,3729
1243,3,C(1243; 1; 85; 109),11,7.299516908212561,3729
1243,3,C(1243; 1; 117; 323),11,7.299516908212561,3729
1243,3,C(1243; 1; 183; 316),11,7.299516908212561,3729
1243,3,C(1243; 1; 358; 428),11,7.299516908212561,3729
1243,3,C(1243; 1; 360; 596),11,7.299516908212561,3729
1243,3,C(1243; 1; 390; 485),11,7.299516908212561,3729
1243,3,C(1243; 1; 558; 593),11,7.299516908212561,3729
1243,3,C(1243; 1; 559; 596),11,7.299516908212561,3729
