N,K,S,diameter,averageShortestPathLength,edges
1148,3,C(1148; 1; 42; 155),11,7.111595466434176,3444
1148,3,C(1148; 1; 98; 235),11,7.111595466434176,3444
1148,3,C(1148; 1; 237; 378),11,7.111595466434176,3444
1148,3,C(1148; 1; 322; 425),11,7.111595466434176,3444
