N,K,S,diameter,averageShortestPathLength,edges
1971,3,C(1971; 1; 172; 834),13,8.515736040609138,5913
1971,3,C(1971; 1; 424; 807),13,8.515736040609138,5913
