N,K,S,diameter,averageShortestPathLength,edges
1193,3,C(1193; 1; 35; 370),11,7.196308724832215,3579
1193,3,C(1193; 1; 145; 345),11,7.196308724832215,3579
1193,3,C(1193; 1; 181; 409),11,7.196308724832215,3579
