N,K,S,diameter,averageShortestPathLength,edges
1186,3,C(1186; 1; 40; 417),11,7.172151898734177,3558
1186,3,C(1186; 1; 136; 481),11,7.172151898734177,3558
1186,3,C(1186; 1; 219; 458),11,7.172151898734177,3558
1186,3,C(1186; 1; 380; 503),11,7.172151898734177,3558
