N,K,S,diameter,averageShortestPathLength,edges
1591,3,C(1591; 1; 91; 111),12,7.938364779874214,4773
1591,3,C(1591; 1; 296; 542),12,7.938364779874214,4773
