N,K,S,diameter,averageShortestPathLength,edges
1472,3,C(1472; 1; 278; 615),12,7.725356900067981,4416
1472,3,C(1472; 1; 314; 663),12,7.725356900067981,4416
