N,K,S,diameter,averageShortestPathLength,edges
1418,3,C(1418; 1; 288; 653),12,7.63302752293578,4254
1418,3,C(1418; 1; 400; 671),12,7.63302752293578,4254
