N,K,S,diameter,averageShortestPathLength,edges
1250,3,C(1250; 1; 32; 567),11,7.312249799839872,3750
1250,3,C(1250; 1; 97; 604),11,7.312249799839872,3750
