N,K,S,diameter,averageShortestPathLength,edges
1776,3,C(1776; 1; 97; 138),12,8.227042253521127,5328
1776,3,C(1776; 1; 438; 769),12,8.227042253521127,5328
