N,K,S,diameter,averageShortestPathLength,edges
1595,3,C(1595; 1; 59; 750),12,7.947302383939774,4785
1595,3,C(1595; 1; 555; 784),12,7.947302383939774,4785
