N,K,S,diameter,averageShortestPathLength,edges
1989,3,C(1989; 1; 318; 926),13,8.5523138832998,5967
1989,3,C(1989; 1; 687; 784),13,8.5523138832998,5967
