N,K,S,diameter,averageShortestPathLength,edges
1678,3,C(1678; 1; 62; 789),12,8.072152653548002,5034
1678,3,C(1678; 1; 151; 706),12,8.072152653548002,5034
