N,K,S,diameter,averageShortestPathLength,edges
1865,3,C(1865; 1; 250; 713),13,8.370171673819742,5595
1865,3,C(1865; 1; 275; 633),13,8.370171673819742,5595
