N,K,S,diameter,averageShortestPathLength,edges
1754,3,C(1754; 1; 260; 803),12,8.197946377638335,5262
1754,3,C(1754; 1; 557; 762),12,8.197946377638335,5262
