N,K,S,diameter,averageShortestPathLength,edges
1357,3,C(1357; 1; 68; 188),11,7.519174041297935,4071
1357,3,C(1357; 1; 144; 397),11,7.519174041297935,4071
1357,3,C(1357; 1; 459; 556),11,7.519174041297935,4071
