N,K,S,diameter,averageShortestPathLength,edges
1984,3,C(1984; 1; 203; 634),13,8.542107917297026,5952
1984,3,C(1984; 1; 466; 733),13,8.542107917297026,5952
