N,K,S,diameter,averageShortestPathLength,edges
1392,3,C(1392; 1; 72; 381),11,7.593817397555715,4176
1392,3,C(1392; 1; 218; 281),11,7.593817397555715,4176
1392,3,C(1392; 1; 298; 535),11,7.593817397555715,4176
