N,K,S,diameter,averageShortestPathLength,edges
1117,3,C(1117; 1; 75; 96),11,7.039426523297491,3351
1117,3,C(1117; 1; 128; 453),11,7.039426523297491,3351
1117,3,C(1117; 1; 180; 417),11,7.039426523297491,3351
