N,K,S,diameter,averageShortestPathLength,edges
1081,3,C(1081; 1; 198; 416),10,6.966666666666667,3243
1081,3,C(1081; 1; 202; 286),10,6.966666666666667,3243
1081,3,C(1081; 1; 223; 356),10,6.966666666666667,3243
