N,K,S,diameter,averageShortestPathLength,edges
1841,3,C(1841; 1; 319; 550),12,8.339130434782609,5523
1841,3,C(1841; 1; 681; 827),12,8.339130434782609,5523
1841,3,C(1841; 1; 699; 800),12,8.339130434782609,5523
