N,K,S,diameter,averageShortestPathLength,edges
1427,3,C(1427; 1; 25; 553),12,7.6563814866760165,4281
1427,3,C(1427; 1; 191; 449),12,7.6563814866760165,4281
1427,3,C(1427; 1; 650; 685),12,7.6563814866760165,4281
