N,K,S,diameter,averageShortestPathLength,edges
1992,3,C(1992; 1; 43; 918),13,8.551983927674536,5976
1992,3,C(1992; 1; 114; 139),13,8.551983927674536,5976
