N,K,S,diameter,averageShortestPathLength,edges
1076,3,C(1076; 1; 54; 149),11,6.955348837209303,3228
1076,3,C(1076; 1; 65; 282),11,6.955348837209303,3228
