N,K,S,diameter,averageShortestPathLength,edges
1999,3,C(1999; 1; 180; 841),12,8.554554554554555,5997
1999,3,C(1999; 1; 211; 460),12,8.554554554554555,5997
1999,3,C(1999; 1; 309; 352),12,8.554554554554555,5997
