N,K,S,diameter,averageShortestPathLength,edges
1856,3,C(1856; 1; 396; 836),12,8.350943396226414,5568
1856,3,C(1856; 1; 484; 748),12,8.350943396226414,5568
