N,K,S,diameter,averageShortestPathLength,edges
1737,3,C(1737; 1; 67; 822),12,8.15783410138249,5211
1737,3,C(1737; 1; 453; 700),12,8.15783410138249,5211
