N,K,S,diameter,averageShortestPathLength,edges
1915,3,C(1915; 1; 108; 149),12,8.438871473354231,5745
1915,3,C(1915; 1; 412; 784),12,8.438871473354231,5745
1915,3,C(1915; 1; 727; 832),12,8.438871473354231,5745
