N,K,S,diameter,averageShortestPathLength,edges
1600,3,C(1600; 1; 118; 557),12,7.952470293933708,4800
1600,3,C(1600; 1; 293; 626),12,7.952470293933708,4800
