N,K,S,diameter,averageShortestPathLength,edges
1962,3,C(1962; 1; 263; 750),13,8.50841407445181,5886
1962,3,C(1962; 1; 373; 816),13,8.50841407445181,5886
