N,K,S,diameter,averageShortestPathLength,edges
1954,3,C(1954; 1; 108; 149),13,8.498207885304659,5862
1954,3,C(1954; 1; 262; 747),13,8.498207885304659,5862
1954,3,C(1954; 1; 346; 429),13,8.498207885304659,5862
1954,3,C(1954; 1; 459; 722),13,8.498207885304659,5862
1954,3,C(1954; 1; 482; 665),13,8.498207885304659,5862
1954,3,C(1954; 1; 497; 704),13,8.498207885304659,5862
