N,K,S,diameter,averageShortestPathLength,edges
1990,3,C(1990; 1; 353; 890),13,8.555555555555555,5970
1990,3,C(1990; 1; 513; 860),13,8.555555555555555,5970
