N,K,S,diameter,averageShortestPathLength,edges
1311,3,C(1311; 1; 224; 312),11,7.425954198473282,3933
1311,3,C(1311; 1; 420; 556),11,7.425954198473282,3933
