N,K,S,diameter,averageShortestPathLength,edges
1759,3,C(1759; 1; 180; 562),13,8.203640500568829,5277
1759,3,C(1759; 1; 241; 595),13,8.203640500568829,5277
1759,3,C(1759; 1; 609; 772),13,8.203640500568829,5277
