N,K,S,diameter,averageShortestPathLength,edges
1907,3,C(1907; 1; 113; 929),13,8.432318992654775,5721
1907,3,C(1907; 1; 135; 447),13,8.432318992654775,5721
1907,3,C(1907; 1; 657; 934),13,8.432318992654775,5721
