N,K,S,diameter,averageShortestPathLength,edges
1159,3,C(1159; 1; 49; 181),11,7.13126079447323,3477
1159,3,C(1159; 1; 51; 141),11,7.13126079447323,3477
1159,3,C(1159; 1; 51; 544),11,7.13126079447323,3477
1159,3,C(1159; 1; 99; 411),11,7.13126079447323,3477
1159,3,C(1159; 1; 250; 397),11,7.13126079447323,3477
1159,3,C(1159; 1; 250; 480),11,7.13126079447323,3477
