N,K,S,diameter,averageShortestPathLength,edges
1819,3,C(1819; 1; 24; 488),13,8.2992299229923,5457
1819,3,C(1819; 1; 41; 835),13,8.2992299229923,5457
1819,3,C(1819; 1; 379; 586),13,8.2992299229923,5457
