N,K,S,diameter,averageShortestPathLength,edges
1970,3,C(1970; 1; 231; 612),13,8.518537328593194,5910
1970,3,C(1970; 1; 412; 759),13,8.518537328593194,5910
