N,K,S,diameter,averageShortestPathLength,edges
1219,3,C(1219; 1; 185; 418),11,7.2430213464696225,3657
1219,3,C(1219; 1; 190; 592),11,7.2430213464696225,3657
1219,3,C(1219; 1; 369; 571),11,7.2430213464696225,3657
