N,K,S,diameter,averageShortestPathLength,edges
1018,3,C(1018; 1; 129; 472),10,6.823992133726647,3054
1018,3,C(1018; 1; 312; 363),10,6.823992133726647,3054
