N,K,S,diameter,averageShortestPathLength,edges
1982,3,C(1982; 1; 469; 602),13,8.539626451287228,5946
1982,3,C(1982; 1; 617; 800),13,8.539626451287228,5946
