N,K,S,diameter,averageShortestPathLength,edges
1501,3,C(1501; 1; 234; 729),11,7.782666666666667,4503
1501,3,C(1501; 1; 263; 401),11,7.782666666666667,4503
1501,3,C(1501; 1; 408; 733),11,7.782666666666667,4503
