N,K,S,diameter,averageShortestPathLength,edges
1488,3,C(1488; 1; 388; 491),12,7.763281775386685,4464
1488,3,C(1488; 1; 397; 716),12,7.763281775386685,4464
