N,K,S,diameter,averageShortestPathLength,edges
1315,3,C(1315; 1; 133; 301),11,7.43531202435312,3945
1315,3,C(1315; 1; 398; 616),11,7.43531202435312,3945
1315,3,C(1315; 1; 413; 613),11,7.43531202435312,3945
