N,K,S,diameter,averageShortestPathLength,edges
1959,3,C(1959; 1; 171; 829),13,8.500510725229827,5877
1959,3,C(1959; 1; 397; 678),13,8.500510725229827,5877
