N,K,S,diameter,averageShortestPathLength,edges
1827,3,C(1827; 1; 384; 701),12,8.302300109529025,5481
1827,3,C(1827; 1; 393; 748),12,8.302300109529025,5481
