N,K,S,diameter,averageShortestPathLength,edges
1614,3,C(1614; 1; 119; 562),12,7.966522008679479,4842
1614,3,C(1614; 1; 217; 710),12,7.966522008679479,4842
