N,K,S,diameter,averageShortestPathLength,edges
1022,3,C(1022; 1; 30; 317),10,6.83741429970617,3066
1022,3,C(1022; 1; 174; 403),10,6.83741429970617,3066
