N,K,S,diameter,averageShortestPathLength,edges
1843,3,C(1843; 1; 77; 868),13,8.339847991313789,5529
1843,3,C(1843; 1; 155; 877),13,8.339847991313789,5529
1843,3,C(1843; 1; 742; 849),13,8.339847991313789,5529
