N,K,S,diameter,averageShortestPathLength,edges
1487,3,C(1487; 1; 88; 287),12,7.761776581426648,4461
1487,3,C(1487; 1; 284; 659),12,7.761776581426648,4461
1487,3,C(1487; 1; 466; 715),12,7.761776581426648,4461
