N,K,S,diameter,averageShortestPathLength,edges
1961,3,C(1961; 1; 107; 801),13,8.51734693877551,5883
1961,3,C(1961; 1; 524; 953),13,8.51734693877551,5883
1961,3,C(1961; 1; 857; 945),13,8.51734693877551,5883
