N,K,S,diameter,averageShortestPathLength,edges
1300,3,C(1300; 1; 46; 353),11,7.404157043879907,3900
1300,3,C(1300; 1; 383; 582),11,7.404157043879907,3900
