N,K,S,diameter,averageShortestPathLength,edges
1722,3,C(1722; 1; 155; 582),12,8.140034863451481,5166
1722,3,C(1722; 1; 174; 811),12,8.140034863451481,5166
