N,K,S,diameter,averageShortestPathLength,edges
1304,3,C(1304; 1; 82; 105),11,7.417498081350729,3912
1304,3,C(1304; 1; 274; 385),11,7.417498081350729,3912
