N,K,S,diameter,averageShortestPathLength,edges
1497,3,C(1497; 1; 202; 453),12,7.774064171122995,4491
1497,3,C(1497; 1; 435; 541),12,7.774064171122995,4491
