N,K,S,diameter,averageShortestPathLength,edges
1235,3,C(1235; 1; 39; 168),11,7.280388978930308,3705
1235,3,C(1235; 1; 272; 507),11,7.280388978930308,3705
