N,K,S,diameter,averageShortestPathLength,edges
1280,3,C(1280; 1; 269; 378),11,7.36903831118061,3840
1280,3,C(1280; 1; 482; 571),11,7.36903831118061,3840
