N,K,S,diameter,averageShortestPathLength,edges
1313,3,C(1313; 1; 93; 255),11,7.4435975609756095,3939
1313,3,C(1313; 1; 185; 242),11,7.4435975609756095,3939
1313,3,C(1313; 1; 240; 511),11,7.4435975609756095,3939
