N,K,S,diameter,averageShortestPathLength,edges
1874,3,C(1874; 1; 245; 918),13,8.380672717565403,5622
1874,3,C(1874; 1; 394; 719),13,8.380672717565403,5622
