N,K,S,diameter,averageShortestPathLength,edges
1441,3,C(1441; 1; 36; 452),11,7.670833333333333,4323
1441,3,C(1441; 1; 40; 653),11,7.670833333333333,4323
1441,3,C(1441; 1; 373; 459),11,7.670833333333333,4323
