N,K,S,diameter,averageShortestPathLength,edges
1768,3,C(1768; 1; 280; 397),12,8.226372382569327,5304
1768,3,C(1768; 1; 717; 792),12,8.226372382569327,5304
