N,K,S,diameter,averageShortestPathLength,edges
1057,3,C(1057; 1; 168; 270),10,6.9147727272727275,3171
1057,3,C(1057; 1; 184; 259),10,6.9147727272727275,3171
