N,K,S,diameter,averageShortestPathLength,edges
1896,3,C(1896; 1; 67; 894),13,8.417414248021108,5688
1896,3,C(1896; 1; 283; 834),13,8.417414248021108,5688
