N,K,S,diameter,averageShortestPathLength,edges
1040,3,C(1040; 1; 47; 490),10,6.874879692011549,3120
1040,3,C(1040; 1; 177; 410),10,6.874879692011549,3120
