N,K,S,diameter,averageShortestPathLength,edges
1052,3,C(1052; 1; 35; 480),10,6.891531874405328,3156
1052,3,C(1052; 1; 164; 511),10,6.891531874405328,3156
