N,K,S,diameter,averageShortestPathLength,edges
1085,3,C(1085; 1; 36; 495),10,6.96309963099631,3255
1085,3,C(1085; 1; 211; 285),10,6.96309963099631,3255
