N,K,S,diameter,averageShortestPathLength,edges
1831,3,C(1831; 1; 71; 401),12,8.318032786885245,5493
1831,3,C(1831; 1; 242; 703),12,8.318032786885245,5493
1831,3,C(1831; 1; 490; 573),12,8.318032786885245,5493
