N,K,S,diameter,averageShortestPathLength,edges
1581,3,C(1581; 1; 37; 728),12,7.9189873417721515,4743
1581,3,C(1581; 1; 50; 215),12,7.9189873417721515,4743
1581,3,C(1581; 1; 470; 664),12,7.9189873417721515,4743
