N,K,S,diameter,averageShortestPathLength,edges
1956,3,C(1956; 1; 108; 149),12,8.50537084398977,5868
1956,3,C(1956; 1; 132; 617),12,8.50537084398977,5868
