N,K,S,diameter,averageShortestPathLength,edges
1688,3,C(1688; 1; 226; 531),12,8.091879075281565,5064
1688,3,C(1688; 1; 366; 693),12,8.091879075281565,5064
