N,K,S,diameter,averageShortestPathLength,edges
1823,3,C(1823; 1; 24; 489),12,8.300768386388585,5469
1823,3,C(1823; 1; 76; 704),12,8.300768386388585,5469
1823,3,C(1823; 1; 246; 466),12,8.300768386388585,5469
