N,K,S,diameter,averageShortestPathLength,edges
1966,3,C(1966; 1; 103; 142),13,8.513486005089058,5898
1966,3,C(1966; 1; 439; 574),13,8.513486005089058,5898
