N,K,S,diameter,averageShortestPathLength,edges
1825,3,C(1825; 1; 103; 142),12,8.301535087719298,5475
1825,3,C(1825; 1; 214; 567),12,8.301535087719298,5475
1825,3,C(1825; 1; 347; 759),12,8.301535087719298,5475
