N,K,S,diameter,averageShortestPathLength,edges
1765,3,C(1765; 1; 102; 145),12,8.21655328798186,5295
1765,3,C(1765; 1; 398; 535),12,8.21655328798186,5295
