N,K,S,diameter,averageShortestPathLength,edges
1222,3,C(1222; 1; 82; 105),11,7.261261261261262,3666
1222,3,C(1222; 1; 360; 547),11,7.261261261261262,3666
