N,K,S,diameter,averageShortestPathLength,edges
1528,3,C(1528; 1; 286; 633),12,7.823837590045842,4584
1528,3,C(1528; 1; 686; 729),12,7.823837590045842,4584
