N,K,S,diameter,averageShortestPathLength,edges
1192,3,C(1192; 1; 75; 96),11,7.18975650713686,3576
1192,3,C(1192; 1; 192; 445),11,7.18975650713686,3576
