N,K,S,diameter,averageShortestPathLength,edges
1973,3,C(1973; 1; 49; 211),13,8.535496957403652,5919
1973,3,C(1973; 1; 75; 243),13,8.535496957403652,5919
1973,3,C(1973; 1; 234; 720),13,8.535496957403652,5919
1973,3,C(1973; 1; 240; 342),13,8.535496957403652,5919
1973,3,C(1973; 1; 544; 633),13,8.535496957403652,5919
1973,3,C(1973; 1; 604; 801),13,8.535496957403652,5919
