N,K,S,diameter,averageShortestPathLength,edges
1352,3,C(1352; 1; 171; 232),11,7.5055514433752775,4056
1352,3,C(1352; 1; 253; 560),11,7.5055514433752775,4056
