N,K,S,diameter,averageShortestPathLength,edges
1083,3,C(1083; 1; 122; 378),10,6.970425138632162,3249
1083,3,C(1083; 1; 423; 506),10,6.970425138632162,3249
