N,K,S,diameter,averageShortestPathLength,edges
1513,3,C(1513; 1; 109; 509),12,7.813492063492063,4539
1513,3,C(1513; 1; 199; 583),12,7.813492063492063,4539
1513,3,C(1513; 1; 324; 517),12,7.813492063492063,4539
