N,K,S,diameter,averageShortestPathLength,edges
1511,3,C(1511; 1; 209; 331),12,7.801324503311259,4533
1511,3,C(1511; 1; 298; 535),12,7.801324503311259,4533
1511,3,C(1511; 1; 360; 703),12,7.801324503311259,4533
