N,K,S,diameter,averageShortestPathLength,edges
1934,3,C(1934; 1; 120; 933),13,8.470253491981376,5802
1934,3,C(1934; 1; 224; 711),13,8.470253491981376,5802
