N,K,S,diameter,averageShortestPathLength,edges
1255,3,C(1255; 1; 21; 290),11,7.32695374800638,3765
1255,3,C(1255; 1; 120; 317),11,7.32695374800638,3765
1255,3,C(1255; 1; 230; 483),11,7.32695374800638,3765
1255,3,C(1255; 1; 239; 285),11,7.32695374800638,3765
