N,K,S,diameter,averageShortestPathLength,edges
1877,3,C(1877; 1; 308; 426),13,8.391257995735607,5631
1877,3,C(1877; 1; 518; 818),13,8.391257995735607,5631
1877,3,C(1877; 1; 810; 868),13,8.391257995735607,5631
