N,K,S,diameter,averageShortestPathLength,edges
1975,3,C(1975; 1; 585; 831),13,8.52482269503546,5925
1975,3,C(1975; 1; 785; 896),13,8.52482269503546,5925
