N,K,S,diameter,averageShortestPathLength,edges
1981,3,C(1981; 1; 102; 434),13,8.544444444444444,5943
1981,3,C(1981; 1; 315; 369),13,8.544444444444444,5943
