N,K,S,diameter,averageShortestPathLength,edges
1296,3,C(1296; 1; 121; 508),11,7.408494208494209,3888
1296,3,C(1296; 1; 407; 604),11,7.408494208494209,3888
