N,K,S,diameter,averageShortestPathLength,edges
1920,3,C(1920; 1; 294; 337),13,8.445544554455445,5760
1920,3,C(1920; 1; 433; 582),13,8.445544554455445,5760
