N,K,S,diameter,averageShortestPathLength,edges
1492,3,C(1492; 1; 134; 514),12,7.766599597585513,4476
1492,3,C(1492; 1; 210; 552),12,7.766599597585513,4476
