N,K,S,diameter,averageShortestPathLength,edges
1252,3,C(1252; 1; 22; 338),11,7.315747402078338,3756
1252,3,C(1252; 1; 122; 194),11,7.315747402078338,3756
