N,K,S,diameter,averageShortestPathLength,edges
1685,3,C(1685; 1; 41; 768),12,8.086698337292162,5055
1685,3,C(1685; 1; 147; 713),12,8.086698337292162,5055
1685,3,C(1685; 1; 411; 553),12,8.086698337292162,5055
