N,K,S,diameter,averageShortestPathLength,edges
1262,3,C(1262; 1; 148; 329),11,7.331482950039651,3786
1262,3,C(1262; 1; 176; 257),11,7.331482950039651,3786
