N,K,S,diameter,averageShortestPathLength,edges
1911,3,C(1911; 1; 100; 138),12,8.427225130890053,5733
1911,3,C(1911; 1; 172; 804),12,8.427225130890053,5733
