N,K,S,diameter,averageShortestPathLength,edges
1675,3,C(1675; 1; 67; 160),12,8.076463560334528,5025
1675,3,C(1675; 1; 70; 789),12,8.076463560334528,5025
1675,3,C(1675; 1; 259; 295),12,8.076463560334528,5025
