N,K,S,diameter,averageShortestPathLength,edges
1906,3,C(1906; 1; 102; 767),13,8.43517060367454,5718
1906,3,C(1906; 1; 497; 768),13,8.43517060367454,5718
