N,K,S,diameter,averageShortestPathLength,edges
1942,3,C(1942; 1; 81; 750),13,8.482740855229263,5826
1942,3,C(1942; 1; 710; 959),13,8.482740855229263,5826
