N,K,S,diameter,averageShortestPathLength,edges
1258,3,C(1258; 1; 35; 570),11,7.317422434367542,3774
1258,3,C(1258; 1; 196; 611),11,7.317422434367542,3774
