N,K,S,diameter,averageShortestPathLength,edges
1232,3,C(1232; 1; 144; 167),11,7.278635255889521,3696
1232,3,C(1232; 1; 368; 391),11,7.278635255889521,3696
