N,K,S,diameter,averageShortestPathLength,edges
1236,3,C(1236; 1; 114; 363),11,7.28663967611336,3708
1236,3,C(1236; 1; 147; 478),11,7.28663967611336,3708
