N,K,S,diameter,averageShortestPathLength,edges
1425,3,C(1425; 1; 186; 656),12,7.644662921348314,4275
1425,3,C(1425; 1; 369; 454),12,7.644662921348314,4275
