N,K,S,diameter,averageShortestPathLength,edges
1115,3,C(1115; 1; 194; 273),10,7.0341113105924595,3345
1115,3,C(1115; 1; 352; 546),10,7.0341113105924595,3345
1115,3,C(1115; 1; 388; 548),10,7.0341113105924595,3345
