N,K,S,diameter,averageShortestPathLength,edges
1947,3,C(1947; 1; 313; 915),13,8.496402877697841,5841
1947,3,C(1947; 1; 513; 790),13,8.496402877697841,5841
