N,K,S,diameter,averageShortestPathLength,edges
1816,3,C(1816; 1; 67; 854),13,8.292561983471074,5448
1816,3,C(1816; 1; 338; 515),13,8.292561983471074,5448
