N,K,S,diameter,averageShortestPathLength,edges
1506,3,C(1506; 1; 180; 277),11,7.785382059800664,4518
1506,3,C(1506; 1; 473; 702),11,7.785382059800664,4518
