N,K,S,diameter,averageShortestPathLength,edges
1909,3,C(1909; 1; 138; 769),13,8.435010482180294,5727
1909,3,C(1909; 1; 283; 874),13,8.435010482180294,5727
