N,K,S,diameter,averageShortestPathLength,edges
1813,3,C(1813; 1; 70; 858),12,8.29028697571744,5439
1813,3,C(1813; 1; 243; 693),12,8.29028697571744,5439
