N,K,S,diameter,averageShortestPathLength,edges
1626,3,C(1626; 1; 100; 122),12,7.990153846153846,4878
1626,3,C(1626; 1; 314; 448),12,7.990153846153846,4878
