N,K,S,diameter,averageShortestPathLength,edges
1384,3,C(1384; 1; 66; 545),11,7.566160520607375,4152
1384,3,C(1384; 1; 193; 282),11,7.566160520607375,4152
