N,K,S,diameter,averageShortestPathLength,edges
1977,3,C(1977; 1; 109; 737),13,8.538461538461538,5931
1977,3,C(1977; 1; 170; 526),13,8.538461538461538,5931
1977,3,C(1977; 1; 314; 904),13,8.538461538461538,5931
