N,K,S,diameter,averageShortestPathLength,edges
1345,3,C(1345; 1; 102; 342),11,7.489583333333333,4035
1345,3,C(1345; 1; 234; 567),11,7.489583333333333,4035
1345,3,C(1345; 1; 468; 661),11,7.489583333333333,4035
