N,K,S,diameter,averageShortestPathLength,edges
1806,3,C(1806; 1; 330; 445),12,8.270914127423822,5418
1806,3,C(1806; 1; 366; 625),12,8.270914127423822,5418
