N,K,S,diameter,averageShortestPathLength,edges
1514,3,C(1514; 1; 75; 326),12,7.80039656311963,4542
1514,3,C(1514; 1; 323; 682),12,7.80039656311963,4542
