N,K,S,diameter,averageShortestPathLength,edges
1820,3,C(1820; 1; 113; 878),12,8.301814183617372,5460
1820,3,C(1820; 1; 346; 757),12,8.301814183617372,5460
