N,K,S,diameter,averageShortestPathLength,edges
1063,3,C(1063; 1; 45; 166),10,6.930320150659134,3189
1063,3,C(1063; 1; 189; 516),10,6.930320150659134,3189
1063,3,C(1063; 1; 365; 480),10,6.930320150659134,3189
