N,K,S,diameter,averageShortestPathLength,edges
1787,3,C(1787; 1; 68; 220),12,8.247480403135498,5361
1787,3,C(1787; 1; 207; 657),12,8.247480403135498,5361
1787,3,C(1787; 1; 463; 682),12,8.247480403135498,5361
