N,K,S,diameter,averageShortestPathLength,edges
1669,3,C(1669; 1; 69; 369),12,8.056354916067146,5007
1669,3,C(1669; 1; 258; 294),12,8.056354916067146,5007
1669,3,C(1669; 1; 387; 731),12,8.056354916067146,5007
