N,K,S,diameter,averageShortestPathLength,edges
1496,3,C(1496; 1; 161; 458),12,7.7672240802675585,4488
1496,3,C(1496; 1; 223; 406),12,7.7672240802675585,4488
