N,K,S,diameter,averageShortestPathLength,edges
1177,3,C(1177; 1; 43; 159),11,7.153061224489796,3531
1177,3,C(1177; 1; 59; 163),11,7.153061224489796,3531
1177,3,C(1177; 1; 152; 556),11,7.153061224489796,3531
1177,3,C(1177; 1; 207; 570),11,7.153061224489796,3531
1177,3,C(1177; 1; 219; 489),11,7.153061224489796,3531
1177,3,C(1177; 1; 302; 399),11,7.153061224489796,3531
