N,K,S,diameter,averageShortestPathLength,edges
1507,3,C(1507; 1; 53; 563),12,7.794156706507304,4521
1507,3,C(1507; 1; 241; 621),12,7.794156706507304,4521
1507,3,C(1507; 1; 494; 654),12,7.794156706507304,4521
