N,K,S,diameter,averageShortestPathLength,edges
1530,3,C(1530; 1; 59; 724),12,7.81948986265533,4590
1530,3,C(1530; 1; 116; 389),12,7.81948986265533,4590
