N,K,S,diameter,averageShortestPathLength,edges
1735,3,C(1735; 1; 67; 821),12,8.163783160322954,5205
1735,3,C(1735; 1; 188; 541),12,8.163783160322954,5205
1735,3,C(1735; 1; 323; 492),12,8.163783160322954,5205
