N,K,S,diameter,averageShortestPathLength,edges
1198,3,C(1198; 1; 82; 105),11,7.193817878028405,3594
1198,3,C(1198; 1; 165; 472),11,7.193817878028405,3594
1198,3,C(1198; 1; 167; 244),11,7.193817878028405,3594
1198,3,C(1198; 1; 216; 251),11,7.193817878028405,3594
