N,K,S,diameter,averageShortestPathLength,edges
1860,3,C(1860; 1; 188; 876),12,8.356643356643357,5580
1860,3,C(1860; 1; 340; 724),12,8.356643356643357,5580
