N,K,S,diameter,averageShortestPathLength,edges
1322,3,C(1322; 1; 26; 401),11,7.4504163512490535,3966
1322,3,C(1322; 1; 66; 511),11,7.4504163512490535,3966
