N,K,S,diameter,averageShortestPathLength,edges
1862,3,C(1862; 1; 272; 647),13,8.365932294465342,5586
1862,3,C(1862; 1; 495; 576),13,8.365932294465342,5586
