N,K,S,diameter,averageShortestPathLength,edges
1980,3,C(1980; 1; 239; 670),13,8.544214249621021,5940
1980,3,C(1980; 1; 370; 961),13,8.544214249621021,5940
