N,K,S,diameter,averageShortestPathLength,edges
1781,3,C(1781; 1; 69; 390),12,8.243820224719101,5343
1781,3,C(1781; 1; 413; 780),12,8.243820224719101,5343
