N,K,S,diameter,averageShortestPathLength,edges
1998,3,C(1998; 1; 155; 658),13,8.562343515272909,5994
1998,3,C(1998; 1; 202; 941),13,8.562343515272909,5994
