N,K,S,diameter,averageShortestPathLength,edges
1779,3,C(1779; 1; 95; 135),12,8.23734533183352,5337
1779,3,C(1779; 1; 206; 654),12,8.23734533183352,5337
