N,K,S,diameter,averageShortestPathLength,edges
1937,3,C(1937; 1; 221; 290),13,8.475206611570249,5811
1937,3,C(1937; 1; 354; 754),13,8.475206611570249,5811
