N,K,S,diameter,averageShortestPathLength,edges
1786,3,C(1786; 1; 260; 571),13,8.24705882352941,5358
1786,3,C(1786; 1; 500; 685),13,8.24705882352941,5358
