N,K,S,diameter,averageShortestPathLength,edges
1792,3,C(1792; 1; 86; 148),12,8.254048017867113,5376
1792,3,C(1792; 1; 442; 776),12,8.254048017867113,5376
