N,K,S,diameter,averageShortestPathLength,edges
1445,3,C(1445; 1; 88; 583),11,7.67174515235457,4335
1445,3,C(1445; 1; 174; 312),11,7.67174515235457,4335
1445,3,C(1445; 1; 191; 347),11,7.67174515235457,4335
