N,K,S,diameter,averageShortestPathLength,edges
1405,3,C(1405; 1; 64; 658),11,7.605413105413105,4215
1405,3,C(1405; 1; 142; 461),11,7.605413105413105,4215
1405,3,C(1405; 1; 188; 442),11,7.605413105413105,4215
