N,K,S,diameter,averageShortestPathLength,edges
1782,3,C(1782; 1; 241; 782),13,8.243121841661988,5346
1782,3,C(1782; 1; 769; 824),13,8.243121841661988,5346
