N,K,S,diameter,averageShortestPathLength,edges
1444,3,C(1444; 1; 146; 680),11,7.6819126819126815,4332
1444,3,C(1444; 1; 264; 562),11,7.6819126819126815,4332
