N,K,S,diameter,averageShortestPathLength,edges
1921,3,C(1921; 1; 429; 561),13,8.459375,5763
1921,3,C(1921; 1; 442; 506),13,8.459375,5763
