N,K,S,diameter,averageShortestPathLength,edges
1334,3,C(1334; 1; 114; 273),11,7.471867966991748,4002
1334,3,C(1334; 1; 215; 498),11,7.471867966991748,4002
