N,K,S,diameter,averageShortestPathLength,edges
1168,3,C(1168; 1; 250; 449),11,7.1422450728363325,3504
1168,3,C(1168; 1; 385; 474),11,7.1422450728363325,3504
