N,K,S,diameter,averageShortestPathLength,edges
1812,3,C(1812; 1; 83; 794),13,8.286581998895638,5436
1812,3,C(1812; 1; 131; 730),13,8.286581998895638,5436
