N,K,S,diameter,averageShortestPathLength,edges
1716,3,C(1716; 1; 230; 656),12,8.139941690962099,5148
1716,3,C(1716; 1; 310; 532),12,8.139941690962099,5148
1716,3,C(1716; 1; 403; 634),12,8.139941690962099,5148
