N,K,S,diameter,averageShortestPathLength,edges
1613,3,C(1613; 1; 67; 510),12,7.9665012406947895,4839
1613,3,C(1613; 1; 136; 566),12,7.9665012406947895,4839
1613,3,C(1613; 1; 351; 660),12,7.9665012406947895,4839
1613,3,C(1613; 1; 522; 602),12,7.9665012406947895,4839
1613,3,C(1613; 1; 545; 652),12,7.9665012406947895,4839
1613,3,C(1613; 1; 650; 778),12,7.9665012406947895,4839
