N,K,S,diameter,averageShortestPathLength,edges
1557,3,C(1557; 1; 90; 128),12,7.876606683804627,4671
1557,3,C(1557; 1; 171; 742),12,7.876606683804627,4671
