N,K,S,diameter,averageShortestPathLength,edges
1680,3,C(1680; 1; 197; 762),12,8.066110780226325,5040
1680,3,C(1680; 1; 307; 414),12,8.066110780226325,5040
