N,K,S,diameter,averageShortestPathLength,edges
1523,3,C(1523; 1; 265; 642),12,7.821287779237845,4569
1523,3,C(1523; 1; 325; 686),12,7.821287779237845,4569
1523,3,C(1523; 1; 353; 500),12,7.821287779237845,4569
