N,K,S,diameter,averageShortestPathLength,edges
1269,3,C(1269; 1; 25; 385),11,7.354889589905363,3807
1269,3,C(1269; 1; 168; 228),11,7.354889589905363,3807
1269,3,C(1269; 1; 203; 523),11,7.354889589905363,3807
1269,3,C(1269; 1; 478; 590),11,7.354889589905363,3807
