N,K,S,diameter,averageShortestPathLength,edges
1898,3,C(1898; 1; 43; 492),13,8.420137058513442,5694
1898,3,C(1898; 1; 188; 309),13,8.420137058513442,5694
