N,K,S,diameter,averageShortestPathLength,edges
1979,3,C(1979; 1; 351; 885),13,8.529828109201214,5937
1979,3,C(1979; 1; 488; 857),13,8.529828109201214,5937
1979,3,C(1979; 1; 606; 953),13,8.529828109201214,5937
