N,K,S,diameter,averageShortestPathLength,edges
1203,3,C(1203; 1; 60; 465),11,7.21630615640599,3609
1203,3,C(1203; 1; 213; 585),11,7.21630615640599,3609
1203,3,C(1203; 1; 217; 252),11,7.21630615640599,3609
1203,3,C(1203; 1; 234; 316),11,7.21630615640599,3609
