N,K,S,diameter,averageShortestPathLength,edges
1303,3,C(1303; 1; 82; 105),11,7.405529953917051,3909
1303,3,C(1303; 1; 143; 621),11,7.405529953917051,3909
1303,3,C(1303; 1; 235; 273),11,7.405529953917051,3909
