N,K,S,diameter,averageShortestPathLength,edges
1586,3,C(1586; 1; 210; 285),12,7.917981072555205,4758
1586,3,C(1586; 1; 729; 752),12,7.917981072555205,4758
