N,K,S,diameter,averageShortestPathLength,edges
1544,3,C(1544; 1; 57; 726),12,7.852883992222942,4632
1544,3,C(1544; 1; 94; 623),12,7.852883992222942,4632
