N,K,S,diameter,averageShortestPathLength,edges
1295,3,C(1295; 1; 241; 538),11,7.400309119010819,3885
1295,3,C(1295; 1; 272; 493),11,7.400309119010819,3885
1295,3,C(1295; 1; 373; 446),11,7.400309119010819,3885
