N,K,S,diameter,averageShortestPathLength,edges
1505,3,C(1505; 1; 38; 535),11,7.777925531914893,4515
1505,3,C(1505; 1; 198; 580),11,7.777925531914893,4515
