N,K,S,diameter,averageShortestPathLength,edges
1852,3,C(1852; 1; 74; 721),12,8.348460291734197,5556
1852,3,C(1852; 1; 131; 434),12,8.348460291734197,5556
