N,K,S,diameter,averageShortestPathLength,edges
1421,3,C(1421; 1; 54; 667),12,7.645070422535211,4263
1421,3,C(1421; 1; 435; 500),12,7.645070422535211,4263
