N,K,S,diameter,averageShortestPathLength,edges
1319,3,C(1319; 1; 19; 281),11,7.447647951441578,3957
1319,3,C(1319; 1; 230; 413),11,7.447647951441578,3957
1319,3,C(1319; 1; 486; 610),11,7.447647951441578,3957
