N,K,S,diameter,averageShortestPathLength,edges
1858,3,C(1858; 1; 72; 407),13,8.358104469574583,5574
1858,3,C(1858; 1; 105; 128),13,8.358104469574583,5574
1858,3,C(1858; 1; 329; 408),13,8.358104469574583,5574
1858,3,C(1858; 1; 854; 881),13,8.358104469574583,5574
