N,K,S,diameter,averageShortestPathLength,edges
1046,3,C(1046; 1; 77; 414),10,6.879425837320574,3138
1046,3,C(1046; 1; 163; 508),10,6.879425837320574,3138
