N,K,S,diameter,averageShortestPathLength,edges
1730,3,C(1730; 1; 86; 148),12,8.157316367842684,5190
1730,3,C(1730; 1; 105; 128),12,8.157316367842684,5190
