N,K,S,diameter,averageShortestPathLength,edges
1376,3,C(1376; 1; 50; 518),11,7.557090909090909,4128
1376,3,C(1376; 1; 174; 236),11,7.557090909090909,4128
