N,K,S,diameter,averageShortestPathLength,edges
1045,3,C(1045; 1; 181; 375),10,6.885057471264368,3135
1045,3,C(1045; 1; 200; 306),10,6.885057471264368,3135
