N,K,S,diameter,averageShortestPathLength,edges
1109,3,C(1109; 1; 71; 91),11,7.021660649819495,3327
1109,3,C(1109; 1; 95; 328),11,7.021660649819495,3327
1109,3,C(1109; 1; 195; 537),11,7.021660649819495,3327
