N,K,S,diameter,averageShortestPathLength,edges
1590,3,C(1590; 1; 296; 451),12,7.934550031466331,4770
1590,3,C(1590; 1; 574; 691),12,7.934550031466331,4770
