N,K,S,diameter,averageShortestPathLength,edges
1447,3,C(1447; 1; 73; 625),12,7.6887966804979255,4341
1447,3,C(1447; 1; 213; 368),12,7.6887966804979255,4341
1447,3,C(1447; 1; 405; 555),12,7.6887966804979255,4341
