N,K,S,diameter,averageShortestPathLength,edges
1402,3,C(1402; 1; 70; 542),11,7.60028551034975,4206
1402,3,C(1402; 1; 342; 460),11,7.60028551034975,4206
