N,K,S,diameter,averageShortestPathLength,edges
1682,3,C(1682; 1; 24; 651),12,8.077929803688281,5046
1682,3,C(1682; 1; 79; 516),12,8.077929803688281,5046
1682,3,C(1682; 1; 248; 571),12,8.077929803688281,5046
1682,3,C(1682; 1; 398; 511),12,8.077929803688281,5046
