N,K,S,diameter,averageShortestPathLength,edges
1597,3,C(1597; 1; 59; 751),12,7.9260651629072685,4791
1597,3,C(1597; 1; 66; 353),12,7.9260651629072685,4791
1597,3,C(1597; 1; 121; 406),12,7.9260651629072685,4791
