N,K,S,diameter,averageShortestPathLength,edges
1495,3,C(1495; 1; 74; 322),11,7.767068273092369,4485
1495,3,C(1495; 1; 101; 368),11,7.767068273092369,4485
