N,K,S,diameter,averageShortestPathLength,edges
1107,3,C(1107; 1; 127; 449),11,7.018083182640145,3321
1107,3,C(1107; 1; 143; 449),11,7.018083182640145,3321
1107,3,C(1107; 1; 143; 523),11,7.018083182640145,3321
1107,3,C(1107; 1; 156; 204),10,7.018083182640145,3321
