N,K,S,diameter,averageShortestPathLength,edges
1605,3,C(1605; 1; 67; 756),12,7.956359102244389,4815
1605,3,C(1605; 1; 372; 527),12,7.956359102244389,4815
