N,K,S,diameter,averageShortestPathLength,edges
2957,3,C(2957; 1; 344; 777),15,9.76725304465494,8871
2957,3,C(2957; 1; 851; 1141),15,9.76725304465494,8871
2957,3,C(2957; 1; 940; 1047),15,9.76725304465494,8871
