N,K,S,diameter,averageShortestPathLength,edges
2897,3,C(2897; 1; 799; 1222),15,9.693370165745856,8691
2897,3,C(2897; 1; 1024; 1153),15,9.693370165745856,8691
2897,3,C(2897; 1; 1225; 1311),15,9.693370165745856,8691
