N,K,S,diameter,averageShortestPathLength,edges
2774,3,C(2774; 1; 138; 801),14,9.563288856833754,8322
2774,3,C(2774; 1; 329; 1018),14,9.563288856833754,8322
