N,K,S,diameter,averageShortestPathLength,edges
2572,3,C(2572; 1; 538; 991),14,9.321664721898093,7716
2572,3,C(2572; 1; 926; 1007),14,9.321664721898093,7716
