N,K,S,diameter,averageShortestPathLength,edges
2919,3,C(2919; 1; 659; 1263),15,9.729952021932831,8757
2919,3,C(2919; 1; 722; 1158),15,9.729952021932831,8757
