N,K,S,diameter,averageShortestPathLength,edges
2725,3,C(2725; 1; 482; 1190),14,9.502202643171806,8175
2725,3,C(2725; 1; 718; 1230),14,9.502202643171806,8175
