N,K,S,diameter,averageShortestPathLength,edges
2381,3,C(2381; 1; 109; 172),14,9.090756302521008,7143
2381,3,C(2381; 1; 308; 802),14,9.090756302521008,7143
2381,3,C(2381; 1; 344; 1143),14,9.090756302521008,7143
2381,3,C(2381; 1; 353; 1090),14,9.090756302521008,7143
2381,3,C(2381; 1; 699; 1178),14,9.090756302521008,7143
2381,3,C(2381; 1; 706; 762),14,9.090756302521008,7143
