N,K,S,diameter,averageShortestPathLength,edges
2106,3,C(2106; 1; 241; 876),13,8.718289786223277,6318
2106,3,C(2106; 1; 276; 769),13,8.718289786223277,6318
