N,K,S,diameter,averageShortestPathLength,edges
2721,3,C(2721; 1; 174; 1075),14,9.494117647058824,8163
2721,3,C(2721; 1; 744; 934),14,9.494117647058824,8163
