N,K,S,diameter,averageShortestPathLength,edges
2372,3,C(2372; 1; 400; 897),14,9.06790383804302,7116
2372,3,C(2372; 1; 751; 844),14,9.06790383804302,7116
