N,K,S,diameter,averageShortestPathLength,edges
2463,3,C(2463; 1; 663; 1003),14,9.191714053614946,7389
2463,3,C(2463; 1; 876; 1024),14,9.191714053614946,7389
