N,K,S,diameter,averageShortestPathLength,edges
2329,3,C(2329; 1; 130; 676),13,9.018900343642612,6987
2329,3,C(2329; 1; 471; 1057),13,9.018900343642612,6987
2329,3,C(2329; 1; 472; 806),13,9.018900343642612,6987
