N,K,S,diameter,averageShortestPathLength,edges
2933,3,C(2933; 1; 146; 847),14,9.73806275579809,8799
2933,3,C(2933; 1; 175; 904),14,9.73806275579809,8799
