N,K,S,diameter,averageShortestPathLength,edges
2201,3,C(2201; 1; 59; 1030),13,8.856363636363636,6603
2201,3,C(2201; 1; 686; 921),13,8.856363636363636,6603
2201,3,C(2201; 1; 858; 1062),13,8.856363636363636,6603
