N,K,S,diameter,averageShortestPathLength,edges
2845,3,C(2845; 1; 121; 196),14,9.634317862165963,8535
2845,3,C(2845; 1; 479; 1059),14,9.634317862165963,8535
2845,3,C(2845; 1; 964; 1174),14,9.634317862165963,8535
