N,K,S,diameter,averageShortestPathLength,edges
2526,3,C(2526; 1; 104; 179),14,9.27049504950495,7578
2526,3,C(2526; 1; 127; 578),14,9.27049504950495,7578
