N,K,S,diameter,averageShortestPathLength,edges
2365,3,C(2365; 1; 108; 175),14,9.05922165820643,7095
2365,3,C(2365; 1; 940; 1073),14,9.05922165820643,7095
