N,K,S,diameter,averageShortestPathLength,edges
2024,3,C(2024; 1; 172; 887),13,8.60059317844785,6072
2024,3,C(2024; 1; 452; 591),13,8.60059317844785,6072
