N,K,S,diameter,averageShortestPathLength,edges
2193,3,C(2193; 1; 378; 509),13,8.83941605839416,6579
2193,3,C(2193; 1; 591; 866),13,8.83941605839416,6579
