N,K,S,diameter,averageShortestPathLength,edges
2500,3,C(2500; 1; 189; 1104),14,9.234093637454983,7500
2500,3,C(2500; 1; 291; 1236),14,9.234093637454983,7500
