N,K,S,diameter,averageShortestPathLength,edges
2809,3,C(2809; 1; 344; 845),15,9.603988603988604,8427
2809,3,C(2809; 1; 365; 1380),15,9.603988603988604,8427
2809,3,C(2809; 1; 1316; 1343),15,9.603988603988604,8427
