N,K,S,diameter,averageShortestPathLength,edges
2231,3,C(2231; 1; 77; 867),13,8.891479820627803,6693
2231,3,C(2231; 1; 126; 404),13,8.891479820627803,6693
2231,3,C(2231; 1; 301; 1101),13,8.891479820627803,6693
