N,K,S,diameter,averageShortestPathLength,edges
2486,3,C(2486; 1; 217; 1052),14,9.22374245472837,7458
2486,3,C(2486; 1; 653; 820),14,9.22374245472837,7458
