N,K,S,diameter,averageShortestPathLength,edges
2594,3,C(2594; 1; 524; 1239),14,9.35055919784034,7782
2594,3,C(2594; 1; 796; 1051),14,9.35055919784034,7782
