N,K,S,diameter,averageShortestPathLength,edges
2127,3,C(2127; 1; 72; 385),13,8.735653809971778,6381
2127,3,C(2127; 1; 475; 621),13,8.735653809971778,6381
2127,3,C(2127; 1; 506; 570),13,8.735653809971778,6381
2127,3,C(2127; 1; 630; 895),13,8.735653809971778,6381
