N,K,S,diameter,averageShortestPathLength,edges
2292,3,C(2292; 1; 361; 894),14,8.966390222610213,6876
2292,3,C(2292; 1; 673; 1134),14,8.966390222610213,6876
