N,K,S,diameter,averageShortestPathLength,edges
2390,3,C(2390; 1; 56; 937),14,9.102553369610716,7170
2390,3,C(2390; 1; 148; 1107),14,9.102553369610716,7170
