N,K,S,diameter,averageShortestPathLength,edges
2343,3,C(2343; 1; 26; 966),14,9.038428693424423,7029
2343,3,C(2343; 1; 811; 864),14,9.038428693424423,7029
