N,K,S,diameter,averageShortestPathLength,edges
2731,3,C(2731; 1; 27; 480),15,9.523809523809524,8193
2731,3,C(2731; 1; 165; 1007),15,9.523809523809524,8193
2731,3,C(2731; 1; 708; 1196),15,9.523809523809524,8193
