N,K,S,diameter,averageShortestPathLength,edges
2825,3,C(2825; 1; 94; 811),15,9.620396600566572,8475
2825,3,C(2825; 1; 129; 209),15,9.620396600566572,8475
2825,3,C(2825; 1; 219; 571),15,9.620396600566572,8475
