N,K,S,diameter,averageShortestPathLength,edges
2363,3,C(2363; 1; 45; 561),14,9.068585944115156,7089
2363,3,C(2363; 1; 105; 170),14,9.068585944115156,7089
