N,K,S,diameter,averageShortestPathLength,edges
2094,3,C(2094; 1; 72; 989),13,8.698041089345438,6282
2094,3,C(2094; 1; 343; 432),13,8.698041089345438,6282
