N,K,S,diameter,averageShortestPathLength,edges
2368,3,C(2368; 1; 124; 171),14,9.062948880439375,7104
2368,3,C(2368; 1; 637; 844),14,9.062948880439375,7104
