N,K,S,diameter,averageShortestPathLength,edges
2010,3,C(2010; 1; 102; 161),13,8.577899452463912,6030
2010,3,C(2010; 1; 799; 912),13,8.577899452463912,6030
