N,K,S,diameter,averageShortestPathLength,edges
2826,3,C(2826; 1; 358; 459),15,9.618761061946902,8478
2826,3,C(2826; 1; 789; 1294),15,9.618761061946902,8478
