N,K,S,diameter,averageShortestPathLength,edges
2186,3,C(2186; 1; 358; 451),13,8.832494279176201,6558
2186,3,C(2186; 1; 576; 887),13,8.832494279176201,6558
