N,K,S,diameter,averageShortestPathLength,edges
2117,3,C(2117; 1; 95; 150),13,8.737240075614366,6351
2117,3,C(2117; 1; 113; 156),13,8.737240075614366,6351
2117,3,C(2117; 1; 748; 918),13,8.737240075614366,6351
