N,K,S,diameter,averageShortestPathLength,edges
2724,3,C(2724; 1; 121; 196),14,9.498347410943811,8172
2724,3,C(2724; 1; 923; 1124),14,9.498347410943811,8172
