N,K,S,diameter,averageShortestPathLength,edges
2098,3,C(2098; 1; 93; 160),13,8.702432045779686,6294
2098,3,C(2098; 1; 767; 1036),13,8.702432045779686,6294
