N,K,S,diameter,averageShortestPathLength,edges
2200,3,C(2200; 1; 192; 931),13,8.834924965893588,6600
2200,3,C(2200; 1; 371; 832),13,8.834924965893588,6600
