N,K,S,diameter,averageShortestPathLength,edges
2079,3,C(2079; 1; 129; 1003),13,8.681424446583254,6237
2079,3,C(2079; 1; 655; 744),13,8.681424446583254,6237
