N,K,S,diameter,averageShortestPathLength,edges
2623,3,C(2623; 1; 76; 482),14,9.39206712433257,7869
2623,3,C(2623; 1; 234; 577),14,9.39206712433257,7869
2623,3,C(2623; 1; 891; 1277),14,9.39206712433257,7869
