N,K,S,diameter,averageShortestPathLength,edges
2481,3,C(2481; 1; 205; 1153),14,9.21774193548387,7443
2481,3,C(2481; 1; 215; 241),14,9.21774193548387,7443
2481,3,C(2481; 1; 472; 877),14,9.21774193548387,7443
