N,K,S,diameter,averageShortestPathLength,edges
2823,3,C(2823; 1; 537; 998),14,9.62012756909993,8469
2823,3,C(2823; 1; 543; 737),14,9.62012756909993,8469
2823,3,C(2823; 1; 783; 908),14,9.62012756909993,8469
2823,3,C(2823; 1; 1084; 1395),14,9.62012756909993,8469
