N,K,S,diameter,averageShortestPathLength,edges
2114,3,C(2114; 1; 549; 896),13,8.731661145291055,6342
2114,3,C(2114; 1; 593; 714),13,8.731661145291055,6342
