N,K,S,diameter,averageShortestPathLength,edges
2977,3,C(2977; 1; 361; 517),15,9.796370967741936,8931
2977,3,C(2977; 1; 524; 1364),15,9.796370967741936,8931
2977,3,C(2977; 1; 602; 1351),15,9.796370967741936,8931
