N,K,S,diameter,averageShortestPathLength,edges
2335,3,C(2335; 1; 591; 720),13,9.02656383890317,7005
2335,3,C(2335; 1; 644; 985),13,9.02656383890317,7005
