N,K,S,diameter,averageShortestPathLength,edges
2746,3,C(2746; 1; 134; 185),14,9.531147540983607,8238
2746,3,C(2746; 1; 164; 757),14,9.531147540983607,8238
