N,K,S,diameter,averageShortestPathLength,edges
2559,3,C(2559; 1; 250; 920),14,9.305707584050039,7677
2559,3,C(2559; 1; 331; 862),14,9.305707584050039,7677
2559,3,C(2559; 1; 911; 1232),14,9.305707584050039,7677
