N,K,S,diameter,averageShortestPathLength,edges
2283,3,C(2283; 1; 374; 471),14,8.950043821209466,6849
2283,3,C(2283; 1; 630; 995),14,8.950043821209466,6849
