N,K,S,diameter,averageShortestPathLength,edges
2661,3,C(2661; 1; 224; 717),14,9.435338345864661,7983
2661,3,C(2661; 1; 358; 855),14,9.435338345864661,7983
2661,3,C(2661; 1; 721; 897),14,9.435338345864661,7983
2661,3,C(2661; 1; 864; 986),14,9.435338345864661,7983
