N,K,S,diameter,averageShortestPathLength,edges
2588,3,C(2588; 1; 301; 556),14,9.33745651333591,7764
2588,3,C(2588; 1; 877; 1068),14,9.33745651333591,7764
