N,K,S,diameter,averageShortestPathLength,edges
2402,3,C(2402; 1; 43; 626),14,9.115785089546023,7206
2402,3,C(2402; 1; 238; 391),14,9.115785089546023,7206
