N,K,S,diameter,averageShortestPathLength,edges
2396,3,C(2396; 1; 181; 1058),14,9.102296450939457,7188
2396,3,C(2396; 1; 906; 1059),14,9.102296450939457,7188
