N,K,S,diameter,averageShortestPathLength,edges
2626,3,C(2626; 1; 604; 891),14,9.400761904761906,7878
2626,3,C(2626; 1; 1156; 1285),14,9.400761904761906,7878
