N,K,S,diameter,averageShortestPathLength,edges
2932,3,C(2932; 1; 49; 918),15,9.743091095189355,8796
2932,3,C(2932; 1; 359; 1178),15,9.743091095189355,8796
