N,K,S,diameter,averageShortestPathLength,edges
2906,3,C(2906; 1; 852; 1323),14,9.71118760757315,8718
2906,3,C(2906; 1; 856; 1263),14,9.71118760757315,8718
