N,K,S,diameter,averageShortestPathLength,edges
2657,3,C(2657; 1; 90; 481),14,9.423192771084338,7971
2657,3,C(2657; 1; 113; 183),14,9.423192771084338,7971
2657,3,C(2657; 1; 116; 188),14,9.423192771084338,7971
2657,3,C(2657; 1; 153; 1044),14,9.423192771084338,7971
2657,3,C(2657; 1; 206; 537),14,9.423192771084338,7971
2657,3,C(2657; 1; 210; 870),14,9.423192771084338,7971
2657,3,C(2657; 1; 212; 679),14,9.423192771084338,7971
2657,3,C(2657; 1; 291; 755),14,9.423192771084338,7971
2657,3,C(2657; 1; 632; 712),14,9.423192771084338,7971
