N,K,S,diameter,averageShortestPathLength,edges
2457,3,C(2457; 1; 196; 1058),14,9.188110749185668,7371
2457,3,C(2457; 1; 281; 1022),14,9.188110749185668,7371
