N,K,S,diameter,averageShortestPathLength,edges
2050,3,C(2050; 1; 27; 550),13,8.640800390434359,6150
2050,3,C(2050; 1; 400; 987),13,8.640800390434359,6150
