N,K,S,diameter,averageShortestPathLength,edges
2814,3,C(2814; 1; 114; 1161),15,9.60718094560967,8442
2814,3,C(2814; 1; 387; 1134),15,9.60718094560967,8442
