N,K,S,diameter,averageShortestPathLength,edges
2171,3,C(2171; 1; 102; 161),13,8.80184331797235,6513
2171,3,C(2171; 1; 108; 149),13,8.80184331797235,6513
2171,3,C(2171; 1; 863; 985),13,8.80184331797235,6513
