N,K,S,diameter,averageShortestPathLength,edges
2447,3,C(2447; 1; 44; 869),14,9.167620605069501,7341
2447,3,C(2447; 1; 62; 780),14,9.167620605069501,7341
2447,3,C(2447; 1; 107; 169),14,9.167620605069501,7341
2447,3,C(2447; 1; 526; 802),14,9.167620605069501,7341
2447,3,C(2447; 1; 592; 723),14,9.167620605069501,7341
2447,3,C(2447; 1; 695; 955),14,9.167620605069501,7341
