N,K,S,diameter,averageShortestPathLength,edges
2949,3,C(2949; 1; 176; 909),14,9.754409769335142,8847
2949,3,C(2949; 1; 754; 1218),14,9.754409769335142,8847
