N,K,S,diameter,averageShortestPathLength,edges
2477,3,C(2477; 1; 123; 150),14,9.207592891760905,7431
2477,3,C(2477; 1; 584; 905),14,9.207592891760905,7431
2477,3,C(2477; 1; 611; 843),14,9.207592891760905,7431
