N,K,S,diameter,averageShortestPathLength,edges
2591,3,C(2591; 1; 137; 167),14,9.348262548262548,7773
2591,3,C(2591; 1; 187; 512),14,9.348262548262548,7773
2591,3,C(2591; 1; 1078; 1247),14,9.348262548262548,7773
