N,K,S,diameter,averageShortestPathLength,edges
2151,3,C(2151; 1; 227; 495),13,8.772093023255813,6453
2151,3,C(2151; 1; 855; 976),13,8.772093023255813,6453
