N,K,S,diameter,averageShortestPathLength,edges
2431,3,C(2431; 1; 655; 960),14,9.147325102880659,7293
2431,3,C(2431; 1; 746; 985),14,9.147325102880659,7293
2431,3,C(2431; 1; 849; 1137),14,9.147325102880659,7293
