N,K,S,diameter,averageShortestPathLength,edges
2506,3,C(2506; 1; 996; 1137),14,9.249101796407185,7518
2506,3,C(2506; 1; 1158; 1199),14,9.249101796407185,7518
