N,K,S,diameter,averageShortestPathLength,edges
2071,3,C(2071; 1; 53; 249),13,8.666666666666666,6213
2071,3,C(2071; 1; 80; 427),13,8.666666666666666,6213
2071,3,C(2071; 1; 83; 233),13,8.666666666666666,6213
2071,3,C(2071; 1; 97; 524),13,8.666666666666666,6213
2071,3,C(2071; 1; 161; 508),13,8.666666666666666,6213
2071,3,C(2071; 1; 283; 865),13,8.666666666666666,6213
