N,K,S,diameter,averageShortestPathLength,edges
2942,3,C(2942; 1; 28; 625),15,9.754165249914996,8826
2942,3,C(2942; 1; 156; 1361),15,9.754165249914996,8826
2942,3,C(2942; 1; 160; 1045),15,9.754165249914996,8826
2942,3,C(2942; 1; 480; 789),15,9.754165249914996,8826
