N,K,S,diameter,averageShortestPathLength,edges
2740,3,C(2740; 1; 109; 464),14,9.518802482657904,8220
2740,3,C(2740; 1; 729; 1236),14,9.518802482657904,8220
