N,K,S,diameter,averageShortestPathLength,edges
2138,3,C(2138; 1; 118; 797),13,8.754796443612541,6414
2138,3,C(2138; 1; 169; 700),13,8.754796443612541,6414
