N,K,S,diameter,averageShortestPathLength,edges
2140,3,C(2140; 1; 526; 833),13,8.76437587657784,6420
2140,3,C(2140; 1; 763; 982),13,8.76437587657784,6420
