N,K,S,diameter,averageShortestPathLength,edges
2166,3,C(2166; 1; 156; 509),13,8.794919168591225,6498
2166,3,C(2166; 1; 438; 983),13,8.794919168591225,6498
