N,K,S,diameter,averageShortestPathLength,edges
2642,3,C(2642; 1; 129; 178),14,9.40514956455888,7926
2642,3,C(2642; 1; 654; 1065),14,9.40514956455888,7926
