N,K,S,diameter,averageShortestPathLength,edges
2929,3,C(2929; 1; 140; 449),14,9.735655737704919,8787
2929,3,C(2929; 1; 698; 1063),14,9.735655737704919,8787
2929,3,C(2929; 1; 1067; 1273),14,9.735655737704919,8787
