N,K,S,diameter,averageShortestPathLength,edges
2003,3,C(2003; 1; 83; 690),13,8.566433566433567,6009
2003,3,C(2003; 1; 299; 781),13,8.566433566433567,6009
2003,3,C(2003; 1; 299; 881),13,8.566433566433567,6009
2003,3,C(2003; 1; 362; 595),13,8.566433566433567,6009
2003,3,C(2003; 1; 684; 748),13,8.566433566433567,6009
2003,3,C(2003; 1; 690; 981),13,8.566433566433567,6009
