N,K,S,diameter,averageShortestPathLength,edges
2150,3,C(2150; 1; 123; 150),13,8.7691949744067,6450
2150,3,C(2150; 1; 210; 773),13,8.7691949744067,6450
2150,3,C(2150; 1; 220; 687),13,8.7691949744067,6450
2150,3,C(2150; 1; 437; 1050),13,8.7691949744067,6450
