N,K,S,diameter,averageShortestPathLength,edges
2183,3,C(2183; 1; 100; 172),13,8.812098991750688,6549
2183,3,C(2183; 1; 165; 964),13,8.812098991750688,6549
2183,3,C(2183; 1; 351; 1026),13,8.812098991750688,6549
2183,3,C(2183; 1; 426; 1051),13,8.812098991750688,6549
2183,3,C(2183; 1; 798; 1078),13,8.812098991750688,6549
2183,3,C(2183; 1; 807; 1071),13,8.812098991750688,6549
