N,K,S,diameter,averageShortestPathLength,edges
2272,3,C(2272; 1; 104; 179),13,8.940554821664465,6816
2272,3,C(2272; 1; 165; 1016),13,8.940554821664465,6816
