N,K,S,diameter,averageShortestPathLength,edges
2169,3,C(2169; 1; 84; 475),13,8.80350553505535,6507
2169,3,C(2169; 1; 735; 895),13,8.80350553505535,6507
