N,K,S,diameter,averageShortestPathLength,edges
2067,3,C(2067; 1; 418; 938),13,8.662149080348499,6201
2067,3,C(2067; 1; 487; 1000),13,8.662149080348499,6201
2067,3,C(2067; 1; 539; 833),13,8.662149080348499,6201
