N,K,S,diameter,averageShortestPathLength,edges
2762,3,C(2762; 1; 271; 664),14,9.556320173850054,8286
2762,3,C(2762; 1; 1009; 1190),14,9.556320173850054,8286
