N,K,S,diameter,averageShortestPathLength,edges
2859,3,C(2859; 1; 592; 667),14,9.657102869139258,8577
2859,3,C(2859; 1; 751; 943),14,9.657102869139258,8577
2859,3,C(2859; 1; 769; 1019),14,9.657102869139258,8577
