N,K,S,diameter,averageShortestPathLength,edges
2146,3,C(2146; 1; 338; 837),13,8.774825174825175,6438
2146,3,C(2146; 1; 341; 626),13,8.774825174825175,6438
