N,K,S,diameter,averageShortestPathLength,edges
2195,3,C(2195; 1; 195; 559),14,8.841385597082953,6585
2195,3,C(2195; 1; 589; 715),14,8.841385597082953,6585
