N,K,S,diameter,averageShortestPathLength,edges
2460,3,C(2460; 1; 288; 907),13,9.182594550630338,7380
2460,3,C(2460; 1; 336; 377),13,9.182594550630338,7380
