N,K,S,diameter,averageShortestPathLength,edges
2123,3,C(2123; 1; 444; 818),13,8.738925541941564,6369
2123,3,C(2123; 1; 505; 569),13,8.738925541941564,6369
2123,3,C(2123; 1; 558; 639),13,8.738925541941564,6369
