N,K,S,diameter,averageShortestPathLength,edges
2837,3,C(2837; 1; 240; 310),15,9.644569816643159,8511
2837,3,C(2837; 1; 302; 1282),15,9.644569816643159,8511
2837,3,C(2837; 1; 792; 1299),15,9.644569816643159,8511
