N,K,S,diameter,averageShortestPathLength,edges
2121,3,C(2121; 1; 179; 761),13,8.742452830188679,6363
2121,3,C(2121; 1; 563; 1031),13,8.742452830188679,6363
2121,3,C(2121; 1; 628; 683),13,8.742452830188679,6363
