N,K,S,diameter,averageShortestPathLength,edges
2452,3,C(2452; 1; 268; 393),14,9.178294573643411,7356
2452,3,C(2452; 1; 287; 904),14,9.178294573643411,7356
