N,K,S,diameter,averageShortestPathLength,edges
2792,3,C(2792; 1; 192; 1181),14,9.587603009673952,8376
2792,3,C(2792; 1; 461; 832),14,9.587603009673952,8376
