N,K,S,diameter,averageShortestPathLength,edges
2197,3,C(2197; 1; 124; 171),13,8.840619307832423,6591
2197,3,C(2197; 1; 477; 691),13,8.840619307832423,6591
2197,3,C(2197; 1; 591; 783),13,8.840619307832423,6591
