N,K,S,diameter,averageShortestPathLength,edges
2118,3,C(2118; 1; 443; 816),13,8.727916863486065,6354
2118,3,C(2118; 1; 655; 744),13,8.727916863486065,6354
