N,K,S,diameter,averageShortestPathLength,edges
2925,3,C(2925; 1; 101; 846),15,9.735978112175102,8775
2925,3,C(2925; 1; 714; 1119),15,9.735978112175102,8775
2925,3,C(2925; 1; 724; 1179),15,9.735978112175102,8775
