N,K,S,diameter,averageShortestPathLength,edges
2761,3,C(2761; 1; 214; 930),14,9.549275362318841,8283
2761,3,C(2761; 1; 658; 1002),14,9.549275362318841,8283
2761,3,C(2761; 1; 879; 1333),14,9.549275362318841,8283
