N,K,S,diameter,averageShortestPathLength,edges
2722,3,C(2722; 1; 119; 188),14,9.504226387357589,8166
2722,3,C(2722; 1; 183; 982),14,9.504226387357589,8166
