N,K,S,diameter,averageShortestPathLength,edges
2817,3,C(2817; 1; 112; 477),15,9.610795454545455,8451
2817,3,C(2817; 1; 830; 1287),15,9.610795454545455,8451
