N,K,S,diameter,averageShortestPathLength,edges
2614,3,C(2614; 1; 317; 454),14,9.376578645235362,7842
2614,3,C(2614; 1; 1039; 1186),14,9.376578645235362,7842
