N,K,S,diameter,averageShortestPathLength,edges
2698,3,C(2698; 1; 658; 1205),14,9.481646273637375,8094
2698,3,C(2698; 1; 1110; 1171),14,9.481646273637375,8094
