N,K,S,diameter,averageShortestPathLength,edges
2617,3,C(2617; 1; 117; 1003),14,9.37691131498471,7851
2617,3,C(2617; 1; 148; 1096),14,9.37691131498471,7851
2617,3,C(2617; 1; 471; 761),14,9.37691131498471,7851
2617,3,C(2617; 1; 619; 1062),14,9.37691131498471,7851
2617,3,C(2617; 1; 889; 1274),14,9.37691131498471,7851
2617,3,C(2617; 1; 1114; 1195),14,9.37691131498471,7851
