N,K,S,diameter,averageShortestPathLength,edges
2583,3,C(2583; 1; 267; 1134),14,9.327652982184354,7749
2583,3,C(2583; 1; 696; 1020),14,9.327652982184354,7749
