N,K,S,diameter,averageShortestPathLength,edges
2185,3,C(2185; 1; 261; 497),14,8.827838827838828,6555
2185,3,C(2185; 1; 387; 946),14,8.827838827838828,6555
2185,3,C(2185; 1; 488; 638),14,8.827838827838828,6555
