N,K,S,diameter,averageShortestPathLength,edges
2505,3,C(2505; 1; 146; 1066),14,9.23961661341853,7515
2505,3,C(2505; 1; 326; 679),14,9.23961661341853,7515
2505,3,C(2505; 1; 926; 1229),14,9.23961661341853,7515
