N,K,S,diameter,averageShortestPathLength,edges
2131,3,C(2131; 1; 46; 982),13,8.751173708920188,6393
2131,3,C(2131; 1; 114; 139),13,8.751173708920188,6393
2131,3,C(2131; 1; 161; 941),13,8.751173708920188,6393
2131,3,C(2131; 1; 243; 319),13,8.751173708920188,6393
2131,3,C(2131; 1; 378; 953),13,8.751173708920188,6393
2131,3,C(2131; 1; 736; 840),13,8.751173708920188,6393
