N,K,S,diameter,averageShortestPathLength,edges
2815,3,C(2815; 1; 412; 1120),14,9.608386638237384,8445
2815,3,C(2815; 1; 440; 1387),14,9.608386638237384,8445
