N,K,S,diameter,averageShortestPathLength,edges
2306,3,C(2306; 1; 184; 993),13,8.993058568329719,6918
2306,3,C(2306; 1; 520; 699),13,8.993058568329719,6918
2306,3,C(2306; 1; 655; 900),14,8.993058568329719,6918
2306,3,C(2306; 1; 683; 1002),14,8.993058568329719,6918
