N,K,S,diameter,averageShortestPathLength,edges
2341,3,C(2341; 1; 45; 612),14,9.035042735042735,7023
2341,3,C(2341; 1; 52; 950),14,9.035042735042735,7023
2341,3,C(2341; 1; 547; 1136),14,9.035042735042735,7023
