N,K,S,diameter,averageShortestPathLength,edges
2967,3,C(2967; 1; 278; 780),15,9.78894133513149,8901
2967,3,C(2967; 1; 587; 942),15,9.78894133513149,8901
