N,K,S,diameter,averageShortestPathLength,edges
2007,3,C(2007; 1; 105; 145),13,8.574277168494516,6021
2007,3,C(2007; 1; 762; 872),13,8.574277168494516,6021
