N,K,S,diameter,averageShortestPathLength,edges
2025,3,C(2025; 1; 160; 663),13,8.603754940711463,6075
2025,3,C(2025; 1; 432; 912),13,8.603754940711463,6075
2025,3,C(2025; 1; 528; 816),13,8.603754940711463,6075
