N,K,S,diameter,averageShortestPathLength,edges
2987,3,C(2987; 1; 289; 1408),15,9.803750837240456,8961
2987,3,C(2987; 1; 821; 1296),15,9.803750837240456,8961
2987,3,C(2987; 1; 915; 1478),15,9.803750837240456,8961
