N,K,S,diameter,averageShortestPathLength,edges
2557,3,C(2557; 1; 62; 888),14,9.309859154929578,7671
2557,3,C(2557; 1; 239; 524),14,9.309859154929578,7671
2557,3,C(2557; 1; 893; 1196),14,9.309859154929578,7671
