N,K,S,diameter,averageShortestPathLength,edges
2537,3,C(2537; 1; 295; 545),14,9.280757097791797,7611
2537,3,C(2537; 1; 885; 1201),14,9.280757097791797,7611
