N,K,S,diameter,averageShortestPathLength,edges
2634,3,C(2634; 1; 250; 701),14,9.397645271553362,7902
2634,3,C(2634; 1; 304; 1255),14,9.397645271553362,7902
