N,K,S,diameter,averageShortestPathLength,edges
2181,3,C(2181; 1; 75; 1030),13,8.821100917431192,6543
2181,3,C(2181; 1; 739; 900),13,8.821100917431192,6543
