N,K,S,diameter,averageShortestPathLength,edges
2366,3,C(2366; 1; 226; 757),14,9.062156448202959,7098
2366,3,C(2366; 1; 306; 797),14,9.062156448202959,7098
