N,K,S,diameter,averageShortestPathLength,edges
2720,3,C(2720; 1; 514; 791),15,9.50202280250092,8160
2720,3,C(2720; 1; 654; 729),15,9.50202280250092,8160
