N,K,S,diameter,averageShortestPathLength,edges
2119,3,C(2119; 1; 111; 153),13,8.728989612842303,6357
2119,3,C(2119; 1; 210; 345),13,8.728989612842303,6357
2119,3,C(2119; 1; 277; 1038),13,8.728989612842303,6357
