N,K,S,diameter,averageShortestPathLength,edges
2875,3,C(2875; 1; 64; 619),15,9.68615170494085,8625
2875,3,C(2875; 1; 122; 210),15,9.68615170494085,8625
2875,3,C(2875; 1; 257; 852),15,9.68615170494085,8625
2875,3,C(2875; 1; 469; 771),15,9.68615170494085,8625
2875,3,C(2875; 1; 542; 1180),15,9.68615170494085,8625
2875,3,C(2875; 1; 584; 754),15,9.68615170494085,8625
2875,3,C(2875; 1; 712; 1016),15,9.68615170494085,8625
2875,3,C(2875; 1; 914; 1018),15,9.68615170494085,8625
