N,K,S,diameter,averageShortestPathLength,edges
2277,3,C(2277; 1; 68; 256),13,8.951669595782073,6831
2277,3,C(2277; 1; 107; 169),13,8.951669595782073,6831
2277,3,C(2277; 1; 532; 1105),13,8.951669595782073,6831
