N,K,S,diameter,averageShortestPathLength,edges
2308,3,C(2308; 1; 179; 760),13,8.983094928478543,6924
2308,3,C(2308; 1; 520; 851),13,8.983094928478543,6924
