N,K,S,diameter,averageShortestPathLength,edges
2323,3,C(2323; 1; 239; 1087),14,9.007751937984496,6969
2323,3,C(2323; 1; 686; 979),14,9.007751937984496,6969
2323,3,C(2323; 1; 821; 1040),14,9.007751937984496,6969
