N,K,S,diameter,averageShortestPathLength,edges
2927,3,C(2927; 1; 62; 1318),15,9.737525632262475,8781
2927,3,C(2927; 1; 171; 1106),15,9.737525632262475,8781
2927,3,C(2927; 1; 262; 897),15,9.737525632262475,8781
