N,K,S,diameter,averageShortestPathLength,edges
2033,3,C(2033; 1; 147; 819),13,8.611220472440944,6099
2033,3,C(2033; 1; 296; 650),13,8.611220472440944,6099
2033,3,C(2033; 1; 561; 886),13,8.611220472440944,6099
