N,K,S,diameter,averageShortestPathLength,edges
2891,3,C(2891; 1; 672; 757),15,9.69757785467128,8673
2891,3,C(2891; 1; 1141; 1245),15,9.69757785467128,8673
