N,K,S,diameter,averageShortestPathLength,edges
2300,3,C(2300; 1; 123; 150),14,8.974336668116573,6900
2300,3,C(2300; 1; 187; 450),14,8.974336668116573,6900
