N,K,S,diameter,averageShortestPathLength,edges
2764,3,C(2764; 1; 70; 881),14,9.547593195801666,8292
2764,3,C(2764; 1; 731; 1346),14,9.547593195801666,8292
