N,K,S,diameter,averageShortestPathLength,edges
2877,3,C(2877; 1; 223; 969),14,9.680111265646731,8631
2877,3,C(2877; 1; 916; 1389),14,9.680111265646731,8631
