N,K,S,diameter,averageShortestPathLength,edges
2723,3,C(2723; 1; 69; 868),14,9.504775900073476,8169
2723,3,C(2723; 1; 644; 1105),14,9.504775900073476,8169
