N,K,S,diameter,averageShortestPathLength,edges
2751,3,C(2751; 1; 231; 790),15,9.54109090909091,8253
2751,3,C(2751; 1; 491; 630),15,9.54109090909091,8253
