N,K,S,diameter,averageShortestPathLength,edges
2685,3,C(2685; 1; 292; 774),14,9.460506706408346,8055
2685,3,C(2685; 1; 377; 867),14,9.460506706408346,8055
