N,K,S,diameter,averageShortestPathLength,edges
2628,3,C(2628; 1; 608; 683),14,9.384088313665778,7884
2628,3,C(2628; 1; 832; 935),14,9.384088313665778,7884
