N,K,S,diameter,averageShortestPathLength,edges
2937,3,C(2937; 1; 727; 1184),14,9.747956403269756,8811
2937,3,C(2937; 1; 751; 1213),14,9.747956403269756,8811
2937,3,C(2937; 1; 1052; 1418),14,9.747956403269756,8811
