N,K,S,diameter,averageShortestPathLength,edges
2711,3,C(2711; 1; 546; 639),14,9.491512915129151,8133
2711,3,C(2711; 1; 571; 1116),14,9.491512915129151,8133
2711,3,C(2711; 1; 857; 1081),14,9.491512915129151,8133
