N,K,S,diameter,averageShortestPathLength,edges
2295,3,C(2295; 1; 387; 868),13,8.969485614646905,6885
2295,3,C(2295; 1; 531; 817),13,8.969485614646905,6885
