N,K,S,diameter,averageShortestPathLength,edges
2064,3,C(2064; 1; 108; 149),13,8.655356277266117,6192
2064,3,C(2064; 1; 108; 404),13,8.655356277266117,6192
2064,3,C(2064; 1; 444; 845),13,8.655356277266117,6192
