N,K,S,diameter,averageShortestPathLength,edges
2539,3,C(2539; 1; 101; 430),14,9.27344365642238,7617
2539,3,C(2539; 1; 124; 171),14,9.27344365642238,7617
2539,3,C(2539; 1; 683; 905),14,9.27344365642238,7617
