N,K,S,diameter,averageShortestPathLength,edges
2776,3,C(2776; 1; 340; 835),14,9.552792792792793,8328
2776,3,C(2776; 1; 379; 1164),14,9.552792792792793,8328
2776,3,C(2776; 1; 864; 971),14,9.552792792792793,8328
2776,3,C(2776; 1; 1155; 1336),14,9.552792792792793,8328
