N,K,S,diameter,averageShortestPathLength,edges
2322,3,C(2322; 1; 139; 472),14,9.009909521757862,6966
2322,3,C(2322; 1; 314; 1019),14,9.009909521757862,6966
