N,K,S,diameter,averageShortestPathLength,edges
2126,3,C(2126; 1; 48; 976),13,8.739764705882353,6378
2126,3,C(2126; 1; 338; 396),13,8.739764705882353,6378
