N,K,S,diameter,averageShortestPathLength,edges
2459,3,C(2459; 1; 248; 1138),14,9.187957689178194,7377
2459,3,C(2459; 1; 430; 903),14,9.187957689178194,7377
2459,3,C(2459; 1; 585; 659),14,9.187957689178194,7377
