N,K,S,diameter,averageShortestPathLength,edges
2679,3,C(2679; 1; 722; 1058),14,9.459297983569828,8037
2679,3,C(2679; 1; 985; 1235),14,9.459297983569828,8037
