N,K,S,diameter,averageShortestPathLength,edges
2205,3,C(2205; 1; 228; 968),13,8.856624319419238,6615
2205,3,C(2205; 1; 264; 1082),13,8.856624319419238,6615
