N,K,S,diameter,averageShortestPathLength,edges
2729,3,C(2729; 1; 116; 188),14,9.497067448680351,8187
2729,3,C(2729; 1; 349; 450),14,9.497067448680351,8187
2729,3,C(2729; 1; 447; 563),14,9.497067448680351,8187
2729,3,C(2729; 1; 726; 1231),14,9.497067448680351,8187
2729,3,C(2729; 1; 864; 971),14,9.497067448680351,8187
2729,3,C(2729; 1; 1154; 1235),14,9.497067448680351,8187
