N,K,S,diameter,averageShortestPathLength,edges
2802,3,C(2802; 1; 217; 1126),14,9.590503391645841,8406
2802,3,C(2802; 1; 328; 1033),14,9.590503391645841,8406
