N,K,S,diameter,averageShortestPathLength,edges
2619,3,C(2619; 1; 55; 1029),14,9.381207028265852,7857
2619,3,C(2619; 1; 267; 1000),14,9.381207028265852,7857
