N,K,S,diameter,averageShortestPathLength,edges
2072,3,C(2072; 1; 176; 908),13,8.671656204732013,6216
2072,3,C(2072; 1; 212; 662),13,8.671656204732013,6216
