N,K,S,diameter,averageShortestPathLength,edges
2727,3,C(2727; 1; 113; 183),14,9.50843727072634,8181
2727,3,C(2727; 1; 362; 798),14,9.50843727072634,8181
