N,K,S,diameter,averageShortestPathLength,edges
2645,3,C(2645; 1; 209; 866),14,9.411497730711044,7935
2645,3,C(2645; 1; 211; 1139),14,9.411497730711044,7935
2645,3,C(2645; 1; 351; 394),14,9.411497730711044,7935
