N,K,S,diameter,averageShortestPathLength,edges
2851,3,C(2851; 1; 51; 743),15,9.649122807017545,8553
2851,3,C(2851; 1; 69; 1343),15,9.649122807017545,8553
2851,3,C(2851; 1; 559; 909),15,9.649122807017545,8553
