N,K,S,diameter,averageShortestPathLength,edges
2545,3,C(2545; 1; 203; 1096),14,9.29559748427673,7635
2545,3,C(2545; 1; 677; 1148),14,9.29559748427673,7635
2545,3,C(2545; 1; 787; 894),14,9.29559748427673,7635
