N,K,S,diameter,averageShortestPathLength,edges
2199,3,C(2199; 1; 26; 411),13,8.842584167424931,6597
2199,3,C(2199; 1; 115; 512),13,8.842584167424931,6597
2199,3,C(2199; 1; 571; 932),13,8.842584167424931,6597
2199,3,C(2199; 1; 592; 777),13,8.842584167424931,6597
2199,3,C(2199; 1; 784; 1009),13,8.842584167424931,6597
