N,K,S,diameter,averageShortestPathLength,edges
2441,3,C(2441; 1; 483; 775),14,9.160655737704918,7323
2441,3,C(2441; 1; 657; 994),14,9.160655737704918,7323
2441,3,C(2441; 1; 749; 989),14,9.160655737704918,7323
