N,K,S,diameter,averageShortestPathLength,edges
2178,3,C(2178; 1; 238; 349),13,8.810748736793753,6534
2178,3,C(2178; 1; 337; 380),13,8.810748736793753,6534
