N,K,S,diameter,averageShortestPathLength,edges
2435,3,C(2435; 1; 370; 622),14,9.156943303204601,7305
2435,3,C(2435; 1; 845; 873),14,9.156943303204601,7305
