N,K,S,diameter,averageShortestPathLength,edges
2755,3,C(2755; 1; 46; 716),15,9.547567175018155,8265
2755,3,C(2755; 1; 126; 199),15,9.547567175018155,8265
2755,3,C(2755; 1; 224; 539),15,9.547567175018155,8265
2755,3,C(2755; 1; 228; 1327),14,9.547567175018155,8265
2755,3,C(2755; 1; 679; 1066),15,9.547567175018155,8265
2755,3,C(2755; 1; 741; 982),14,9.547567175018155,8265
2755,3,C(2755; 1; 809; 1201),15,9.547567175018155,8265
2755,3,C(2755; 1; 1289; 1316),15,9.547567175018155,8265
