N,K,S,diameter,averageShortestPathLength,edges
2682,3,C(2682; 1; 214; 1155),14,9.454308093994777,8046
2682,3,C(2682; 1; 369; 884),14,9.454308093994777,8046
