N,K,S,diameter,averageShortestPathLength,edges
2467,3,C(2467; 1; 255; 1083),14,9.185725871857258,7401
2467,3,C(2467; 1; 416; 933),14,9.185725871857258,7401
2467,3,C(2467; 1; 836; 1018),14,9.185725871857258,7401
