N,K,S,diameter,averageShortestPathLength,edges
2804,3,C(2804; 1; 205; 294),15,9.598287549054584,8412
2804,3,C(2804; 1; 807; 1082),15,9.598287549054584,8412
