N,K,S,diameter,averageShortestPathLength,edges
2690,3,C(2690; 1; 824; 1331),14,9.46671625139457,8070
2690,3,C(2690; 1; 1094; 1249),14,9.46671625139457,8070
