N,K,S,diameter,averageShortestPathLength,edges
2973,3,C(2973; 1; 736; 1314),15,9.784656796769852,8919
2973,3,C(2973; 1; 820; 1254),15,9.784656796769852,8919
