N,K,S,diameter,averageShortestPathLength,edges
2135,3,C(2135; 1; 330; 376),13,8.751640112464855,6405
2135,3,C(2135; 1; 494; 760),13,8.751640112464855,6405
