N,K,S,diameter,averageShortestPathLength,edges
2914,3,C(2914; 1; 247; 768),15,9.723309303123926,8742
2914,3,C(2914; 1; 534; 991),15,9.723309303123926,8742
