N,K,S,diameter,averageShortestPathLength,edges
2672,3,C(2672; 1; 207; 900),14,9.445151628603519,8016
2672,3,C(2672; 1; 228; 1265),14,9.445151628603519,8016
