N,K,S,diameter,averageShortestPathLength,edges
2282,3,C(2282; 1; 95; 246),14,8.953090749671198,6846
2282,3,C(2282; 1; 670; 1129),14,8.953090749671198,6846
