N,K,S,diameter,averageShortestPathLength,edges
2495,3,C(2495; 1; 30; 582),14,9.230152365677625,7485
2495,3,C(2495; 1; 180; 493),14,9.230152365677625,7485
