N,K,S,diameter,averageShortestPathLength,edges
2299,3,C(2299; 1; 308; 1136),13,8.977371627502176,6897
2299,3,C(2299; 1; 704; 1107),13,8.977371627502176,6897
