N,K,S,diameter,averageShortestPathLength,edges
2157,3,C(2157; 1; 121; 687),13,8.781076066790353,6471
2157,3,C(2157; 1; 410; 897),13,8.781076066790353,6471
