N,K,S,diameter,averageShortestPathLength,edges
2091,3,C(2091; 1; 81; 458),13,8.694736842105263,6273
2091,3,C(2091; 1; 662; 744),13,8.694736842105263,6273
