N,K,S,diameter,averageShortestPathLength,edges
2551,3,C(2551; 1; 228; 756),14,9.297254901960784,7653
2551,3,C(2551; 1; 593; 668),14,9.297254901960784,7653
2551,3,C(2551; 1; 631; 1012),14,9.297254901960784,7653
