N,K,S,diameter,averageShortestPathLength,edges
2955,3,C(2955; 1; 219; 524),15,9.766418415707514,8865
2955,3,C(2955; 1; 344; 1461),15,9.766418415707514,8865
