N,K,S,diameter,averageShortestPathLength,edges
2471,3,C(2471; 1; 113; 156),14,9.203238866396761,7413
2471,3,C(2471; 1; 270; 396),14,9.203238866396761,7413
2471,3,C(2471; 1; 328; 723),14,9.203238866396761,7413
