N,K,S,diameter,averageShortestPathLength,edges
2648,3,C(2648; 1; 108; 175),14,9.420098224404986,7944
2648,3,C(2648; 1; 575; 1196),14,9.420098224404986,7944
