N,K,S,diameter,averageShortestPathLength,edges
2191,3,C(2191; 1; 121; 167),13,8.831050228310502,6573
2191,3,C(2191; 1; 250; 328),13,8.831050228310502,6573
2191,3,C(2191; 1; 507; 780),13,8.831050228310502,6573
