N,K,S,diameter,averageShortestPathLength,edges
2613,3,C(2613; 1; 320; 786),14,9.366003062787136,7839
2613,3,C(2613; 1; 966; 1282),14,9.366003062787136,7839
