N,K,S,diameter,averageShortestPathLength,edges
2394,3,C(2394; 1; 90; 233),14,9.107396573338905,7182
2394,3,C(2394; 1; 360; 935),14,9.107396573338905,7182
