N,K,S,diameter,averageShortestPathLength,edges
2212,3,C(2212; 1; 108; 149),13,8.852103120759837,6636
2212,3,C(2212; 1; 193; 936),13,8.852103120759837,6636
