N,K,S,diameter,averageShortestPathLength,edges
2578,3,C(2578; 1; 200; 849),14,9.329064804035701,7734
2578,3,C(2578; 1; 352; 1081),14,9.329064804035701,7734
