N,K,S,diameter,averageShortestPathLength,edges
2542,3,C(2542; 1; 722; 992),14,9.284533648170012,7626
2542,3,C(2542; 1; 780; 1030),14,9.284533648170012,7626
