N,K,S,diameter,averageShortestPathLength,edges
2793,3,C(2793; 1; 111; 473),14,9.578796561604584,8379
2793,3,C(2793; 1; 124; 201),14,9.578796561604584,8379
