N,K,S,diameter,averageShortestPathLength,edges
2584,3,C(2584; 1; 28; 600),14,9.342237708091366,7752
2584,3,C(2584; 1; 117; 992),14,9.342237708091366,7752
2584,3,C(2584; 1; 217; 742),14,9.342237708091366,7752
2584,3,C(2584; 1; 330; 905),14,9.342237708091366,7752
2584,3,C(2584; 1; 632; 773),14,9.342237708091366,7752
