N,K,S,diameter,averageShortestPathLength,edges
2129,3,C(2129; 1; 41; 660),13,8.74812030075188,6387
2129,3,C(2129; 1; 100; 158),13,8.74812030075188,6387
2129,3,C(2129; 1; 727; 795),13,8.74812030075188,6387
