N,K,S,diameter,averageShortestPathLength,edges
2773,3,C(2773; 1; 295; 746),14,9.557720057720058,8319
2773,3,C(2773; 1; 368; 413),14,9.557720057720058,8319
