N,K,S,diameter,averageShortestPathLength,edges
2230,3,C(2230; 1; 89; 868),13,8.883355764917003,6690
2230,3,C(2230; 1; 451; 1012),13,8.883355764917003,6690
