N,K,S,diameter,averageShortestPathLength,edges
2446,3,C(2446; 1; 675; 1066),14,9.173006134969325,7338
2446,3,C(2446; 1; 703; 922),14,9.173006134969325,7338
