N,K,S,diameter,averageShortestPathLength,edges
2009,3,C(2009; 1; 102; 161),13,8.580677290836654,6027
2009,3,C(2009; 1; 453; 609),13,8.580677290836654,6027
