N,K,S,diameter,averageShortestPathLength,edges
2687,3,C(2687; 1; 346; 1066),15,9.466120625465376,8061
2687,3,C(2687; 1; 365; 525),15,9.466120625465376,8061
2687,3,C(2687; 1; 650; 794),15,9.466120625465376,8061
