N,K,S,diameter,averageShortestPathLength,edges
2993,3,C(2993; 1; 232; 605),15,9.814171122994653,8979
2993,3,C(2993; 1; 607; 1018),15,9.814171122994653,8979
2993,3,C(2993; 1; 608; 785),15,9.814171122994653,8979
2993,3,C(2993; 1; 712; 1029),15,9.814171122994653,8979
2993,3,C(2993; 1; 784; 1019),15,9.814171122994653,8979
2993,3,C(2993; 1; 1383; 1432),15,9.814171122994653,8979
