N,K,S,diameter,averageShortestPathLength,edges
2443,3,C(2443; 1; 412; 924),13,9.162981162981163,7329
2443,3,C(2443; 1; 421; 567),13,9.162981162981163,7329
