N,K,S,diameter,averageShortestPathLength,edges
2635,3,C(2635; 1; 44; 825),14,9.397114654517843,7905
2635,3,C(2635; 1; 539; 640),14,9.397114654517843,7905
