N,K,S,diameter,averageShortestPathLength,edges
2096,3,C(2096; 1; 394; 562),13,8.709785202863962,6288
2096,3,C(2096; 1; 468; 612),13,8.709785202863962,6288
2096,3,C(2096; 1; 916; 1010),13,8.709785202863962,6288
