N,K,S,diameter,averageShortestPathLength,edges
2961,3,C(2961; 1; 49; 708),14,9.768918918918919,8883
2961,3,C(2961; 1; 1232; 1425),15,9.768918918918919,8883
