N,K,S,diameter,averageShortestPathLength,edges
2750,3,C(2750; 1; 46; 861),14,9.531829756275009,8250
2750,3,C(2750; 1; 741; 1086),14,9.531829756275009,8250
