N,K,S,diameter,averageShortestPathLength,edges
2270,3,C(2270; 1; 94; 782),13,8.944909651828999,6810
2270,3,C(2270; 1; 193; 980),14,8.944909651828999,6810
2270,3,C(2270; 1; 247; 830),14,8.944909651828999,6810
