N,K,S,diameter,averageShortestPathLength,edges
2288,3,C(2288; 1; 236; 497),14,8.968954962833406,6864
2288,3,C(2288; 1; 511; 668),14,8.968954962833406,6864
2288,3,C(2288; 1; 672; 730),14,8.968954962833406,6864
