N,K,S,diameter,averageShortestPathLength,edges
2879,3,C(2879; 1; 223; 1157),15,9.683113273106324,8637
2879,3,C(2879; 1; 896; 1007),15,9.683113273106324,8637
2879,3,C(2879; 1; 1025; 1386),15,9.683113273106324,8637
