N,K,S,diameter,averageShortestPathLength,edges
2450,3,C(2450; 1; 123; 150),14,9.169456921192323,7350
2450,3,C(2450; 1; 300; 737),14,9.169456921192323,7350
