N,K,S,diameter,averageShortestPathLength,edges
2414,3,C(2414; 1; 124; 171),14,9.12722751761293,7242
2414,3,C(2414; 1; 396; 1087),14,9.12722751761293,7242
