N,K,S,diameter,averageShortestPathLength,edges
2730,3,C(2730; 1; 244; 809),14,9.507511909124222,8190
2730,3,C(2730; 1; 901; 1286),14,9.507511909124222,8190
