N,K,S,diameter,averageShortestPathLength,edges
2099,3,C(2099; 1; 71; 380),13,8.707340324118208,6297
2099,3,C(2099; 1; 116; 160),13,8.707340324118208,6297
2099,3,C(2099; 1; 473; 774),13,8.707340324118208,6297
