N,K,S,diameter,averageShortestPathLength,edges
2180,3,C(2180; 1; 216; 355),13,8.815052776502982,6540
2180,3,C(2180; 1; 456; 840),13,8.815052776502982,6540
