N,K,S,diameter,averageShortestPathLength,edges
2681,3,C(2681; 1; 180; 1139),14,9.458208955223881,8043
2681,3,C(2681; 1; 283; 617),14,9.458208955223881,8043
2681,3,C(2681; 1; 365; 1264),14,9.458208955223881,8043
