N,K,S,diameter,averageShortestPathLength,edges
2856,3,C(2856; 1; 28; 1179),15,9.657793345008757,8568
2856,3,C(2856; 1; 663; 1354),15,9.657793345008757,8568
