N,K,S,diameter,averageShortestPathLength,edges
2271,3,C(2271; 1; 259; 340),13,8.930396475770925,6813
2271,3,C(2271; 1; 475; 875),13,8.930396475770925,6813
2271,3,C(2271; 1; 719; 808),13,8.930396475770925,6813
