N,K,S,diameter,averageShortestPathLength,edges
2361,3,C(2361; 1; 108; 149),13,9.059322033898304,7083
2361,3,C(2361; 1; 192; 462),14,9.059322033898304,7083
2361,3,C(2361; 1; 206; 999),13,9.059322033898304,7083
