N,K,S,diameter,averageShortestPathLength,edges
2026,3,C(2026; 1; 86; 148),13,8.606913580246914,6078
2026,3,C(2026; 1; 96; 165),13,8.606913580246914,6078
2026,3,C(2026; 1; 374; 791),13,8.606913580246914,6078
2026,3,C(2026; 1; 482; 543),13,8.606913580246914,6078
2026,3,C(2026; 1; 749; 994),13,8.606913580246914,6078
