N,K,S,diameter,averageShortestPathLength,edges
2794,3,C(2794; 1; 156; 811),14,9.582169709989259,8382
2794,3,C(2794; 1; 565; 1268),14,9.582169709989259,8382
