N,K,S,diameter,averageShortestPathLength,edges
2909,3,C(2909; 1; 74; 1366),15,9.716643741403026,8727
2909,3,C(2909; 1; 259; 437),15,9.716643741403026,8727
2909,3,C(2909; 1; 446; 846),15,9.716643741403026,8727
2909,3,C(2909; 1; 673; 756),15,9.716643741403026,8727
2909,3,C(2909; 1; 921; 1035),15,9.716643741403026,8727
2909,3,C(2909; 1; 925; 1140),15,9.716643741403026,8727
