N,K,S,diameter,averageShortestPathLength,edges
2888,3,C(2888; 1; 46; 907),14,9.695878074125389,8664
2888,3,C(2888; 1; 70; 1003),14,9.695878074125389,8664
