N,K,S,diameter,averageShortestPathLength,edges
2984,3,C(2984; 1; 84; 533),15,9.80388870264834,8952
2984,3,C(2984; 1; 588; 739),15,9.80388870264834,8952
