N,K,S,diameter,averageShortestPathLength,edges
2874,3,C(2874; 1; 46; 1025),14,9.67908109989558,8622
2874,3,C(2874; 1; 143; 830),14,9.67908109989558,8622
