N,K,S,diameter,averageShortestPathLength,edges
2520,3,C(2520; 1; 107; 184),14,9.256053989678444,7560
2520,3,C(2520; 1; 328; 683),14,9.256053989678444,7560
