N,K,S,diameter,averageShortestPathLength,edges
2757,3,C(2757; 1; 89; 999),14,9.544267053701017,8271
2757,3,C(2757; 1; 321; 1363),14,9.544267053701017,8271
