N,K,S,diameter,averageShortestPathLength,edges
2083,3,C(2083; 1; 281; 1028),13,8.683957732949088,6249
2083,3,C(2083; 1; 493; 808),13,8.683957732949088,6249
2083,3,C(2083; 1; 638; 1003),13,8.683957732949088,6249
