N,K,S,diameter,averageShortestPathLength,edges
2644,3,C(2644; 1; 84; 475),14,9.409004918653046,7932
2644,3,C(2644; 1; 896; 1091),14,9.409004918653046,7932
