N,K,S,diameter,averageShortestPathLength,edges
2503,3,C(2503; 1; 194; 843),14,9.239008792965627,7509
2503,3,C(2503; 1; 600; 674),14,9.239008792965627,7509
2503,3,C(2503; 1; 658; 972),14,9.239008792965627,7509
