N,K,S,diameter,averageShortestPathLength,edges
2647,3,C(2647; 1; 51; 692),14,9.413454270597128,7941
2647,3,C(2647; 1; 519; 844),14,9.413454270597128,7941
2647,3,C(2647; 1; 700; 1289),14,9.413454270597128,7941
