N,K,S,diameter,averageShortestPathLength,edges
2915,3,C(2915; 1; 216; 517),15,9.731640356897735,8745
2915,3,C(2915; 1; 308; 1444),15,9.731640356897735,8745
