N,K,S,diameter,averageShortestPathLength,edges
2770,3,C(2770; 1; 799; 1026),14,9.553268327916216,8310
2770,3,C(2770; 1; 1024; 1359),14,9.553268327916216,8310
