N,K,S,diameter,averageShortestPathLength,edges
2202,3,C(2202; 1; 113; 156),13,8.841890049977284,6606
2202,3,C(2202; 1; 174; 721),13,8.841890049977284,6606
