N,K,S,diameter,averageShortestPathLength,edges
2041,3,C(2041; 1; 211; 896),13,8.62156862745098,6123
2041,3,C(2041; 1; 373; 503),13,8.62156862745098,6123
2041,3,C(2041; 1; 429; 783),13,8.62156862745098,6123
2041,3,C(2041; 1; 550; 806),13,8.62156862745098,6123
2041,3,C(2041; 1; 777; 1000),13,8.62156862745098,6123
