N,K,S,diameter,averageShortestPathLength,edges
2798,3,C(2798; 1; 526; 1261),14,9.59706828745084,8394
2798,3,C(2798; 1; 754; 1105),14,9.59706828745084,8394
