N,K,S,diameter,averageShortestPathLength,edges
2296,3,C(2296; 1; 251; 368),13,8.9760348583878,6888
2296,3,C(2296; 1; 648; 869),13,8.9760348583878,6888
