N,K,S,diameter,averageShortestPathLength,edges
2864,3,C(2864; 1; 349; 450),14,9.668180230527419,8592
2864,3,C(2864; 1; 517; 666),14,9.668180230527419,8592
