N,K,S,diameter,averageShortestPathLength,edges
2748,3,C(2748; 1; 164; 847),14,9.524572260647979,8244
2748,3,C(2748; 1; 980; 1301),14,9.524572260647979,8244
