N,K,S,diameter,averageShortestPathLength,edges
2894,3,C(2894; 1; 92; 520),15,9.699619771863118,8682
2894,3,C(2894; 1; 247; 1370),15,9.699619771863118,8682
2894,3,C(2894; 1; 474; 597),15,9.699619771863118,8682
2894,3,C(2894; 1; 592; 703),15,9.699619771863118,8682
2894,3,C(2894; 1; 610; 795),15,9.699619771863118,8682
