N,K,S,diameter,averageShortestPathLength,edges
2367,3,C(2367; 1; 43; 620),14,9.063398140321217,7101
2367,3,C(2367; 1; 187; 775),14,9.063398140321217,7101
2367,3,C(2367; 1; 481; 1156),14,9.063398140321217,7101
