N,K,S,diameter,averageShortestPathLength,edges
2597,3,C(2597; 1; 43; 621),14,9.35130970724191,7791
2597,3,C(2597; 1; 46; 619),14,9.35130970724191,7791
2597,3,C(2597; 1; 302; 558),14,9.35130970724191,7791
