N,K,S,diameter,averageShortestPathLength,edges
2968,3,C(2968; 1; 183; 614),15,9.779238287832827,8904
2968,3,C(2968; 1; 519; 1090),15,9.779238287832827,8904
