N,K,S,diameter,averageShortestPathLength,edges
2813,3,C(2813; 1; 380; 1182),15,9.616642958748223,8439
2813,3,C(2813; 1; 570; 1380),15,9.616642958748223,8439
2813,3,C(2813; 1; 1040; 1380),15,9.616642958748223,8439
