N,K,S,diameter,averageShortestPathLength,edges
2261,3,C(2261; 1; 169; 935),14,8.930088495575221,6783
2261,3,C(2261; 1; 340; 883),14,8.930088495575221,6783
