N,K,S,diameter,averageShortestPathLength,edges
2326,3,C(2326; 1; 412; 1007),14,9.013333333333334,6978
2326,3,C(2326; 1; 1081; 1106),14,9.013333333333334,6978
