N,K,S,diameter,averageShortestPathLength,edges
2252,3,C(2252; 1; 108; 149),13,8.915148822745447,6756
2252,3,C(2252; 1; 529; 832),13,8.915148822745447,6756
