N,K,S,diameter,averageShortestPathLength,edges
2398,3,C(2398; 1; 189; 840),14,9.112223612849395,7194
2398,3,C(2398; 1; 203; 262),14,9.112223612849395,7194
