N,K,S,diameter,averageShortestPathLength,edges
2907,3,C(2907; 1; 112; 826),14,9.717825189263593,8721
2907,3,C(2907; 1; 356; 1168),14,9.717825189263593,8721
2907,3,C(2907; 1; 454; 1429),14,9.717825189263593,8721
