N,K,S,diameter,averageShortestPathLength,edges
2242,3,C(2242; 1; 219; 806),13,8.896474788041052,6726
2242,3,C(2242; 1; 819; 966),13,8.896474788041052,6726
