N,K,S,diameter,averageShortestPathLength,edges
2342,3,C(2342; 1; 51; 954),14,9.047842802221274,7026
2342,3,C(2342; 1; 219; 480),13,9.047842802221274,7026
2342,3,C(2342; 1; 432; 597),14,9.047842802221274,7026
2342,3,C(2342; 1; 708; 909),13,9.047842802221274,7026
