N,K,S,diameter,averageShortestPathLength,edges
2908,3,C(2908; 1; 386; 851),15,9.719642242862058,8724
2908,3,C(2908; 1; 906; 1155),15,9.719642242862058,8724
