N,K,S,diameter,averageShortestPathLength,edges
2167,3,C(2167; 1; 223; 1014),13,8.793167128347184,6501
2167,3,C(2167; 1; 293; 951),13,8.793167128347184,6501
2167,3,C(2167; 1; 338; 558),13,8.793167128347184,6501
2167,3,C(2167; 1; 355; 447),13,8.793167128347184,6501
2167,3,C(2167; 1; 400; 846),13,8.793167128347184,6501
2167,3,C(2167; 1; 686; 771),13,8.793167128347184,6501
