N,K,S,diameter,averageShortestPathLength,edges
2603,3,C(2603; 1; 189; 1164),14,9.355880092236742,7809
2603,3,C(2603; 1; 303; 1287),14,9.355880092236742,7809
2603,3,C(2603; 1; 718; 1098),14,9.355880092236742,7809
