N,K,S,diameter,averageShortestPathLength,edges
2293,3,C(2293; 1; 128; 156),14,8.979930191972077,6879
2293,3,C(2293; 1; 236; 1073),14,8.979930191972077,6879
2293,3,C(2293; 1; 627; 787),14,8.979930191972077,6879
