N,K,S,diameter,averageShortestPathLength,edges
2534,3,C(2534; 1; 119; 188),14,9.277141729174891,7602
2534,3,C(2534; 1; 247; 1078),14,9.277141729174891,7602
2534,3,C(2534; 1; 277; 406),14,9.277141729174891,7602
