N,K,S,diameter,averageShortestPathLength,edges
2241,3,C(2241; 1; 214; 717),13,8.898214285714285,6723
2241,3,C(2241; 1; 426; 932),13,8.898214285714285,6723
