N,K,S,diameter,averageShortestPathLength,edges
2555,3,C(2555; 1; 399; 1256),14,9.309318715740016,7665
2555,3,C(2555; 1; 791; 1129),14,9.309318715740016,7665
