N,K,S,diameter,averageShortestPathLength,edges
2395,3,C(2395; 1; 174; 1071),14,9.097744360902256,7185
2395,3,C(2395; 1; 234; 861),14,9.097744360902256,7185
2395,3,C(2395; 1; 284; 879),14,9.097744360902256,7185
