N,K,S,diameter,averageShortestPathLength,edges
2697,3,C(2697; 1; 351; 731),14,9.468842729970326,8091
2697,3,C(2697; 1; 624; 701),14,9.468842729970326,8091
