N,K,S,diameter,averageShortestPathLength,edges
2276,3,C(2276; 1; 529; 596),13,8.937142857142858,6828
2276,3,C(2276; 1; 697; 1096),13,8.937142857142858,6828
