N,K,S,diameter,averageShortestPathLength,edges
2391,3,C(2391; 1; 284; 783),14,9.096234309623432,7173
2391,3,C(2391; 1; 884; 1173),14,9.096234309623432,7173
