N,K,S,diameter,averageShortestPathLength,edges
2702,3,C(2702; 1; 314; 1179),15,9.48537578674565,8106
2702,3,C(2702; 1; 548; 919),15,9.48537578674565,8106
