N,K,S,diameter,averageShortestPathLength,edges
2686,3,C(2686; 1; 48; 700),14,9.44804469273743,8058
2686,3,C(2686; 1; 240; 796),14,9.44804469273743,8058
