N,K,S,diameter,averageShortestPathLength,edges
2224,3,C(2224; 1; 529; 596),13,8.869095816464238,6672
2224,3,C(2224; 1; 884; 1009),13,8.869095816464238,6672
