N,K,S,diameter,averageShortestPathLength,edges
2665,3,C(2665; 1; 316; 978),14,9.432432432432432,7995
2665,3,C(2665; 1; 1127; 1206),14,9.432432432432432,7995
2665,3,C(2665; 1; 1232; 1278),14,9.432432432432432,7995
