N,K,S,diameter,averageShortestPathLength,edges
2966,3,C(2966; 1; 100; 1419),15,9.777065767284991,8898
2966,3,C(2966; 1; 811; 1018),15,9.777065767284991,8898
