N,K,S,diameter,averageShortestPathLength,edges
2239,3,C(2239; 1; 179; 843),14,8.899910634495084,6717
2239,3,C(2239; 1; 308; 738),14,8.899910634495084,6717
2239,3,C(2239; 1; 332; 1025),14,8.899910634495084,6717
