N,K,S,diameter,averageShortestPathLength,edges
2978,3,C(2978; 1; 308; 389),15,9.790057104467586,8934
2978,3,C(2978; 1; 689; 774),15,9.790057104467586,8934
