N,K,S,diameter,averageShortestPathLength,edges
2830,3,C(2830; 1; 72; 1329),15,9.620714033227289,8490
2830,3,C(2830; 1; 181; 1118),15,9.620714033227289,8490
