N,K,S,diameter,averageShortestPathLength,edges
2132,3,C(2132; 1; 114; 139),13,8.750821210699202,6396
2132,3,C(2132; 1; 490; 1043),13,8.750821210699202,6396
