N,K,S,diameter,averageShortestPathLength,edges
2867,3,C(2867; 1; 52; 751),14,9.666434054431264,8601
2867,3,C(2867; 1; 565; 710),14,9.666434054431264,8601
2867,3,C(2867; 1; 827; 1062),14,9.666434054431264,8601
