N,K,S,diameter,averageShortestPathLength,edges
2175,3,C(2175; 1; 455; 838),13,8.809567617295308,6525
2175,3,C(2175; 1; 490; 802),13,8.809567617295308,6525
