N,K,S,diameter,averageShortestPathLength,edges
2975,3,C(2975; 1; 99; 854),15,9.790854068594486,8925
2975,3,C(2975; 1; 601; 1421),15,9.790854068594486,8925
