N,K,S,diameter,averageShortestPathLength,edges
2358,3,C(2358; 1; 113; 156),14,9.052184980907933,7074
2358,3,C(2358; 1; 313; 690),14,9.052184980907933,7074
