N,K,S,diameter,averageShortestPathLength,edges
2210,3,C(2210; 1; 109; 172),13,8.858759619737437,6630
2210,3,C(2210; 1; 262; 811),13,8.858759619737437,6630
