N,K,S,diameter,averageShortestPathLength,edges
2246,3,C(2246; 1; 263; 828),13,8.905567928730513,6738
2246,3,C(2246; 1; 427; 934),13,8.905567928730513,6738
