N,K,S,diameter,averageShortestPathLength,edges
2037,3,C(2037; 1; 70; 962),13,8.61787819253438,6111
2037,3,C(2037; 1; 161; 667),13,8.61787819253438,6111
