N,K,S,diameter,averageShortestPathLength,edges
2354,3,C(2354; 1; 728; 827),14,9.052273693157671,7062
2354,3,C(2354; 1; 797; 1132),14,9.052273693157671,7062
