N,K,S,diameter,averageShortestPathLength,edges
2019,3,C(2019; 1; 264; 989),13,8.588701684836472,6057
2019,3,C(2019; 1; 394; 972),13,8.588701684836472,6057
