N,K,S,diameter,averageShortestPathLength,edges
2801,3,C(2801; 1; 116; 188),14,9.584285714285715,8403
2801,3,C(2801; 1; 134; 483),14,9.584285714285715,8403
2801,3,C(2801; 1; 239; 1326),14,9.584285714285715,8403
2801,3,C(2801; 1; 648; 728),14,9.584285714285715,8403
2801,3,C(2801; 1; 858; 1386),14,9.584285714285715,8403
2801,3,C(2801; 1; 990; 1254),14,9.584285714285715,8403
