N,K,S,diameter,averageShortestPathLength,edges
2359,3,C(2359; 1; 103; 167),14,9.061916878710772,7077
2359,3,C(2359; 1; 113; 156),14,9.061916878710772,7077
2359,3,C(2359; 1; 620; 710),14,9.061916878710772,7077
