N,K,S,diameter,averageShortestPathLength,edges
2863,3,C(2863; 1; 155; 1029),15,9.668763102725366,8589
2863,3,C(2863; 1; 314; 413),15,9.668763102725366,8589
