N,K,S,diameter,averageShortestPathLength,edges
2849,3,C(2849; 1; 96; 1363),15,9.650280898876405,8547
2849,3,C(2849; 1; 207; 1274),14,9.650280898876405,8547
2849,3,C(2849; 1; 349; 857),15,9.650280898876405,8547
2849,3,C(2849; 1; 364; 523),14,9.650280898876405,8547
2849,3,C(2849; 1; 400; 920),15,9.650280898876405,8547
