N,K,S,diameter,averageShortestPathLength,edges
2313,3,C(2313; 1; 111; 191),14,8.997404844290658,6939
2313,3,C(2313; 1; 267; 1102),14,8.997404844290658,6939
