N,K,S,diameter,averageShortestPathLength,edges
2211,3,C(2211; 1; 108; 149),13,8.8579185520362,6633
2211,3,C(2211; 1; 460; 1038),13,8.8579185520362,6633
