N,K,S,diameter,averageShortestPathLength,edges
2219,3,C(2219; 1; 86; 486),13,8.87015329125338,6657
2219,3,C(2219; 1; 129; 562),13,8.87015329125338,6657
2219,3,C(2219; 1; 612; 936),13,8.87015329125338,6657
