N,K,S,diameter,averageShortestPathLength,edges
2011,3,C(2011; 1; 100; 138),13,8.583084577114429,6033
2011,3,C(2011; 1; 102; 145),13,8.583084577114429,6033
2011,3,C(2011; 1; 181; 846),13,8.583084577114429,6033
