N,K,S,diameter,averageShortestPathLength,edges
2162,3,C(2162; 1; 90; 233),13,8.797778806108283,6486
2162,3,C(2162; 1; 399; 844),13,8.797778806108283,6486
