N,K,S,diameter,averageShortestPathLength,edges
2582,3,C(2582; 1; 109; 464),14,9.334366524602867,7746
2582,3,C(2582; 1; 280; 379),14,9.334366524602867,7746
