N,K,S,diameter,averageShortestPathLength,edges
2021,3,C(2021; 1; 298; 686),13,8.6009900990099,6063
2021,3,C(2021; 1; 373; 789),13,8.6009900990099,6063
2021,3,C(2021; 1; 625; 710),13,8.6009900990099,6063
