N,K,S,diameter,averageShortestPathLength,edges
2362,3,C(2362; 1; 342; 553),14,9.060567556120288,7086
2362,3,C(2362; 1; 576; 1055),14,9.060567556120288,7086
