N,K,S,diameter,averageShortestPathLength,edges
2047,3,C(2047; 1; 39; 486),13,8.635386119257086,6141
2047,3,C(2047; 1; 105; 145),13,8.635386119257086,6141
2047,3,C(2047; 1; 240; 636),13,8.635386119257086,6141
