N,K,S,diameter,averageShortestPathLength,edges
2781,3,C(2781; 1; 321; 1325),14,9.564028776978418,8343
2781,3,C(2781; 1; 663; 743),14,9.564028776978418,8343
