N,K,S,diameter,averageShortestPathLength,edges
2318,3,C(2318; 1; 134; 483),14,9.004747518342684,6954
2318,3,C(2318; 1; 710; 1147),14,9.004747518342684,6954
