N,K,S,diameter,averageShortestPathLength,edges
2632,3,C(2632; 1; 131; 760),14,9.391486126947928,7896
2632,3,C(2632; 1; 147; 764),14,9.391486126947928,7896
2632,3,C(2632; 1; 221; 488),14,9.391486126947928,7896
