N,K,S,diameter,averageShortestPathLength,edges
2045,3,C(2045; 1; 119; 518),13,8.643835616438356,6135
2045,3,C(2045; 1; 464; 958),13,8.643835616438356,6135
2045,3,C(2045; 1; 833; 967),13,8.643835616438356,6135
