N,K,S,diameter,averageShortestPathLength,edges
2726,3,C(2726; 1; 697; 1126),14,9.504220183486238,8178
2726,3,C(2726; 1; 952; 1275),14,9.504220183486238,8178
