N,K,S,diameter,averageShortestPathLength,edges
2991,3,C(2991; 1; 366; 572),15,9.812709030100335,8973
2991,3,C(2991; 1; 534; 685),15,9.812709030100335,8973
