N,K,S,diameter,averageShortestPathLength,edges
2143,3,C(2143; 1; 39; 667),13,8.77310924369748,6429
2143,3,C(2143; 1; 121; 388),13,8.77310924369748,6429
2143,3,C(2143; 1; 127; 1044),13,8.77310924369748,6429
2143,3,C(2143; 1; 135; 498),13,8.77310924369748,6429
2143,3,C(2143; 1; 193; 834),13,8.77310924369748,6429
2143,3,C(2143; 1; 322; 673),13,8.77310924369748,6429
