N,K,S,diameter,averageShortestPathLength,edges
2640,3,C(2640; 1; 211; 994),14,9.407351269420236,7920
2640,3,C(2640; 1; 746; 1051),14,9.407351269420236,7920
