N,K,S,diameter,averageShortestPathLength,edges
2194,3,C(2194; 1; 401; 854),13,8.844961240310077,6582
2194,3,C(2194; 1; 790; 859),13,8.844961240310077,6582
