N,K,S,diameter,averageShortestPathLength,edges
2187,3,C(2187; 1; 117; 880),13,8.82982616651418,6561
2187,3,C(2187; 1; 589; 1071),13,8.82982616651418,6561
