N,K,S,diameter,averageShortestPathLength,edges
2357,3,C(2357; 1; 121; 167),14,9.0509337860781,7071
2357,3,C(2357; 1; 283; 621),14,9.0509337860781,7071
2357,3,C(2357; 1; 583; 935),14,9.0509337860781,7071
