N,K,S,diameter,averageShortestPathLength,edges
2889,3,C(2889; 1; 609; 1274),15,9.698060941828254,8667
2889,3,C(2889; 1; 610; 1191),15,9.698060941828254,8667
