N,K,S,diameter,averageShortestPathLength,edges
2639,3,C(2639; 1; 394; 1156),14,9.401061410159212,7917
2639,3,C(2639; 1; 445; 998),14,9.401061410159212,7917
2639,3,C(2639; 1; 573; 1192),14,9.401061410159212,7917
