N,K,S,diameter,averageShortestPathLength,edges
2846,3,C(2846; 1; 121; 196),15,9.64323374340949,8538
2846,3,C(2846; 1; 704; 1129),15,9.64323374340949,8538
