N,K,S,diameter,averageShortestPathLength,edges
2616,3,C(2616; 1; 104; 443),14,9.369024856596559,7848
2616,3,C(2616; 1; 608; 685),14,9.369024856596559,7848
