N,K,S,diameter,averageShortestPathLength,edges
2160,3,C(2160; 1; 113; 156),13,8.785548865215377,6480
2160,3,C(2160; 1; 228; 497),13,8.785548865215377,6480
