N,K,S,diameter,averageShortestPathLength,edges
2437,3,C(2437; 1; 207; 1068),14,9.161740558292282,7311
2437,3,C(2437; 1; 259; 1206),14,9.161740558292282,7311
2437,3,C(2437; 1; 390; 1093),14,9.161740558292282,7311
