N,K,S,diameter,averageShortestPathLength,edges
2218,3,C(2218; 1; 253; 332),13,8.86468200270636,6654
2218,3,C(2218; 1; 263; 814),13,8.86468200270636,6654
