N,K,S,diameter,averageShortestPathLength,edges
2234,3,C(2234; 1; 43; 584),13,8.885356023287057,6702
2234,3,C(2234; 1; 454; 1091),13,8.885356023287057,6702
