N,K,S,diameter,averageShortestPathLength,edges
2703,3,C(2703; 1; 49; 708),14,9.478904515173944,8109
2703,3,C(2703; 1; 331; 813),14,9.478904515173944,8109
