N,K,S,diameter,averageShortestPathLength,edges
2821,3,C(2821; 1; 475; 1050),14,9.611347517730497,8463
2821,3,C(2821; 1; 778; 1190),14,9.611347517730497,8463
