N,K,S,diameter,averageShortestPathLength,edges
2438,3,C(2438; 1; 278; 365),14,9.155519080837095,7314
2438,3,C(2438; 1; 521; 996),14,9.155519080837095,7314
