N,K,S,diameter,averageShortestPathLength,edges
2605,3,C(2605; 1; 386; 638),14,9.360983102918587,7815
2605,3,C(2605; 1; 798; 1289),14,9.360983102918587,7815
2605,3,C(2605; 1; 963; 1278),14,9.360983102918587,7815
