N,K,S,diameter,averageShortestPathLength,edges
2095,3,C(2095; 1; 96; 165),13,8.69723018147087,6285
2095,3,C(2095; 1; 371; 460),13,8.69723018147087,6285
