N,K,S,diameter,averageShortestPathLength,edges
2659,3,C(2659; 1; 59; 1079),14,9.424379232505643,7977
2659,3,C(2659; 1; 69; 1247),14,9.424379232505643,7977
2659,3,C(2659; 1; 226; 1148),14,9.424379232505643,7977
2659,3,C(2659; 1; 514; 586),14,9.424379232505643,7977
2659,3,C(2659; 1; 676; 838),14,9.424379232505643,7977
2659,3,C(2659; 1; 953; 1195),14,9.424379232505643,7977
