N,K,S,diameter,averageShortestPathLength,edges
2733,3,C(2733; 1; 363; 1042),14,9.518301610541728,8199
2733,3,C(2733; 1; 758; 879),14,9.518301610541728,8199
