N,K,S,diameter,averageShortestPathLength,edges
2668,3,C(2668; 1; 521; 1252),14,9.436820397450319,8004
2668,3,C(2668; 1; 904; 1101),14,9.436820397450319,8004
