N,K,S,diameter,averageShortestPathLength,edges
2912,3,C(2912; 1; 222; 1257),15,9.724836825833046,8736
2912,3,C(2912; 1; 1017; 1362),15,9.724836825833046,8736
