N,K,S,diameter,averageShortestPathLength,edges
2324,3,C(2324; 1; 276; 761),14,9.0103314679294,6972
2324,3,C(2324; 1; 660; 907),14,9.0103314679294,6972
