N,K,S,diameter,averageShortestPathLength,edges
2992,3,C(2992; 1; 149; 864),14,9.80641925777332,8976
2992,3,C(2992; 1; 1245; 1440),14,9.80641925777332,8976
