N,K,S,diameter,averageShortestPathLength,edges
2788,3,C(2788; 1; 216; 939),14,9.574452816648726,8364
2788,3,C(2788; 1; 769; 1176),14,9.574452816648726,8364
