N,K,S,diameter,averageShortestPathLength,edges
2336,3,C(2336; 1; 107; 184),14,9.02269807280514,7008
2336,3,C(2336; 1; 131; 744),14,9.02269807280514,7008
