N,K,S,diameter,averageShortestPathLength,edges
2069,3,C(2069; 1; 102; 161),13,8.670212765957446,6207
2069,3,C(2069; 1; 103; 142),13,8.670212765957446,6207
2069,3,C(2069; 1; 116; 659),13,8.670212765957446,6207
2069,3,C(2069; 1; 446; 967),13,8.670212765957446,6207
2069,3,C(2069; 1; 462; 604),13,8.670212765957446,6207
2069,3,C(2069; 1; 951; 981),13,8.670212765957446,6207
