N,K,S,diameter,averageShortestPathLength,edges
2513,3,C(2513; 1; 129; 178),14,9.248407643312103,7539
2513,3,C(2513; 1; 240; 804),14,9.248407643312103,7539
2513,3,C(2513; 1; 622; 1013),14,9.248407643312103,7539
