N,K,S,diameter,averageShortestPathLength,edges
2488,3,C(2488; 1; 92; 900),14,9.223964616003217,7464
2488,3,C(2488; 1; 340; 652),14,9.223964616003217,7464
