N,K,S,diameter,averageShortestPathLength,edges
2158,3,C(2158; 1; 101; 546),13,8.794622160407974,6474
2158,3,C(2158; 1; 390; 641),13,8.794622160407974,6474
