N,K,S,diameter,averageShortestPathLength,edges
2350,3,C(2350; 1; 123; 460),13,9.045125585355471,7050
2350,3,C(2350; 1; 130; 363),13,9.045125585355471,7050
