N,K,S,diameter,averageShortestPathLength,edges
2986,3,C(2986; 1; 121; 1232),15,9.805360134003351,8958
2986,3,C(2986; 1; 765; 1096),15,9.805360134003351,8958
