N,K,S,diameter,averageShortestPathLength,edges
2027,3,C(2027; 1; 81; 789),13,8.59822309970385,6081
2027,3,C(2027; 1; 424; 781),13,8.59822309970385,6081
2027,3,C(2027; 1; 741; 1001),13,8.59822309970385,6081
