N,K,S,diameter,averageShortestPathLength,edges
2428,3,C(2428; 1; 109; 172),13,9.143798928718583,7284
2428,3,C(2428; 1; 288; 891),13,9.143798928718583,7284
