N,K,S,diameter,averageShortestPathLength,edges
2960,3,C(2960; 1; 821; 952),15,9.767826968570462,8880
2960,3,C(2960; 1; 941; 1048),15,9.767826968570462,8880
