N,K,S,diameter,averageShortestPathLength,edges
2289,3,C(2289; 1; 100; 162),13,8.97027972027972,6867
2289,3,C(2289; 1; 206; 963),13,8.97027972027972,6867
