N,K,S,diameter,averageShortestPathLength,edges
2831,3,C(2831; 1; 253; 839),15,9.625441696113073,8493
2831,3,C(2831; 1; 649; 959),15,9.625441696113073,8493
2831,3,C(2831; 1; 800; 1127),15,9.625441696113073,8493
