N,K,S,diameter,averageShortestPathLength,edges
2253,3,C(2253; 1; 380; 852),13,8.912966252220249,6759
2253,3,C(2253; 1; 690; 1085),13,8.912966252220249,6759
