N,K,S,diameter,averageShortestPathLength,edges
2841,3,C(2841; 1; 51; 1309),15,9.643661971830985,8523
2841,3,C(2841; 1; 369; 1274),15,9.643661971830985,8523
