N,K,S,diameter,averageShortestPathLength,edges
2611,3,C(2611; 1; 286; 742),14,9.370114942528735,7833
2611,3,C(2611; 1; 776; 1239),14,9.370114942528735,7833
