N,K,S,diameter,averageShortestPathLength,edges
2188,3,C(2188; 1; 209; 700),13,8.830361225422953,6564
2188,3,C(2188; 1; 335; 384),13,8.830361225422953,6564
