N,K,S,diameter,averageShortestPathLength,edges
2103,3,C(2103; 1; 222; 484),13,8.70789724072312,6309
2103,3,C(2103; 1; 743; 912),13,8.70789724072312,6309
