N,K,S,diameter,averageShortestPathLength,edges
2547,3,C(2547; 1; 185; 1139),14,9.285153181461116,7641
2547,3,C(2547; 1; 592; 667),14,9.285153181461116,7641
2547,3,C(2547; 1; 863; 1051),14,9.285153181461116,7641
