N,K,S,diameter,averageShortestPathLength,edges
2517,3,C(2517; 1; 45; 656),14,9.254372019077902,7551
2517,3,C(2517; 1; 541; 825),14,9.254372019077902,7551
