N,K,S,diameter,averageShortestPathLength,edges
2051,3,C(2051; 1; 149; 621),13,8.638048780487805,6153
2051,3,C(2051; 1; 179; 868),13,8.638048780487805,6153
2051,3,C(2051; 1; 234; 307),13,8.638048780487805,6153
2051,3,C(2051; 1; 275; 784),13,8.638048780487805,6153
2051,3,C(2051; 1; 314; 360),13,8.638048780487805,6153
