N,K,S,diameter,averageShortestPathLength,edges
2981,3,C(2981; 1; 231; 1004),15,9.790604026845637,8943
2981,3,C(2981; 1; 407; 1250),15,9.790604026845637,8943
