N,K,S,diameter,averageShortestPathLength,edges
2861,3,C(2861; 1; 248; 278),15,9.672027972027973,8583
2861,3,C(2861; 1; 796; 991),15,9.672027972027973,8583
2861,3,C(2861; 1; 843; 1307),15,9.672027972027973,8583
