N,K,S,diameter,averageShortestPathLength,edges
2779,3,C(2779; 1; 545; 886),15,9.571634269258459,8337
2779,3,C(2779; 1; 566; 1256),15,9.571634269258459,8337
2779,3,C(2779; 1; 712; 1020),15,9.571634269258459,8337
