N,K,S,diameter,averageShortestPathLength,edges
2902,3,C(2902; 1; 772; 1309),15,9.708721130644605,8706
2902,3,C(2902; 1; 889; 1436),15,9.708721130644605,8706
