N,K,S,diameter,averageShortestPathLength,edges
2031,3,C(2031; 1; 93; 160),13,8.60295566502463,6093
2031,3,C(2031; 1; 622; 978),13,8.60295566502463,6093
