N,K,S,diameter,averageShortestPathLength,edges
2145,3,C(2145; 1; 121; 167),13,8.771455223880597,6435
2145,3,C(2145; 1; 318; 982),13,8.771455223880597,6435
2145,3,C(2145; 1; 557; 909),13,8.771455223880597,6435
2145,3,C(2145; 1; 578; 847),13,8.771455223880597,6435
