N,K,S,diameter,averageShortestPathLength,edges
2565,3,C(2565; 1; 328; 423),14,9.316692667706707,7695
2565,3,C(2565; 1; 666; 1087),14,9.316692667706707,7695
