N,K,S,diameter,averageShortestPathLength,edges
2963,3,C(2963; 1; 122; 210),15,9.780553679945982,8889
2963,3,C(2963; 1; 144; 170),15,9.780553679945982,8889
2963,3,C(2963; 1; 1030; 1214),15,9.780553679945982,8889
