N,K,S,diameter,averageShortestPathLength,edges
2990,3,C(2990; 1; 881; 1366),15,9.80294412847106,8970
2990,3,C(2990; 1; 1244; 1439),15,9.80294412847106,8970
