N,K,S,diameter,averageShortestPathLength,edges
2848,3,C(2848; 1; 164; 1119),15,9.644889357218124,8544
2848,3,C(2848; 1; 705; 1148),15,9.644889357218124,8544
