N,K,S,diameter,averageShortestPathLength,edges
2732,3,C(2732; 1; 460; 1017),14,9.515928231417064,8196
2732,3,C(2732; 1; 865; 972),14,9.515928231417064,8196
