N,K,S,diameter,averageShortestPathLength,edges
2543,3,C(2543; 1; 43; 664),14,9.288749016522424,7629
2543,3,C(2543; 1; 111; 180),14,9.288749016522424,7629
2543,3,C(2543; 1; 252; 414),14,9.288749016522424,7629
