N,K,S,diameter,averageShortestPathLength,edges
2822,3,C(2822; 1; 156; 1063),14,9.61609358383552,8466
2822,3,C(2822; 1; 223; 924),14,9.61609358383552,8466
