N,K,S,diameter,averageShortestPathLength,edges
2353,3,C(2353; 1; 116; 188),14,9.056122448979592,7059
2353,3,C(2353; 1; 142; 813),14,9.056122448979592,7059
2353,3,C(2353; 1; 301; 388),14,9.056122448979592,7059
