N,K,S,diameter,averageShortestPathLength,edges
2251,3,C(2251; 1; 49; 917),13,8.917333333333334,6753
2251,3,C(2251; 1; 464; 1112),13,8.917333333333334,6753
2251,3,C(2251; 1; 735; 946),13,8.917333333333334,6753
