N,K,S,diameter,averageShortestPathLength,edges
2386,3,C(2386; 1; 120; 546),14,9.09182389937107,7158
2386,3,C(2386; 1; 644; 1124),14,9.09182389937107,7158
