N,K,S,diameter,averageShortestPathLength,edges
2530,3,C(2530; 1; 580; 857),14,9.27481217872677,7590
2530,3,C(2530; 1; 617; 1130),14,9.27481217872677,7590
