N,K,S,diameter,averageShortestPathLength,edges
2564,3,C(2564; 1; 297; 548),14,9.306281701131487,7692
2564,3,C(2564; 1; 304; 941),14,9.306281701131487,7692
