N,K,S,diameter,averageShortestPathLength,edges
2743,3,C(2743; 1; 62; 950),14,9.533916849015318,8229
2743,3,C(2743; 1; 335; 846),14,9.533916849015318,8229
2743,3,C(2743; 1; 958; 1283),14,9.533916849015318,8229
