N,K,S,diameter,averageShortestPathLength,edges
2383,3,C(2383; 1; 453; 991),14,9.089000839630563,7149
2383,3,C(2383; 1; 626; 786),14,9.089000839630563,7149
2383,3,C(2383; 1; 858; 933),14,9.089000839630563,7149
