N,K,S,diameter,averageShortestPathLength,edges
2468,3,C(2468; 1; 132; 161),14,9.19497365220916,7404
2468,3,C(2468; 1; 568; 1211),14,9.19497365220916,7404
