N,K,S,diameter,averageShortestPathLength,edges
2765,3,C(2765; 1; 707; 1142),14,9.544138929088279,8295
2765,3,C(2765; 1; 937; 1141),14,9.544138929088279,8295
