N,K,S,diameter,averageShortestPathLength,edges
2653,3,C(2653; 1; 53; 1075),14,9.419306184012067,7959
2653,3,C(2653; 1; 230; 901),14,9.419306184012067,7959
2653,3,C(2653; 1; 496; 1192),14,9.419306184012067,7959
2653,3,C(2653; 1; 539; 670),14,9.419306184012067,7959
2653,3,C(2653; 1; 1001; 1081),14,9.419306184012067,7959
