N,K,S,diameter,averageShortestPathLength,edges
2633,3,C(2633; 1; 62; 842),14,9.390577507598785,7899
2633,3,C(2633; 1; 337; 834),14,9.390577507598785,7899
2633,3,C(2633; 1; 470; 603),14,9.390577507598785,7899
2633,3,C(2633; 1; 521; 836),14,9.390577507598785,7899
2633,3,C(2633; 1; 566; 863),14,9.390577507598785,7899
2633,3,C(2633; 1; 637; 778),14,9.390577507598785,7899
