N,K,S,diameter,averageShortestPathLength,edges
2369,3,C(2369; 1; 124; 171),13,9.069256756756756,7107
2369,3,C(2369; 1; 363; 479),13,9.069256756756756,7107
2369,3,C(2369; 1; 568; 638),13,9.069256756756756,7107
