N,K,S,diameter,averageShortestPathLength,edges
2035,3,C(2035; 1; 144; 477),13,8.621435594886922,6105
2035,3,C(2035; 1; 657; 998),13,8.621435594886922,6105
2035,3,C(2035; 1; 749; 887),13,8.621435594886922,6105
