N,K,S,diameter,averageShortestPathLength,edges
2355,3,C(2355; 1; 100; 172),14,9.048428207306712,7065
2355,3,C(2355; 1; 178; 1040),14,9.048428207306712,7065
