N,K,S,diameter,averageShortestPathLength,edges
2569,3,C(2569; 1; 49; 610),14,9.327102803738319,7707
2569,3,C(2569; 1; 87; 465),14,9.327102803738319,7707
2569,3,C(2569; 1; 265; 558),14,9.327102803738319,7707
2569,3,C(2569; 1; 349; 502),14,9.327102803738319,7707
2569,3,C(2569; 1; 1057; 1175),14,9.327102803738319,7707
