N,K,S,diameter,averageShortestPathLength,edges
2599,3,C(2599; 1; 220; 284),14,9.36412625096228,7797
2599,3,C(2599; 1; 302; 1134),14,9.36412625096228,7797
2599,3,C(2599; 1; 424; 697),14,9.36412625096228,7797
