N,K,S,diameter,averageShortestPathLength,edges
2174,3,C(2174; 1; 120; 1053),13,8.810400368154625,6522
2174,3,C(2174; 1; 508; 1055),13,8.810400368154625,6522
