N,K,S,diameter,averageShortestPathLength,edges
2061,3,C(2061; 1; 26; 479),13,8.65631067961165,6183
2061,3,C(2061; 1; 86; 796),13,8.65631067961165,6183
2061,3,C(2061; 1; 695; 872),13,8.65631067961165,6183
