N,K,S,diameter,averageShortestPathLength,edges
2566,3,C(2566; 1; 65; 818),14,9.32514619883041,7698
2566,3,C(2566; 1; 698; 829),14,9.32514619883041,7698
