N,K,S,diameter,averageShortestPathLength,edges
2208,3,C(2208; 1; 475; 904),13,8.851835070231083,6624
2208,3,C(2208; 1; 595; 872),13,8.851835070231083,6624
