N,K,S,diameter,averageShortestPathLength,edges
2920,3,C(2920; 1; 121; 196),15,9.72079479273724,8760
2920,3,C(2920; 1; 436; 1279),15,9.72079479273724,8760
