N,K,S,diameter,averageShortestPathLength,edges
2405,3,C(2405; 1; 89; 870),14,9.11314475873544,7215
2405,3,C(2405; 1; 280; 1189),14,9.11314475873544,7215
