N,K,S,diameter,averageShortestPathLength,edges
2406,3,C(2406; 1; 858; 1139),13,9.120582120582121,7218
2406,3,C(2406; 1; 1109; 1152),13,9.120582120582121,7218
