N,K,S,diameter,averageShortestPathLength,edges
2042,3,C(2042; 1; 672; 863),13,8.623713865752082,6126
2042,3,C(2042; 1; 728; 937),13,8.623713865752082,6126
