N,K,S,diameter,averageShortestPathLength,edges
2650,3,C(2650; 1; 227; 950),14,9.421291053227634,7950
2650,3,C(2650; 1; 260; 637),14,9.421291053227634,7950
2650,3,C(2650; 1; 270; 1273),14,9.421291053227634,7950
2650,3,C(2650; 1; 537; 1300),14,9.421291053227634,7950
