N,K,S,diameter,averageShortestPathLength,edges
2807,3,C(2807; 1; 1001; 1329),14,9.604419101924448,8421
2807,3,C(2807; 1; 1168; 1351),14,9.604419101924448,8421
