N,K,S,diameter,averageShortestPathLength,edges
2225,3,C(2225; 1; 189; 975),13,8.884892086330936,6675
2225,3,C(2225; 1; 259; 1100),13,8.884892086330936,6675
2225,3,C(2225; 1; 347; 573),14,8.884892086330936,6675
2225,3,C(2225; 1; 411; 963),14,8.884892086330936,6675
2225,3,C(2225; 1; 1034; 1058),14,8.884892086330936,6675
