N,K,S,diameter,averageShortestPathLength,edges
2049,3,C(2049; 1; 100; 138),13,8.6376953125,6147
2049,3,C(2049; 1; 780; 1004),13,8.6376953125,6147
