N,K,S,diameter,averageShortestPathLength,edges
2387,3,C(2387; 1; 46; 624),14,9.088013411567477,7161
2387,3,C(2387; 1; 194; 467),14,9.088013411567477,7161
2387,3,C(2387; 1; 283; 876),14,9.088013411567477,7161
