N,K,S,diameter,averageShortestPathLength,edges
2699,3,C(2699; 1; 316; 995),14,9.469236471460341,8097
2699,3,C(2699; 1; 726; 962),14,9.469236471460341,8097
2699,3,C(2699; 1; 1123; 1299),14,9.469236471460341,8097
