N,K,S,diameter,averageShortestPathLength,edges
2811,3,C(2811; 1; 189; 1014),15,9.61423487544484,8433
2811,3,C(2811; 1; 513; 1335),15,9.61423487544484,8433
2811,3,C(2811; 1; 525; 753),15,9.61423487544484,8433
