N,K,S,diameter,averageShortestPathLength,edges
2255,3,C(2255; 1; 100; 172),13,8.910381543921917,6765
2255,3,C(2255; 1; 118; 525),13,8.910381543921917,6765
