N,K,S,diameter,averageShortestPathLength,edges
2266,3,C(2266; 1; 272; 597),13,8.932008830022076,6798
2266,3,C(2266; 1; 474; 873),13,8.932008830022076,6798
