N,K,S,diameter,averageShortestPathLength,edges
2058,3,C(2058; 1; 672; 865),13,8.654350996596985,6174
2058,3,C(2058; 1; 709; 1008),13,8.654350996596985,6174
