N,K,S,diameter,averageShortestPathLength,edges
2310,3,C(2310; 1; 151; 422),13,8.98960588999567,6930
2310,3,C(2310; 1; 719; 808),13,8.98960588999567,6930
