N,K,S,diameter,averageShortestPathLength,edges
2116,3,C(2116; 1; 648; 1019),13,8.724349881796691,6348
2116,3,C(2116; 1; 841; 960),13,8.724349881796691,6348
