N,K,S,diameter,averageShortestPathLength,edges
2385,3,C(2385; 1; 272; 357),14,9.085570469798657,7155
2385,3,C(2385; 1; 744; 833),14,9.085570469798657,7155
