N,K,S,diameter,averageShortestPathLength,edges
2182,3,C(2182; 1; 250; 1017),13,8.823933975240715,6546
2182,3,C(2182; 1; 262; 575),13,8.823933975240715,6546
