N,K,S,diameter,averageShortestPathLength,edges
2945,3,C(2945; 1; 558; 1144),15,9.757472826086957,8835
2945,3,C(2945; 1; 641; 1333),15,9.757472826086957,8835
