N,K,S,diameter,averageShortestPathLength,edges
2294,3,C(2294; 1; 120; 449),13,8.96772786742259,6882
2294,3,C(2294; 1; 281; 690),13,8.96772786742259,6882
