N,K,S,diameter,averageShortestPathLength,edges
2014,3,C(2014; 1; 572; 786),13,8.580228514654744,6042
2014,3,C(2014; 1; 618; 816),13,8.580228514654744,6042
