N,K,S,diameter,averageShortestPathLength,edges
2941,3,C(2941; 1; 117; 498),15,9.752380952380953,8823
2941,3,C(2941; 1; 313; 1329),15,9.752380952380953,8823
2941,3,C(2941; 1; 553; 1060),15,9.752380952380953,8823
