N,K,S,diameter,averageShortestPathLength,edges
2935,3,C(2935; 1; 171; 1249),15,9.743694614860258,8805
2935,3,C(2935; 1; 256; 994),15,9.743694614860258,8805
2935,3,C(2935; 1; 814; 944),15,9.743694614860258,8805
