N,K,S,diameter,averageShortestPathLength,edges
2307,3,C(2307; 1; 196; 1011),14,8.985255854293149,6921
2307,3,C(2307; 1; 718; 807),14,8.985255854293149,6921
