N,K,S,diameter,averageShortestPathLength,edges
2579,3,C(2579; 1; 24; 452),14,9.340574088440652,7737
2579,3,C(2579; 1; 97; 251),14,9.340574088440652,7737
2579,3,C(2579; 1; 411; 1182),14,9.340574088440652,7737
