N,K,S,diameter,averageShortestPathLength,edges
2213,3,C(2213; 1; 26; 914),13,8.859855334538878,6639
2213,3,C(2213; 1; 137; 1025),13,8.859855334538878,6639
2213,3,C(2213; 1; 210; 589),13,8.859855334538878,6639
2213,3,C(2213; 1; 339; 753),13,8.859855334538878,6639
2213,3,C(2213; 1; 650; 706),13,8.859855334538878,6639
2213,3,C(2213; 1; 766; 816),13,8.859855334538878,6639
