N,K,S,diameter,averageShortestPathLength,edges
2556,3,C(2556; 1; 608; 685),14,9.299412915851272,7668
2556,3,C(2556; 1; 680; 1153),14,9.299412915851272,7668
2556,3,C(2556; 1; 945; 1254),14,9.299412915851272,7668
