N,K,S,diameter,averageShortestPathLength,edges
2655,3,C(2655; 1; 626; 970),14,9.425018839487565,7965
2655,3,C(2655; 1; 844; 940),14,9.425018839487565,7965
