N,K,S,diameter,averageShortestPathLength,edges
2429,3,C(2429; 1; 351; 1166),14,9.15485996705107,7287
2429,3,C(2429; 1; 744; 1202),14,9.15485996705107,7287
2429,3,C(2429; 1; 1128; 1159),14,9.15485996705107,7287
