N,K,S,diameter,averageShortestPathLength,edges
2281,3,C(2281; 1; 203; 999),14,8.95701754385965,6843
2281,3,C(2281; 1; 614; 806),14,8.95701754385965,6843
2281,3,C(2281; 1; 618; 769),14,8.95701754385965,6843
