N,K,S,diameter,averageShortestPathLength,edges
2087,3,C(2087; 1; 118; 874),13,8.692233940556088,6261
2087,3,C(2087; 1; 126; 721),13,8.692233940556088,6261
2087,3,C(2087; 1; 394; 578),13,8.692233940556088,6261
2087,3,C(2087; 1; 538; 902),13,8.692233940556088,6261
2087,3,C(2087; 1; 574; 911),13,8.692233940556088,6261
2087,3,C(2087; 1; 709; 1016),13,8.692233940556088,6261
