N,K,S,diameter,averageShortestPathLength,edges
2382,3,C(2382; 1; 109; 172),14,9.09029819403612,7146
2382,3,C(2382; 1; 743; 832),14,9.09029819403612,7146
