N,K,S,diameter,averageShortestPathLength,edges
2013,3,C(2013; 1; 145; 473),13,8.587475149105368,6039
2013,3,C(2013; 1; 236; 913),13,8.587475149105368,6039
