N,K,S,diameter,averageShortestPathLength,edges
2311,3,C(2311; 1; 121; 167),14,8.997402597402598,6933
2311,3,C(2311; 1; 191; 457),14,8.997402597402598,6933
2311,3,C(2311; 1; 622; 941),14,8.997402597402598,6933
