N,K,S,diameter,averageShortestPathLength,edges
2344,3,C(2344; 1; 404; 544),13,9.037985488689714,7032
2344,3,C(2344; 1; 742; 834),14,9.037985488689714,7032
