N,K,S,diameter,averageShortestPathLength,edges
2319,3,C(2319; 1; 109; 172),13,8.999137187230371,6957
2319,3,C(2319; 1; 275; 851),13,8.999137187230371,6957
2319,3,C(2319; 1; 391; 877),13,8.999137187230371,6957
