N,K,S,diameter,averageShortestPathLength,edges
3414,3,C(3414;1;353;446),15,10.252563726926457,10242
3414,3,C(3414;1;677;1510),15,10.252563726926457,10242
