N,K,S,diameter,averageShortestPathLength,edges
3425,3,C(3425;1;47;1069),15,10.26285046728972,10275
3425,3,C(3425;1;123;583),15,10.26285046728972,10275
3425,3,C(3425;1;362;1304),15,10.26285046728972,10275
