N,K,S,diameter,averageShortestPathLength,edges
3275,3,C(3275;1;858;1115),16,10.112400733048259,9825
3275,3,C(3275;1;897;1280),16,10.112400733048259,9825
