N,K,S,diameter,averageShortestPathLength,edges
3439,3,C(3439;1;237;618),16,10.282140779522978,10317
3439,3,C(3439;1;473;1386),16,10.282140779522978,10317
3439,3,C(3439;1;682;1521),16,10.282140779522978,10317
