N,K,S,diameter,averageShortestPathLength,edges
3783,3,C(3783;1;392;732),16,10.610787942887361,11349
3783,3,C(3783;1;994;1272),16,10.610787942887361,11349
