N,K,S,diameter,averageShortestPathLength,edges
3367,3,C(3367;1;77;1583),15,10.203802733214498,10101
3367,3,C(3367;1;134;217),15,10.203802733214498,10101
