N,K,S,diameter,averageShortestPathLength,edges
3687,3,C(3687;1;1017;1363),16,10.523602821486707,11061
3687,3,C(3687;1;1550;1686),16,10.523602821486707,11061
