N,K,S,diameter,averageShortestPathLength,edges
3887,3,C(3887;1;142;230),16,10.711785898095728,11661
3887,3,C(3887;1;1834;1863),16,10.711785898095728,11661
