N,K,S,diameter,averageShortestPathLength,edges
3269,3,C(3269;1;338;427),15,10.104039167686658,9807
3269,3,C(3269;1;648;1169),15,10.104039167686658,9807
