N,K,S,diameter,averageShortestPathLength,edges
3509,3,C(3509;1;85;1653),16,10.350057012542759,10527
3509,3,C(3509;1;1508;1610),16,10.350057012542759,10527
