N,K,S,diameter,averageShortestPathLength,edges
3556,3,C(3556;1;305;1602),16,10.3943741209564,10668
3556,3,C(3556;1;390;513),16,10.3943741209564,10668
