N,K,S,diameter,averageShortestPathLength,edges
3554,3,C(3554;1;49;1256),16,10.387841260906276,10662
3554,3,C(3554;1;896;1233),16,10.387841260906276,10662
