N,K,S,diameter,averageShortestPathLength,edges
3741,3,C(3741;1;333;562),16,10.575401069518717,11223
3741,3,C(3741;1;659;1272),16,10.575401069518717,11223
