N,K,S,diameter,averageShortestPathLength,edges
3472,3,C(3472;1;367;1322),15,10.307692307692308,10416
3472,3,C(3472;1;719;810),15,10.307692307692308,10416
