N,K,S,diameter,averageShortestPathLength,edges
3913,3,C(3913;1;451;1237),16,10.736707566462167,11739
3913,3,C(3913;1;969;1206),16,10.736707566462167,11739
3913,3,C(3913;1;1692;1879),16,10.736707566462167,11739
