N,K,S,diameter,averageShortestPathLength,edges
3973,3,C(3973;1;101;1666),16,10.78600201409869,11919
3973,3,C(3973;1;118;1911),16,10.78600201409869,11919
3973,3,C(3973;1;1314;1605),16,10.78600201409869,11919
