N,K,S,diameter,averageShortestPathLength,edges
3020,3,C(3020;1;54;787),15,9.8386883073865512,9060
3020,3,C(3020;1;637;1178),15,9.8386883073865512,9060
