N,K,S,diameter,averageShortestPathLength,edges
3500,3,C(3500;1;278;308),16,10.348099456987711,10500
3500,3,C(3500;1;1246;1685),16,10.348099456987711,10500
