N,K,S,diameter,averageShortestPathLength,edges
3458,3,C(3458;1;446;1605),16,10.297946196123807,10374
3458,3,C(3458;1;739;1084),16,10.297946196123807,10374
