N,K,S,diameter,averageShortestPathLength,edges
3481,3,C(3481;1;51;1086),15,10.314942528735632,10443
3481,3,C(3481;1;273;593),15,10.314942528735632,10443
3481,3,C(3481;1;452;1561),15,10.314942528735632,10443
