N,K,S,diameter,averageShortestPathLength,edges
3653,3,C(3653;1;387;1021),16,10.485761226725081,10959
3653,3,C(3653;1;873;1775),16,10.485761226725081,10959
3653,3,C(3653;1;1010;1064),16,10.485761226725081,10959
