N,K,S,diameter,averageShortestPathLength,edges
3094,3,C(3094;1;123;524),15,9.9169091496928541,9282
3094,3,C(3094;1;327;1178),15,9.9169091496928541,9282
