N,K,S,diameter,averageShortestPathLength,edges
3042,3,C(3042;1;121;196),15,9.8664912857612634,9126
3042,3,C(3042;1;1004;1433),15,9.8664912857612634,9126
