N,K,S,diameter,averageShortestPathLength,edges
3384,3,C(3384;1;262;1619),15,10.215489210759682,10152
3384,3,C(3384;1;838;1043),15,10.215489210759682,10152
