N,K,S,diameter,averageShortestPathLength,edges
3151,3,C(3151;1;174;634),15,9.9879365079365083,9453
3151,3,C(3151;1;380;731),15,9.9879365079365083,9453
3151,3,C(3151;1;657;738),15,9.9879365079365083,9453
3151,3,C(3151;1;729;819),15,9.9879365079365083,9453
3151,3,C(3151;1;875;1327),15,9.9879365079365083,9453
3151,3,C(3151;1;996;1264),15,9.9879365079365083,9453
