N,K,S,diameter,averageShortestPathLength,edges
3501,3,C(3501;1;305;1641),15,10.326857142857143,10503
3501,3,C(3501;1;370;1333),15,10.326857142857143,10503
3501,3,C(3501;1;649;935),15,10.326857142857143,10503
3501,3,C(3501;1;867;1079),15,10.326857142857143,10503
3501,3,C(3501;1;971;1126),15,10.326857142857143,10503
