N,K,S,diameter,averageShortestPathLength,edges
3259,3,C(3259;1;156;562),15,10.0914671577655,9777
3259,3,C(3259;1;456;1149),15,10.0914671577655,9777
3259,3,C(3259;1;1096;1508),15,10.0914671577655,9777
