N,K,S,diameter,averageShortestPathLength,edges
3138,3,C(3138;1;46;979),15,9.9665285304430977,9414
3138,3,C(3138;1;1327;1420),15,9.9665285304430977,9414
