N,K,S,diameter,averageShortestPathLength,edges
3432,3,C(3432;1;146;829),15,10.270475080151559,10296
3432,3,C(3432;1;1213;1366),15,10.270475080151559,10296
