N,K,S,diameter,averageShortestPathLength,edges
3378,3,C(3378;1;72;1595),15,10.217648800710689,10134
3378,3,C(3378;1;432;557),15,10.217648800710689,10134
