N,K,S,diameter,averageShortestPathLength,edges
3529,3,C(3529;1;137;222),16,10.366213151927438,10587
3529,3,C(3529;1;365;461),16,10.366213151927438,10587
3529,3,C(3529;1;1391;1750),16,10.366213151927438,10587
