N,K,S,diameter,averageShortestPathLength,edges
3992,3,C(3992;1;56;1249),16,10.799548985216738,11976
3992,3,C(3992;1;172;223),16,10.799548985216738,11976
3992,3,C(3992;1;831;1368),16,10.799548985216738,11976
3992,3,C(3992;1;948;1271),16,10.799548985216738,11976
