N,K,S,diameter,averageShortestPathLength,edges
3649,3,C(3649;1;213;904),15,10.479166666666666,10947
3649,3,C(3649;1;553;1021),15,10.479166666666666,10947
3649,3,C(3649;1;651;1015),15,10.479166666666666,10947
