N,K,S,diameter,averageShortestPathLength,edges
3031,3,C(3031;1;424;571),15,9.8561056105610554,9093
3031,3,C(3031;1;775;1252),15,9.8561056105610554,9093
3031,3,C(3031;1;995;1251),15,9.8561056105610554,9093
