N,K,S,diameter,averageShortestPathLength,edges
3693,3,C(3693;1;494;1078),16,10.522751895991332,11079
3693,3,C(3693;1;770;865),16,10.522751895991332,11079
3693,3,C(3693;1;1268;1408),16,10.522751895991332,11079
