N,K,S,diameter,averageShortestPathLength,edges
3505,3,C(3505;1;247;1591),16,10.344748858447488,10515
3505,3,C(3505;1;298;943),16,10.344748858447488,10515
3505,3,C(3505;1;617;1606),16,10.344748858447488,10515
