N,K,S,diameter,averageShortestPathLength,edges
3279,3,C(3279;1;679;765),15,10.10921293471629,9837
3279,3,C(3279;1;1159;1305),15,10.10921293471629,9837
