N,K,S,diameter,averageShortestPathLength,edges
3340,3,C(3340;1;49;1042),15,10.177598083258461,10020
3340,3,C(3340;1;409;1342),15,10.177598083258461,10020
