N,K,S,diameter,averageShortestPathLength,edges
3623,3,C(3623;1;52;862),16,10.464384318056322,10869
3623,3,C(3623;1;84;559),16,10.464384318056322,10869
3623,3,C(3623;1;209;992),16,10.464384318056322,10869
