N,K,S,diameter,averageShortestPathLength,edges
3206,3,C(3206;1;187;610),15,10.030889235569422,9618
3206,3,C(3206;1;1334;1543),15,10.030889235569422,9618
