N,K,S,diameter,averageShortestPathLength,edges
3568,3,C(3568;1;547;1434),15,10.402579198205775,10704
3568,3,C(3568;1;1285;1602),15,10.402579198205775,10704
