N,K,S,diameter,averageShortestPathLength,edges
3578,3,C(3578;1;237;662),15,10.411238467989936,10734
3578,3,C(3578;1;1054;1555),15,10.411238467989936,10734
