N,K,S,diameter,averageShortestPathLength,edges
3055,3,C(3055;1;415;597),15,9.8775376555337271,9165
3055,3,C(3055;1;625;742),15,9.8775376555337271,9165
