N,K,S,diameter,averageShortestPathLength,edges
3527,3,C(3527;1;187;889),15,10.367555303460012,10581
3527,3,C(3527;1;365;1242),15,10.367555303460012,10581
3527,3,C(3527;1;514;679),15,10.367555303460012,10581
