N,K,S,diameter,averageShortestPathLength,edges
3399,3,C(3399;1;624;857),16,10.248969982342555,10197
3399,3,C(3399;1;1055;1086),16,10.248969982342555,10197
