N,K,S,diameter,averageShortestPathLength,edges
3375,3,C(3375;1;669;832),15,10.212803793716656,10125
3375,3,C(3375;1;718;1092),15,10.212803793716656,10125
