N,K,S,diameter,averageShortestPathLength,edges
3755,3,C(3755;1;80;1773),16,10.580181140117208,11265
3755,3,C(3755;1;125;1078),16,10.580181140117208,11265
