N,K,S,diameter,averageShortestPathLength,edges
3961,3,C(3961;1;200;1471),16,10.777777777777779,11883
3961,3,C(3961;1;812;1770),16,10.777777777777779,11883
3961,3,C(3961;1;875;1481),16,10.777777777777779,11883
