N,K,S,diameter,averageShortestPathLength,edges
3227,3,C(3227;1;610;1323),15,10.061376317420955,9681
3227,3,C(3227;1;1021;1330),15,10.061376317420955,9681
