N,K,S,diameter,averageShortestPathLength,edges
3499,3,C(3499;1;80;1645),15,10.331046312178387,10497
3499,3,C(3499;1;468;519),15,10.331046312178387,10497
3499,3,C(3499;1;831;1114),15,10.331046312178387,10497
