N,K,S,diameter,averageShortestPathLength,edges
3843,3,C(3843;1;514;570),16,10.66892243623113,11529
3843,3,C(3843;1;800;1317),16,10.66892243623113,11529
