N,K,S,diameter,averageShortestPathLength,edges
3428,3,C(3428;1;300;494),15,10.267580974613365,10284
3428,3,C(3428;1;1080;1196),15,10.267580974613365,10284
