N,K,S,diameter,averageShortestPathLength,edges
3849,3,C(3849;1;250;1217),16,10.672037422037421,11547
3849,3,C(3849;1;797;898),16,10.672037422037421,11547
3849,3,C(3849;1;1273;1555),16,10.672037422037421,11547
