N,K,S,diameter,averageShortestPathLength,edges
3019,3,C(3019;1;46;716),15,9.843605036447979,9057
3019,3,C(3019;1;409;700),15,9.843605036447979,9057
3019,3,C(3019;1;772;1247),15,9.843605036447979,9057
