N,K,S,diameter,averageShortestPathLength,edges
3475,3,C(3475;1;337;1073),16,10.322970639032816,10425
3475,3,C(3475;1;444;638),16,10.322970639032816,10425
3475,3,C(3475;1;1354;1423),16,10.322970639032816,10425
