N,K,S,diameter,averageShortestPathLength,edges
3859,3,C(3859;1;618;1887),16,10.68066355624676,11577
3859,3,C(3859;1;765;1380),16,10.68066355624676,11577
