N,K,S,diameter,averageShortestPathLength,edges
3086,3,C(3086;1;639;720),15,9.9089141004862231,9258
3086,3,C(3086;1;821;1392),15,9.9089141004862231,9258
