N,K,S,diameter,averageShortestPathLength,edges
3321,3,C(3321;1;63;1307),15,10.164457831325301,9963
3321,3,C(3321;1;869;1611),15,10.164457831325301,9963
