N,K,S,diameter,averageShortestPathLength,edges
3513,3,C(3513;1;305;657),16,10.35250569476082,10539
3513,3,C(3513;1;735;956),16,10.35250569476082,10539
