N,K,S,diameter,averageShortestPathLength,edges
3797,3,C(3797;1;214;1354),16,10.628029504741834,11391
3797,3,C(3797;1;621;1697),16,10.628029504741834,11391
3797,3,C(3797;1;917;1206),16,10.628029504741834,11391
