N,K,S,diameter,averageShortestPathLength,edges
3638,3,C(3638;1;649;1012),16,10.470717624415727,10914
3638,3,C(3638;1;1009;1170),16,10.470717624415727,10914
