N,K,S,diameter,averageShortestPathLength,edges
3061,3,C(3061;1;151;1483),15,9.8888888888888893,9183
3061,3,C(3061;1;274;938),15,9.8888888888888893,9183
3061,3,C(3061;1;391;562),15,9.8888888888888893,9183
3061,3,C(3061;1;561;1041),15,9.8888888888888893,9183
3061,3,C(3061;1;580;1189),15,9.8888888888888893,9183
3061,3,C(3061;1;1419;1470),15,9.8888888888888893,9183
