N,K,S,diameter,averageShortestPathLength,edges
3982,3,C(3982;1;192;1078),16,10.796533534287867,11946
3982,3,C(3982;1;347;1424),16,10.796533534287867,11946
3982,3,C(3982;1;650;1641),16,10.796533534287867,11946
