N,K,S,diameter,averageShortestPathLength,edges
3343,3,C(3343;1;127;1374),16,10.179533213644524,10029
3343,3,C(3343;1;494;1399),16,10.179533213644524,10029
3343,3,C(3343;1;816;1279),16,10.179533213644524,10029
