N,K,S,diameter,averageShortestPathLength,edges
3111,3,C(3111;1;602;1065),15,9.9401929260450164,9333
3111,3,C(3111;1;770;1254),15,9.9401929260450164,9333
