N,K,S,diameter,averageShortestPathLength,edges
3160,3,C(3160;1;494;1557),15,9.9876543209876552,9480
3160,3,C(3160;1;893;1258),15,9.9876543209876552,9480
