N,K,S,diameter,averageShortestPathLength,edges
3351,3,C(3351;1;222;620),15,10.18686567164179,10053
3351,3,C(3351;1;1562;1611),15,10.18686567164179,10053
