N,K,S,diameter,averageShortestPathLength,edges
3307,3,C(3307;1;137;222),15,10.137326073805202,9921
3307,3,C(3307;1;342;432),15,10.137326073805202,9921
3307,3,C(3307;1;869;1112),15,10.137326073805202,9921
