N,K,S,diameter,averageShortestPathLength,edges
3349,3,C(3349;1;347;648),15,10.182795698924732,10047
3349,3,C(3349;1;500;1467),15,10.182795698924732,10047
3349,3,C(3349;1;553;998),15,10.182795698924732,10047
3349,3,C(3349;1;812;1077),15,10.182795698924732,10047
3349,3,C(3349;1;829;1350),15,10.182795698924732,10047
3349,3,C(3349;1;1561;1610),15,10.182795698924732,10047
