N,K,S,diameter,averageShortestPathLength,edges
3373,3,C(3373;1;155;183),16,10.218861209964412,10119
3373,3,C(3373;1;347;1458),16,10.218861209964412,10119
3373,3,C(3373;1;811;904),16,10.218861209964412,10119
