N,K,S,diameter,averageShortestPathLength,edges
3931,3,C(3931;1;54;1227),16,10.74351145038168,11793
3931,3,C(3931;1;364;1506),16,10.74351145038168,11793
3931,3,C(3931;1;817;1368),16,10.74351145038168,11793
