N,K,S,diameter,averageShortestPathLength,edges
3672,3,C(3672;1;728;1313),15,10.50531190411332,11016
3672,3,C(3672;1;872;1169),15,10.50531190411332,11016
