N,K,S,diameter,averageShortestPathLength,edges
3878,3,C(3878;1;52;803),16,10.698994067578024,11634
3878,3,C(3878;1;1019;1304),16,10.698994067578024,11634
