N,K,S,diameter,averageShortestPathLength,edges
3629,3,C(3629;1;176;1365),16,10.4696802646086,10887
3629,3,C(3629;1;433;482),16,10.4696802646086,10887
3629,3,C(3629;1;880;1167),16,10.4696802646086,10887
