N,K,S,diameter,averageShortestPathLength,edges
3512,3,C(3512;1;430;1411),16,10.345770435773284,10536
3512,3,C(3512;1;453;1630),16,10.345770435773284,10536
