N,K,S,diameter,averageShortestPathLength,edges
3710,3,C(3710;1;51;1158),16,10.540037746023186,11130
3710,3,C(3710;1;291;632),16,10.540037746023186,11130
