N,K,S,diameter,averageShortestPathLength,edges
3549,3,C(3549;1;993;1049),16,10.390642615558061,10647
3549,3,C(3549;1;1492;1623),16,10.390642615558061,10647
