N,K,S,diameter,averageShortestPathLength,edges
3358,3,C(3358;1;362;783),15,10.195710455764075,10074
3358,3,C(3358;1;1420;1471),15,10.195710455764075,10074
