N,K,S,diameter,averageShortestPathLength,edges
3856,3,C(3856;1;888;1097),16,10.67911802853437,11568
3856,3,C(3856;1;935;1240),16,10.67911802853437,11568
