N,K,S,diameter,averageShortestPathLength,edges
3517,3,C(3517;1;146;554),15,10.349260523321957,10551
3517,3,C(3517;1;533;984),15,10.349260523321957,10551
3517,3,C(3517;1;871;1084),15,10.349260523321957,10551
