N,K,S,diameter,averageShortestPathLength,edges
3697,3,C(3697;1;245;684),16,10.52435064935065,11091
3697,3,C(3697;1;654;1259),16,10.52435064935065,11091
3697,3,C(3697;1;878;1177),16,10.52435064935065,11091
