N,K,S,diameter,averageShortestPathLength,edges
3437,3,C(3437;1;260;749),16,10.285215366705472,10311
3437,3,C(3437;1;965;1015),16,10.285215366705472,10311
