N,K,S,diameter,averageShortestPathLength,edges
3573,3,C(3573;1;206;1360),16,10.412094064949608,10719
3573,3,C(3573;1;478;1043),16,10.412094064949608,10719
3573,3,C(3573;1;503;1637),16,10.412094064949608,10719
