N,K,S,diameter,averageShortestPathLength,edges
3097,3,C(3097;1;824;1397),15,9.9173126614987073,9291
3097,3,C(3097;1;859;996),15,9.9173126614987073,9291
3097,3,C(3097;1;971;1078),15,9.9173126614987073,9291
