N,K,S,diameter,averageShortestPathLength,edges
3080,3,C(3080;1;412;899),15,9.9028905488795065,9240
3080,3,C(3080;1;579;1388),15,9.9028905488795065,9240
