N,K,S,diameter,averageShortestPathLength,edges
3222,3,C(3222;1;440;993),15,10.045638000620926,9666
3222,3,C(3222;1;440;1351),15,10.045638000620926,9666
3222,3,C(3222;1;494;1295),15,10.045638000620926,9666
