N,K,S,diameter,averageShortestPathLength,edges
3555,3,C(3555;1;170;545),15,10.391671356218346,10665
3555,3,C(3555;1;1295;1545),15,10.391671356218346,10665
