N,K,S,diameter,averageShortestPathLength,edges
3635,3,C(3635;1;507;1637),16,10.467253714914694,10905
3635,3,C(3635;1;551;1017),16,10.467253714914694,10905
3635,3,C(3635;1;803;1359),16,10.467253714914694,10905
