N,K,S,diameter,averageShortestPathLength,edges
3389,3,C(3389;1;107;1626),15,10.221959858323494,10167
3389,3,C(3389;1;712;1647),15,10.221959858323494,10167
3389,3,C(3389;1;940;1090),15,10.221959858323494,10167
