N,K,S,diameter,averageShortestPathLength,edges
3801,3,C(3801;1;51;787),16,10.626842105263158,11403
3801,3,C(3801;1;87;1787),16,10.626842105263158,11403
