N,K,S,diameter,averageShortestPathLength,edges
3934,3,C(3934;1;377;496),16,10.745995423340961,11802
3934,3,C(3934;1;510;1847),16,10.745995423340961,11802
