N,K,S,diameter,averageShortestPathLength,edges
3220,3,C(3220;1;766;1107),15,10.050015532774154,9660
3220,3,C(3220;1;797;1298),15,10.050015532774154,9660
