N,K,S,diameter,averageShortestPathLength,edges
3729,3,C(3729;1;206;667),16,10.563841201716738,11187
3729,3,C(3729;1;887;1282),16,10.563841201716738,11187
3729,3,C(3729;1;1202;1498),16,10.563841201716738,11187
