N,K,S,diameter,averageShortestPathLength,edges
3315,3,C(3315;1;307;1270),15,10.155703077851539,9945
3315,3,C(3315;1;520;1082),15,10.155703077851539,9945
3315,3,C(3315;1;650;1057),15,10.155703077851539,9945
3315,3,C(3315;1;760;1123),15,10.155703077851539,9945
