N,K,S,diameter,averageShortestPathLength,edges
3988,3,C(3988;1;182;1490),16,10.798093804865815,11964
3988,3,C(3988;1;230;1518),16,10.798093804865815,11964
3988,3,C(3988;1;254;1048),16,10.798093804865815,11964
3988,3,C(3988;1;1272;1714),16,10.798093804865815,11964
