N,K,S,diameter,averageShortestPathLength,edges
3965,3,C(3965;1;735;1059),16,10.778506559031282,11895
3965,3,C(3965;1;951;1145),16,10.778506559031282,11895
