N,K,S,diameter,averageShortestPathLength,edges
3413,3,C(3413;1;49;812),15,10.249120750293084,10239
3413,3,C(3413;1;471;1602),15,10.249120750293084,10239
3413,3,C(3413;1;786;971),15,10.249120750293084,10239
