N,K,S,diameter,averageShortestPathLength,edges
3863,3,C(3863;1;51;1209),16,10.680994303469705,11589
3863,3,C(3863;1;303;658),16,10.680994303469705,11589
3863,3,C(3863;1;933;1227),16,10.680994303469705,11589
