N,K,S,diameter,averageShortestPathLength,edges
3301,3,C(3301;1;882;1186),15,10.138787878787879,9903
3301,3,C(3301;1;1025;1567),15,10.138787878787879,9903
3301,3,C(3301;1;1396;1446),15,10.138787878787879,9903
