N,K,S,diameter,averageShortestPathLength,edges
3364,3,C(3364;1;450;499),15,10.197740112994349,10092
3364,3,C(3364;1;991;1462),15,10.197740112994349,10092
