N,K,S,diameter,averageShortestPathLength,edges
3277,3,C(3277;1;30;1424),15,10.12026862026862,9831
3277,3,C(3277;1;171;1420),15,10.12026862026862,9831
3277,3,C(3277;1;399;1467),15,10.12026862026862,9831
3277,3,C(3277;1;621;1273),15,10.12026862026862,9831
3277,3,C(3277;1;909;1054),15,10.12026862026862,9831
3277,3,C(3277;1;1179;1388),15,10.12026862026862,9831
