N,K,S,diameter,averageShortestPathLength,edges
3889,3,C(3889;1;505;1744),16,10.713991769547325,11667
3889,3,C(3889;1;662;1639),16,10.713991769547325,11667
3889,3,C(3889;1;1571;1921),16,10.713991769547325,11667
