N,K,S,diameter,averageShortestPathLength,edges
3868,3,C(3868;1;205;975),16,10.693560899922421,11604
3868,3,C(3868;1;337;1813),16,10.693560899922421,11604
3868,3,C(3868;1;690;1076),16,10.693560899922421,11604
3868,3,C(3868;1;717;1033),16,10.693560899922421,11604
