N,K,S,diameter,averageShortestPathLength,edges
3654,3,C(3654;1;190;701),16,10.483438269915139,10962
3654,3,C(3654;1;386;1079),16,10.483438269915139,10962
