N,K,S,diameter,averageShortestPathLength,edges
3727,3,C(3727;1;124;1070),16,10.560386473429952,11181
3727,3,C(3727;1;241;1591),16,10.560386473429952,11181
3727,3,C(3727;1;390;1139),16,10.560386473429952,11181
3727,3,C(3727;1;724;1101),16,10.560386473429952,11181
3727,3,C(3727;1;1045;1098),16,10.560386473429952,11181
3727,3,C(3727;1;1271;1593),16,10.560386473429952,11181
