N,K,S,diameter,averageShortestPathLength,edges
3986,3,C(3986;1;128;673),16,10.801003764115434,11958
3986,3,C(3986;1;628;1303),16,10.801003764115434,11958
