N,K,S,diameter,averageShortestPathLength,edges
3065,3,C(3065;1;324;1167),15,9.8851174934725847,9195
3065,3,C(3065;1;1127;1413),15,9.8851174934725847,9195
3065,3,C(3065;1;1296;1387),15,9.8851174934725847,9195
