N,K,S,diameter,averageShortestPathLength,edges
3104,3,C(3104;1;534;787),15,9.933290364163712,9312
3104,3,C(3104;1;635;754),15,9.933290364163712,9312
