N,K,S,diameter,averageShortestPathLength,edges
3833,3,C(3833;1;121;1839),16,10.658141962421713,11499
3833,3,C(3833;1;221;1459),16,10.658141962421713,11499
3833,3,C(3833;1;555;982),16,10.658141962421713,11499
