N,K,S,diameter,averageShortestPathLength,edges
3202,3,C(3202;1;602;1443),15,10.030927835051546,9606
3202,3,C(3202;1;1354;1449),15,10.030927835051546,9606
