N,K,S,diameter,averageShortestPathLength,edges
3488,3,C(3488;1;675;1194),16,10.326068253513048,10464
3488,3,C(3488;1;1173;1614),16,10.326068253513048,10464
