N,K,S,diameter,averageShortestPathLength,edges
3695,3,C(3695;1;608;1039),16,10.536545749864645,11085
3695,3,C(3695;1;668;1579),16,10.536545749864645,11085
3695,3,C(3695;1;968;1258),16,10.536545749864645,11085
