N,K,S,diameter,averageShortestPathLength,edges
3579,3,C(3579;1;204;1154),16,10.419228619340414,10737
3579,3,C(3579;1;673;1290),16,10.419228619340414,10737
