N,K,S,diameter,averageShortestPathLength,edges
3853,3,C(3853;1;584;1078),16,10.675493250259606,11559
3853,3,C(3853;1;1229;1656),16,10.675493250259606,11559
3853,3,C(3853;1;1323;1469),16,10.675493250259606,11559
