N,K,S,diameter,averageShortestPathLength,edges
3268,3,C(3268;1;286;471),15,10.101928374655648,9804
3268,3,C(3268;1;451;1534),15,10.101928374655648,9804
