N,K,S,diameter,averageShortestPathLength,edges
3726,3,C(3726;1;386;721),16,10.553557046979865,11178
3726,3,C(3726;1;739;1648),16,10.553557046979865,11178
