N,K,S,diameter,averageShortestPathLength,edges
3044,3,C(3044;1;28;1181),15,9.8675649030561949,9132
3044,3,C(3044;1;183;964),15,9.8675649030561949,9132
