N,K,S,diameter,averageShortestPathLength,edges
3180,3,C(3180;1;77;1498),15,10.006605850896507,9540
3180,3,C(3180;1;413;1426),15,10.006605850896507,9540
