N,K,S,diameter,averageShortestPathLength,edges
3708,3,C(3708;1;287;1362),16,10.534664148907472,11124
3708,3,C(3708;1;287;1774),16,10.534664148907472,11124
3708,3,C(3708;1;323;1326),16,10.534664148907472,11124
3708,3,C(3708;1;323;1738),16,10.534664148907472,11124
