N,K,S,diameter,averageShortestPathLength,edges
3760,3,C(3760;1;90;1057),16,10.584729981378025,11280
3760,3,C(3760;1;1590;1647),16,10.584729981378025,11280
