N,K,S,diameter,averageShortestPathLength,edges
3880,3,C(3880;1;141;942),16,10.703789636504254,11640
3880,3,C(3880;1;502;1541),16,10.703789636504254,11640
