N,K,S,diameter,averageShortestPathLength,edges
3147,3,C(3147;1;146;636),15,9.9790209790209783,9441
3147,3,C(3147;1;194;651),15,9.9790209790209783,9441
3147,3,C(3147;1;465;1317),15,9.9790209790209783,9441
