N,K,S,diameter,averageShortestPathLength,edges
3979,3,C(3979;1;596;1349),16,10.802916038210157,11937
3979,3,C(3979;1;701;1353),16,10.802916038210157,11937
3979,3,C(3979;1;1144;1814),16,10.802916038210157,11937
