N,K,S,diameter,averageShortestPathLength,edges
3485,3,C(3485;1;110;1672),16,10.326636050516647,10455
3485,3,C(3485;1;173;1605),16,10.326636050516647,10455
3485,3,C(3485;1;643;883),16,10.326636050516647,10455
3485,3,C(3485;1;771;1252),16,10.326636050516647,10455
3485,3,C(3485;1;1038;1686),16,10.326636050516647,10455
