N,K,S,diameter,averageShortestPathLength,edges
3993,3,C(3993;1;172;223),16,10.809118236472946,11979
3993,3,C(3993;1;1522;1754),16,10.809118236472946,11979
3993,3,C(3993;1;1696;1834),16,10.809118236472946,11979
