N,K,S,diameter,averageShortestPathLength,edges
3782,3,C(3782;1;669;1288),16,10.604601957154191,11346
3782,3,C(3782;1;701;1010),16,10.604601957154191,11346
