N,K,S,diameter,averageShortestPathLength,edges
3159,3,C(3159;1;666;1393),15,9.9936668777707407,9477
3159,3,C(3159;1;801;1372),15,9.9936668777707407,9477
