N,K,S,diameter,averageShortestPathLength,edges
3381,3,C(3381;1;74;1594),15,10.220710059171598,10143
3381,3,C(3381;1;473;1192),15,10.220710059171598,10143
3381,3,C(3381;1;1075;1325),15,10.220710059171598,10143
