N,K,S,diameter,averageShortestPathLength,edges
3009,3,C(3009;1;240;769),15,9.8284574468085104,9027
3009,3,C(3009;1;1033;1182),15,9.8284574468085104,9027
