N,K,S,diameter,averageShortestPathLength,edges
3958,3,C(3958;1;1174;1559),16,10.773818549406116,11874
3958,3,C(3958;1;1701;1816),16,10.773818549406116,11874
