N,K,S,diameter,averageShortestPathLength,edges
3905,3,C(3905;1;130;1121),16,10.727971311475409,11715
3905,3,C(3905;1;1080;1794),16,10.727971311475409,11715
