N,K,S,diameter,averageShortestPathLength,edges
3617,3,C(3617;1;250;1221),16,10.452433628318584,10851
3617,3,C(3617;1;680;1630),16,10.452433628318584,10851
3617,3,C(3617;1;770;865),16,10.452433628318584,10851
