N,K,S,diameter,averageShortestPathLength,edges
3784,3,C(3784;1;47;1334),16,10.619085381971979,11352
3784,3,C(3784;1;161;914),16,10.619085381971979,11352
