N,K,S,diameter,averageShortestPathLength,edges
3169,3,C(3169;1;185;785),15,10.006313131313131,9507
3169,3,C(3169;1;424;925),15,10.006313131313131,9507
3169,3,C(3169;1;1009;1530),15,10.006313131313131,9507
