N,K,S,diameter,averageShortestPathLength,edges
3191,3,C(3191;1;71;687),15,10.030721003134797,9573
3191,3,C(3191;1;93;1347),15,10.030721003134797,9573
3191,3,C(3191;1;549;809),15,10.030721003134797,9573
