N,K,S,diameter,averageShortestPathLength,edges
3200,3,C(3200;1;29;678),15,10.03157236636449,9600
3200,3,C(3200;1;331;418),15,10.03157236636449,9600
