N,K,S,diameter,averageShortestPathLength,edges
3942,3,C(3942;1;172;223),16,10.76884039583862,11826
3942,3,C(3942;1;176;1697),16,10.76884039583862,11826
