N,K,S,diameter,averageShortestPathLength,edges
3787,3,C(3787;1;52;1182),16,10.609086106708927,11361
3787,3,C(3787;1;330;1775),16,10.609086106708927,11361
3787,3,C(3787;1;751;1675),16,10.609086106708927,11361
