N,K,S,diameter,averageShortestPathLength,edges
3694,3,C(3694;1;123;826),16,10.530192255618738,11082
3694,3,C(3694;1;654;931),16,10.530192255618738,11082
