N,K,S,diameter,averageShortestPathLength,edges
3542,3,C(3542;1;229;1512),16,10.38040101666196,10626
3542,3,C(3542;1;1655;1708),16,10.38040101666196,10626
