N,K,S,diameter,averageShortestPathLength,edges
3085,3,C(3085;1;137;222),15,9.9079118028534374,9255
3085,3,C(3085;1;319;403),15,9.9079118028534374,9255
3085,3,C(3085;1;608;764),15,9.9079118028534374,9255
