N,K,S,diameter,averageShortestPathLength,edges
3179,3,C(3179;1;224;1443),15,10.009439899307742,9537
3179,3,C(3179;1;434;1333),15,10.009439899307742,9537
3179,3,C(3179;1;787;1405),15,10.009439899307742,9537
