N,K,S,diameter,averageShortestPathLength,edges
3368,3,C(3368;1;134;217),15,10.208494208494209,10104
3368,3,C(3368;1;745;1210),15,10.208494208494209,10104
