N,K,S,diameter,averageShortestPathLength,edges
3969,3,C(3969;1;204;1294),17,10.785282258064516,11907
3969,3,C(3969;1;365;951),17,10.785282258064516,11907
