N,K,S,diameter,averageShortestPathLength,edges
3185,3,C(3185;1;150;1168),15,10.018844221105528,9555
3185,3,C(3185;1;900;1268),15,10.018844221105528,9555
