N,K,S,diameter,averageShortestPathLength,edges
3105,3,C(3105;1;132;214),15,9.9252577319587623,9315
3105,3,C(3105;1;424;1302),15,9.9252577319587623,9315
3105,3,C(3105;1;476;1248),15,9.9252577319587623,9315
3105,3,C(3105;1;769;957),15,9.9252577319587623,9315
