N,K,S,diameter,averageShortestPathLength,edges
3835,3,C(3835;1;700;1293),17,10.670839853938446,11505
3835,3,C(3835;1;745;1133),17,10.670839853938446,11505
