N,K,S,diameter,averageShortestPathLength,edges
3217,3,C(3217;1;49;763),15,10.057213930348258,9651
3217,3,C(3217;1;156;1210),15,10.057213930348258,9651
3217,3,C(3217;1;444;1510),15,10.057213930348258,9651
