N,K,S,diameter,averageShortestPathLength,edges
3274,3,C(3274;1;908;1053),15,10.108463183623586,9822
3274,3,C(3274;1;911;1134),15,10.108463183623586,9822
