N,K,S,diameter,averageShortestPathLength,edges
3103,3,C(3103;1;652;1508),15,9.9348807221147641,9309
3103,3,C(3103;1;1392;1423),15,9.9348807221147641,9309
