N,K,S,diameter,averageShortestPathLength,edges
3564,3,C(3564;1;46;1259),16,10.403592478248667,10692
3564,3,C(3564;1;334;937),16,10.403592478248667,10692
