N,K,S,diameter,averageShortestPathLength,edges
3126,3,C(3126;1;763;1196),15,9.9548799999999993,9378
3126,3,C(3126;1;994;1225),15,9.9548799999999993,9378
