N,K,S,diameter,averageShortestPathLength,edges
3235,3,C(3235;1;953;1406),15,10.061224489795919,9705
3235,3,C(3235;1;1346;1557),15,10.061224489795919,9705
3235,3,C(3235;1;1368;1417),15,10.061224489795919,9705
