N,K,S,diameter,averageShortestPathLength,edges
3490,3,C(3490;1;49;1092),15,10.321868730295213,10470
3490,3,C(3490;1;641;1518),15,10.321868730295213,10470
