N,K,S,diameter,averageShortestPathLength,edges
3139,3,C(3139;1;243;1153),15,9.9751434034416828,9417
3139,3,C(3139;1;498;618),15,9.9751434034416828,9417
3139,3,C(3139;1;977;1098),15,9.9751434034416828,9417
