N,K,S,diameter,averageShortestPathLength,edges
3775,3,C(3775;1;96;1583),16,10.60042395336513,11325
3775,3,C(3775;1;652;1219),16,10.60042395336513,11325
3775,3,C(3775;1;1488;1872),16,10.60042395336513,11325
