N,K,S,diameter,averageShortestPathLength,edges
3867,3,C(3867;1;363;995),16,10.692188308329023,11601
3867,3,C(3867;1;1232;1356),16,10.692188308329023,11601
