N,K,S,diameter,averageShortestPathLength,edges
3543,3,C(3543;1;422;468),15,10.386787125917561,10629
3543,3,C(3543;1;1359;1570),15,10.386787125917561,10629
