N,K,S,diameter,averageShortestPathLength,edges
3507,3,C(3507;1;196;1485),16,10.34968625213919,10521
3507,3,C(3507;1;597;1478),16,10.34968625213919,10521
3507,3,C(3507;1;1483;1587),16,10.34968625213919,10521
