N,K,S,diameter,averageShortestPathLength,edges
3957,3,C(3957;1;181;1369),16,10.775530839231546,11871
3957,3,C(3957;1;634;1363),16,10.775530839231546,11871
3957,3,C(3957;1;1289;1873),16,10.775530839231546,11871
