N,K,S,diameter,averageShortestPathLength,edges
3361,3,C(3361;1;935;1417),16,10.204166666666667,10083
3361,3,C(3361;1;1413;1537),16,10.204166666666667,10083
3361,3,C(3361;1;1558;1614),16,10.204166666666667,10083
