N,K,S,diameter,averageShortestPathLength,edges
3060,3,C(3060;1;418;469),14,9.8842759071592017,9180
3060,3,C(3060;1;562;1331),14,9.8842759071592017,9180
