N,K,S,diameter,averageShortestPathLength,edges
3166,3,C(3166;1;262;1525),15,9.9933649289099531,9498
3166,3,C(3166;1;1119;1260),15,9.9933649289099531,9498
