N,K,S,diameter,averageShortestPathLength,edges
3258,3,C(3258;1;433;482),15,10.095486644151059,9774
3258,3,C(3258;1;775;1120),15,10.095486644151059,9774
