N,K,S,diameter,averageShortestPathLength,edges
3897,3,C(3897;1;1232;1356),16,10.720739219712526,11691
3897,3,C(3897;1;1648;1707),16,10.720739219712526,11691
