N,K,S,diameter,averageShortestPathLength,edges
3433,3,C(3433;1;288;486),16,10.272144522144522,10299
3433,3,C(3433;1;298;642),16,10.272144522144522,10299
3433,3,C(3433;1;332;508),16,10.272144522144522,10299
