N,K,S,diameter,averageShortestPathLength,edges
3337,3,C(3337;1;80;1564),15,10.173860911270983,10011
3337,3,C(3337;1;111;958),15,10.173860911270983,10011
3337,3,C(3337;1;292;481),15,10.173860911270983,10011
