N,K,S,diameter,averageShortestPathLength,edges
3613,3,C(3613;1;77;1706),16,10.446290143964562,10839
3613,3,C(3613;1;116;610),16,10.446290143964562,10839
3613,3,C(3613;1;1277;1438),16,10.446290143964562,10839
