N,K,S,diameter,averageShortestPathLength,edges
3999,3,C(3999;1;212;1008),16,10.803901950975488,11997
3999,3,C(3999;1;1212;1792),16,10.803901950975488,11997
