N,K,S,diameter,averageShortestPathLength,edges
3647,3,C(3647;1;498;1124),16,10.471201316511245,10941
3647,3,C(3647;1;642;1671),16,10.471201316511245,10941
3647,3,C(3647;1;676;974),16,10.471201316511245,10941
