N,K,S,diameter,averageShortestPathLength,edges
3420,3,C(3420;1;467;1434),15,10.243638490786779,10260
3420,3,C(3420;1;602;1567),15,10.243638490786779,10260
3420,3,C(3420;1;678;1223),15,10.243638490786779,10260
3420,3,C(3420;1;1423;1646),15,10.243638490786779,10260
