N,K,S,diameter,averageShortestPathLength,edges
3923,3,C(3923;1;694;1336),16,10.734829168791434,11769
3923,3,C(3923;1;1189;1758),16,10.734829168791434,11769
3923,3,C(3923;1;1686;1800),16,10.734829168791434,11769
