N,K,S,diameter,averageShortestPathLength,edges
3029,3,C(3029;1;115;546),15,9.8612945838837511,9087
3029,3,C(3029;1;364;1475),15,9.8612945838837511,9087
