N,K,S,diameter,averageShortestPathLength,edges
3215,3,C(3215;1;107;923),15,10.042937149968886,9645
3215,3,C(3215;1;249;1292),15,10.042937149968886,9645
3215,3,C(3215;1;439;1348),15,10.042937149968886,9645
