N,K,S,diameter,averageShortestPathLength,edges
3115,3,C(3115;1;59;1401),15,9.9479768786127174,9345
3115,3,C(3115;1;129;209),15,9.9479768786127174,9345
3115,3,C(3115;1;264;821),15,9.9479768786127174,9345
3115,3,C(3115;1;657;1215),15,9.9479768786127174,9345
3115,3,C(3115;1;678;1410),15,9.9479768786127174,9345
