N,K,S,diameter,averageShortestPathLength,edges
3325,3,C(3325;1;481;808),16,10.164259927797834,9975
3325,3,C(3325;1;572;843),16,10.164259927797834,9975
3325,3,C(3325;1;871;1132),16,10.164259927797834,9975
