N,K,S,diameter,averageShortestPathLength,edges
3218,3,C(3218;1;154;555),15,10.048181535592166,9654
3218,3,C(3218;1;394;1293),15,10.048181535592166,9654
