N,K,S,diameter,averageShortestPathLength,edges
3939,3,C(3939;1;309;671),16,10.760284408329101,11817
3939,3,C(3939;1;317;522),16,10.760284408329101,11817
