N,K,S,diameter,averageShortestPathLength,edges
3537,3,C(3537;1;340;732),15,10.369909502262443,10611
3537,3,C(3537;1;697;876),15,10.369909502262443,10611
