N,K,S,diameter,averageShortestPathLength,edges
3316,3,C(3316;1;134;217),16,10.159577677224735,9948
3316,3,C(3316;1;489;794),16,10.159577677224735,9948
