N,K,S,diameter,averageShortestPathLength,edges
3712,3,C(3712;1;537;902),16,10.54594448935597,11136
3712,3,C(3712;1;553;1398),16,10.54594448935597,11136
