N,K,S,diameter,averageShortestPathLength,edges
3607,3,C(3607;1;590;1484),16,10.443150305047144,10821
3607,3,C(3607;1;858;1240),16,10.443150305047144,10821
3607,3,C(3607;1;1213;1669),16,10.443150305047144,10821
