N,K,S,diameter,averageShortestPathLength,edges
3772,3,C(3772;1;52;1333),16,10.600901617608061,11316
3772,3,C(3772;1;781;880),16,10.600901617608061,11316
