N,K,S,diameter,averageShortestPathLength,edges
3669,3,C(3669;1;593;905),16,10.497818974918211,11007
3669,3,C(3669;1;710;1256),16,10.497818974918211,11007
3669,3,C(3669;1;925;1273),16,10.497818974918211,11007
