N,K,S,diameter,averageShortestPathLength,edges
3619,3,C(3619;1;52;861),16,10.459369817578773,10857
3619,3,C(3619;1;348;749),16,10.459369817578773,10857
