N,K,S,diameter,averageShortestPathLength,edges
3514,3,C(3514;1;111;1686),16,10.350697409621405,10542
3514,3,C(3514;1;680;1203),16,10.350697409621405,10542
