N,K,S,diameter,averageShortestPathLength,edges
3226,3,C(3226;1;437;748),15,10.062635658914729,9678
3226,3,C(3226;1;862;1159),15,10.062635658914729,9678
