N,K,S,diameter,averageShortestPathLength,edges
3595,3,C(3595;1;80;1693),16,10.432387312186979,10785
3595,3,C(3595;1;129;612),16,10.432387312186979,10785
3595,3,C(3595;1;172;620),16,10.432387312186979,10785
3595,3,C(3595;1;617;887),16,10.432387312186979,10785
3595,3,C(3595;1;1008;1059),16,10.432387312186979,10785
