N,K,S,diameter,averageShortestPathLength,edges
3874,3,C(3874;1;275;1598),16,10.690420862380584,11622
3874,3,C(3874;1;682;1775),16,10.690420862380584,11622
