N,K,S,diameter,averageShortestPathLength,edges
3424,3,C(3424;1;114;983),15,10.254747297692083,10272
3424,3,C(3424;1;519;958),15,10.254747297692083,10272
