N,K,S,diameter,averageShortestPathLength,edges
3689,3,C(3689;1;421;783),16,10.526572668112799,11067
3689,3,C(3689;1;701;778),16,10.526572668112799,11067
3689,3,C(3689;1;1560;1616),16,10.526572668112799,11067
