N,K,S,diameter,averageShortestPathLength,edges
3453,3,C(3453;1;996;1279),16,10.298377752027809,10359
3453,3,C(3453;1;1142;1395),16,10.298377752027809,10359
