N,K,S,diameter,averageShortestPathLength,edges
3246,3,C(3246;1;336;1429),15,10.089060092449923,9738
3246,3,C(3246;1;343;1608),15,10.089060092449923,9738
