N,K,S,diameter,averageShortestPathLength,edges
3366,3,C(3366;1;710;1313),15,10.20297176820208,10098
3366,3,C(3366;1;1169;1412),15,10.20297176820208,10098
