N,K,S,diameter,averageShortestPathLength,edges
3014,3,C(3014;1;313;656),15,9.8284102223697314,9042
3014,3,C(3014;1;400;449),15,9.8284102223697314,9042
3014,3,C(3014;1;746;1215),15,9.8284102223697314,9042
3014,3,C(3014;1;888;1377),15,9.8284102223697314,9042
3014,3,C(3014;1;1412;1441),15,9.8284102223697314,9042
