N,K,S,diameter,averageShortestPathLength,edges
3431,3,C(3431;1;520;960),15,10.264139941690962,10293
3431,3,C(3431;1;526;1379),15,10.264139941690962,10293
3431,3,C(3431;1;604;1572),15,10.264139941690962,10293
