N,K,S,diameter,averageShortestPathLength,edges
3195,3,C(3195;1;29;677),15,10.030682529743268,9585
3195,3,C(3195;1;124;201),15,10.030682529743268,9585
3195,3,C(3195;1;197;661),15,10.030682529743268,9585
3195,3,C(3195;1;591;1211),15,10.030682529743268,9585
3195,3,C(3195;1;892;1463),15,10.030682529743268,9585
