N,K,S,diameter,averageShortestPathLength,edges
3487,3,C(3487;1;49;1091),15,10.3184165232358,10461
3487,3,C(3487;1;427;1401),15,10.3184165232358,10461
3487,3,C(3487;1;831;1125),15,10.3184165232358,10461
