N,K,S,diameter,averageShortestPathLength,edges
3800,3,C(3800;1;678;1057),16,10.633587786259541,11400
3800,3,C(3800;1;1054;1607),16,10.633587786259541,11400
