N,K,S,diameter,averageShortestPathLength,edges
3519,3,C(3519;1;77;1659),16,10.355315520181922,10557
3519,3,C(3519;1;457;1578),16,10.355315520181922,10557
