N,K,S,diameter,averageShortestPathLength,edges
3824,3,C(3824;1;399;494),16,10.647135757258697,11472
3824,3,C(3824;1;1313;1458),16,10.647135757258697,11472
