N,K,S,diameter,averageShortestPathLength,edges
3949,3,C(3949;1;51;1395),16,10.763424518743667,11847
3949,3,C(3949;1;344;1851),16,10.763424518743667,11847
3949,3,C(3949;1;542;1831),16,10.763424518743667,11847
3949,3,C(3949;1;626;1412),16,10.763424518743667,11847
3949,3,C(3949;1;753;1087),16,10.763424518743667,11847
3949,3,C(3949;1;1327;1596),16,10.763424518743667,11847
