N,K,S,diameter,averageShortestPathLength,edges
3233,3,C(3233;1;74;1520),15,10.061881188118813,9699
3233,3,C(3233;1;134;217),15,10.061881188118813,9699
3233,3,C(3233;1;1028;1267),15,10.061881188118813,9699
