N,K,S,diameter,averageShortestPathLength,edges
3447,3,C(3447;1;820;1185),15,10.273360417875798,10341
3447,3,C(3447;1;1610;1659),15,10.273360417875798,10341
