N,K,S,diameter,averageShortestPathLength,edges
3095,3,C(3095;1;70;1072),15,9.9217840982546868,9285
3095,3,C(3095;1;75;1458),15,9.9217840982546868,9285
