N,K,S,diameter,averageShortestPathLength,edges
3603,3,C(3603;1;107;1733),16,10.445308162132148,10809
3603,3,C(3603;1;377;1101),16,10.445308162132148,10809
3603,3,C(3603;1;519;1424),16,10.445308162132148,10809
3603,3,C(3603;1;526;1366),16,10.445308162132148,10809
3603,3,C(3603;1;757;1751),16,10.445308162132148,10809
