N,K,S,diameter,averageShortestPathLength,edges
3053,3,C(3053;1;146;468),15,9.8781127129750974,9159
3053,3,C(3053;1;756;941),15,9.8781127129750974,9159
3053,3,C(3053;1;972;1474),15,9.8781127129750974,9159
