N,K,S,diameter,averageShortestPathLength,edges
3639,3,C(3639;1;461;591),16,10.479934029686641,10917
3639,3,C(3639;1;1359;1634),16,10.479934029686641,10917
