N,K,S,diameter,averageShortestPathLength,edges
3683,3,C(3683;1;54;1149),16,10.516023900054318,11049
3683,3,C(3683;1;341;1411),16,10.516023900054318,11049
3683,3,C(3683;1;1279;1545),16,10.516023900054318,11049
