N,K,S,diameter,averageShortestPathLength,edges
3806,3,C(3806;1;449;498),16,10.636793692509855,11418
3806,3,C(3806;1;907;1228),16,10.636793692509855,11418
