N,K,S,diameter,averageShortestPathLength,edges
3198,3,C(3198;1;528;953),15,10.030966531122928,9594
3198,3,C(3198;1;882;1349),15,10.030966531122928,9594
