N,K,S,diameter,averageShortestPathLength,edges
3892,3,C(3892;1;99;1632),16,10.710871241326137,11676
3892,3,C(3892;1;629;960),16,10.710871241326137,11676
