N,K,S,diameter,averageShortestPathLength,edges
3956,3,C(3956;1;750;829),16,10.777749683944375,11868
3956,3,C(3956;1;921;1550),16,10.777749683944375,11868
