N,K,S,diameter,averageShortestPathLength,edges
3365,3,C(3365;1;77;1582),15,10.186682520808562,10095
3365,3,C(3365;1;112;966),15,10.186682520808562,10095
3365,3,C(3365;1;412;1352),15,10.186682520808562,10095
3365,3,C(3365;1;437;1509),15,10.186682520808562,10095
3365,3,C(3365;1;526;1658),15,10.186682520808562,10095
3365,3,C(3365;1;1423;1474),15,10.186682520808562,10095
