N,K,S,diameter,averageShortestPathLength,edges
3118,3,C(3118;1;124;201),15,9.940648059031119,9354
3118,3,C(3118;1;1102;1241),15,9.940648059031119,9354
