N,K,S,diameter,averageShortestPathLength,edges
3214,3,C(3214;1;391;1534),15,10.051976346093992,9642
3214,3,C(3214;1;411;530),15,10.051976346093992,9642
