N,K,S,diameter,averageShortestPathLength,edges
3444,3,C(3444;1;137;222),15,10.277955271565496,10332
3444,3,C(3444;1;905;1158),15,10.277955271565496,10332
