N,K,S,diameter,averageShortestPathLength,edges
3967,3,C(3967;1;90;1876),16,10.787695410993445,11901
3967,3,C(3967;1;109;573),16,10.787695410993445,11901
3967,3,C(3967;1;941;1383),16,10.787695410993445,11901
