N,K,S,diameter,averageShortestPathLength,edges
3073,3,C(3073;1;147;530),15,9.8958333333333339,9219
3073,3,C(3073;1;238;1235),15,9.8958333333333339,9219
