N,K,S,diameter,averageShortestPathLength,edges
3711,3,C(3711;1;172;203),16,10.543935309973046,11133
3711,3,C(3711;1;193;712),16,10.543935309973046,11133
3711,3,C(3711;1;1042;1096),16,10.543935309973046,11133
