N,K,S,diameter,averageShortestPathLength,edges
3303,3,C(3303;1;426;1533),15,10.130224106602059,9909
3303,3,C(3303;1;451;1018),15,10.130224106602059,9909
3303,3,C(3303;1;451;1385),15,10.130224106602059,9909
3303,3,C(3303;1;818;1018),15,10.130224106602059,9909
