N,K,S,diameter,averageShortestPathLength,edges
3027,3,C(3027;1;999;1426),15,9.8526107072042297,9081
3027,3,C(3027;1;1280;1326),15,9.8526107072042297,9081
