N,K,S,diameter,averageShortestPathLength,edges
3770,3,C(3770;1;150;243),16,10.600424515786681,11310
3770,3,C(3770;1;543;1490),16,10.600424515786681,11310
