N,K,S,diameter,averageShortestPathLength,edges
3673,3,C(3673;1;203;657),16,10.514161220043572,11019
3673,3,C(3673;1;240;930),16,10.514161220043572,11019
3673,3,C(3673;1;352;463),16,10.514161220043572,11019
3673,3,C(3673;1;579;1589),16,10.514161220043572,11019
3673,3,C(3673;1;710;883),16,10.514161220043572,11019
3673,3,C(3673;1;1094;1777),16,10.514161220043572,11019
