N,K,S,diameter,averageShortestPathLength,edges
3463,3,C(3463;1;180;1050),15,10.303870595031773,10389
3463,3,C(3463;1;297;1560),15,10.303870595031773,10389
3463,3,C(3463;1;583;1289),15,10.303870595031773,10389
