N,K,S,diameter,averageShortestPathLength,edges
3253,3,C(3253;1;384;1067),15,10.098400984009841,9759
3253,3,C(3253;1;802;1330),15,10.098400984009841,9759
3253,3,C(3253;1;1229;1564),15,10.098400984009841,9759
