N,K,S,diameter,averageShortestPathLength,edges
3873,3,C(3873;1;666;1843),16,10.694731404958677,11619
3873,3,C(3873;1;1809;1864),16,10.694731404958677,11619
