N,K,S,diameter,averageShortestPathLength,edges
3597,3,C(3597;1;243;1621),15,10.434927697441601,10791
3597,3,C(3597;1;333;1378),15,10.434927697441601,10791
