N,K,S,diameter,averageShortestPathLength,edges
3482,3,C(3482;1;841;1106),15,10.324044814708417,10446
3482,3,C(3482;1;1623;1674),15,10.324044814708417,10446
