N,K,S,diameter,averageShortestPathLength,edges
3791,3,C(3791;1;262;995),16,10.622163588390501,11373
3791,3,C(3791;1;329;709),16,10.622163588390501,11373
3791,3,C(3791;1;507;682),16,10.622163588390501,11373
