N,K,S,diameter,averageShortestPathLength,edges
3263,3,C(3263;1;150;177),15,10.100551808706316,9789
3263,3,C(3263;1;424;1603),15,10.100551808706316,9789
3263,3,C(3263;1;458;1588),15,10.100551808706316,9789
