N,K,S,diameter,averageShortestPathLength,edges
3658,3,C(3658;1;142;230),16,10.495488105004101,10974
3658,3,C(3658;1;604;1090),16,10.495488105004101,10974
