N,K,S,diameter,averageShortestPathLength,edges
3099,3,C(3099;1;362;855),15,9.928340865074242,9297
3099,3,C(3099;1;867;916),15,9.928340865074242,9297
