N,K,S,diameter,averageShortestPathLength,edges
3471,3,C(3471;1;277;1140),15,10.316426512968301,10413
3471,3,C(3471;1;614;1182),15,10.316426512968301,10413
