N,K,S,diameter,averageShortestPathLength,edges
3267,3,C(3267;1;195;1007),15,10.103490508266994,9801
3267,3,C(3267;1;600;1421),15,10.103490508266994,9801
