N,K,S,diameter,averageShortestPathLength,edges
3091,3,C(3091;1;299;1457),15,9.9165048543689327,9273
3091,3,C(3091;1;765;1246),15,9.9165048543689327,9273
3091,3,C(3091;1;1432;1481),15,9.9165048543689327,9273
