N,K,S,diameter,averageShortestPathLength,edges
3642,3,C(3642;1;193;918),16,10.466355396868993,10926
3642,3,C(3642;1;552;1019),16,10.466355396868993,10926
