N,K,S,diameter,averageShortestPathLength,edges
3089,3,C(3089;1;275;464),15,9.9119170984455955,9267
3089,3,C(3089;1;765;952),15,9.9119170984455955,9267
3089,3,C(3089;1;852;1303),15,9.9119170984455955,9267
