N,K,S,diameter,averageShortestPathLength,edges
3181,3,C(3181;1;337;889),15,10.023270440251572,9543
3181,3,C(3181;1;784;984),15,10.023270440251572,9543
3181,3,C(3181;1;1343;1397),15,10.023270440251572,9543
