N,K,S,diameter,averageShortestPathLength,edges
3421,3,C(3421;1;605;1686),15,10.26608187134503,10263
3421,3,C(3421;1;1232;1536),15,10.26608187134503,10263
