N,K,S,diameter,averageShortestPathLength,edges
3125,3,C(3125;1;456;1131),15,9.9609475032010248,9375
3125,3,C(3125;1;1051;1446),15,9.9609475032010248,9375
3125,3,C(3125;1;1271;1451),15,9.9609475032010248,9375
