N,K,S,diameter,averageShortestPathLength,edges
3628,3,C(3628;1;281;1458),16,10.461538461538462,10884
3628,3,C(3628;1;581;1774),16,10.461538461538462,10884
3628,3,C(3628;1;1260;1522),16,10.461538461538462,10884
