N,K,S,diameter,averageShortestPathLength,edges
3650,3,C(3650;1;194;823),16,10.490545354891751,10950
3650,3,C(3650;1;528;887),16,10.490545354891751,10950
