N,K,S,diameter,averageShortestPathLength,edges
3134,3,C(3134;1;156;905),15,9.9537184806894352,9402
3134,3,C(3134;1;187;966),15,9.9537184806894352,9402
