N,K,S,diameter,averageShortestPathLength,edges
3451,3,C(3451;1;134;217),16,10.288695652173914,10353
3451,3,C(3451;1;903;1674),16,10.288695652173914,10353
