N,K,S,diameter,averageShortestPathLength,edges
3641,3,C(3641;1;316;681),16,10.479670329670329,10923
3641,3,C(3641;1;487;540),16,10.479670329670329,10923
3641,3,C(3641;1;1302;1742),16,10.479670329670329,10923
