N,K,S,diameter,averageShortestPathLength,edges
3946,3,C(3946;1;51;1394),16,10.755893536121674,11838
3946,3,C(3946;1;619;1288),16,10.755893536121674,11838
