N,K,S,diameter,averageShortestPathLength,edges
3223,3,C(3223;1;137;222),15,10.062693978895096,9669
3223,3,C(3223;1;712;1205),15,10.062693978895096,9669
3223,3,C(3223;1;1272;1388),15,10.062693978895096,9669
