N,K,S,diameter,averageShortestPathLength,edges
3749,3,C(3749;1;272;1380),16,10.588580576307363,11247
3749,3,C(3749;1;391;1144),16,10.588580576307363,11247
