N,K,S,diameter,averageShortestPathLength,edges
3502,3,C(3502;1;304;655),16,10.339902884890032,10506
3502,3,C(3502;1;1481;1534),16,10.339902884890032,10506
