N,K,S,diameter,averageShortestPathLength,edges
3535,3,C(3535;1;773;1020),16,10.37011884550085,10605
3535,3,C(3535;1;782;1270),16,10.37011884550085,10605
