N,K,S,diameter,averageShortestPathLength,edges
3146,3,C(3146;1;72;1479),15,9.9717011128775841,9438
3146,3,C(3146;1;251;804),15,9.9717011128775841,9438
