N,K,S,diameter,averageShortestPathLength,edges
3718,3,C(3718;1;85;1748),16,10.551520043045468,11154
3718,3,C(3718;1;898;1181),16,10.551520043045468,11154
