N,K,S,diameter,averageShortestPathLength,edges
3445,3,C(3445;1;137;222),16,10.286875725900115,10335
3445,3,C(3445;1;756;1207),16,10.286875725900115,10335
3445,3,C(3445;1;761;1288),16,10.286875725900115,10335
