N,K,S,diameter,averageShortestPathLength,edges
3306,3,C(3306;1;110;949),15,10.143116490166415,9918
3306,3,C(3306;1;533;878),15,10.143116490166415,9918
