N,K,S,diameter,averageShortestPathLength,edges
3386,3,C(3386;1;82;1595),15,10.225406203840473,10158
3386,3,C(3386;1;450;501),15,10.225406203840473,10158
