N,K,S,diameter,averageShortestPathLength,edges
3925,3,C(3925;1;278;1056),16,10.749745158002039,11775
3925,3,C(3925;1;448;833),16,10.749745158002039,11775
3925,3,C(3925;1;587;1654),16,10.749745158002039,11775
