N,K,S,diameter,averageShortestPathLength,edges
3795,3,C(3795;1;907;1844),16,10.621507643647865,11385
3795,3,C(3795;1;1064;1118),16,10.621507643647865,11385
3795,3,C(3795;1;1318;1592),16,10.621507643647865,11385
