N,K,S,diameter,averageShortestPathLength,edges
3753,3,C(3753;1;363;1306),16,10.576226012793176,11259
3753,3,C(3753;1;744;1342),16,10.576226012793176,11259
