N,K,S,diameter,averageShortestPathLength,edges
3574,3,C(3574;1;119;1026),16,10.403582423733557,10722
3574,3,C(3574;1;901;1240),16,10.403582423733557,10722
