N,K,S,diameter,averageShortestPathLength,edges
3443,3,C(3443;1;167;1295),16,10.281812899477048,10329
3443,3,C(3443;1;444;1598),16,10.281812899477048,10329
3443,3,C(3443;1;920;1237),16,10.281812899477048,10329
