N,K,S,diameter,averageShortestPathLength,edges
3049,3,C(3049;1;69;1056),15,9.8759842519685037,9147
3049,3,C(3049;1;205;1100),15,9.8759842519685037,9147
3049,3,C(3049;1;413;707),15,9.8759842519685037,9147
