N,K,S,diameter,averageShortestPathLength,edges
3297,3,C(3297;1;448;1524),15,10.130461165048544,9891
3297,3,C(3297;1;836;1432),15,10.130461165048544,9891
3297,3,C(3297;1;982;1595),15,10.130461165048544,9891
3297,3,C(3297;1;986;1066),15,10.130461165048544,9891
