N,K,S,diameter,averageShortestPathLength,edges
3648,3,C(3648;1;630;1178),16,10.489991774060872,10944
3648,3,C(3648;1;1708;1761),16,10.489991774060872,10944
