N,K,S,diameter,averageShortestPathLength,edges
3674,3,C(3674;1;712;1821),16,10.509120609855703,11022
3674,3,C(3674;1;874;1263),16,10.509120609855703,11022
