N,K,S,diameter,averageShortestPathLength,edges
3841,3,C(3841;1;571;1679),16,10.667187500000001,11523
3841,3,C(3841;1;1305;1725),16,10.667187500000001,11523
