N,K,S,diameter,averageShortestPathLength,edges
3570,3,C(3570;1;558;1759),16,10.400112076211824,10710
3570,3,C(3570;1;708;1579),16,10.400112076211824,10710
