N,K,S,diameter,averageShortestPathLength,edges
3590,3,C(3590;1;382;856),16,10.430760657564781,10770
3590,3,C(3590;1;918;1186),16,10.430760657564781,10770
