N,K,S,diameter,averageShortestPathLength,edges
3333,3,C(3333;1;534;1148),15,10.165666266506603,9999
3333,3,C(3333;1;645;1141),15,10.165666266506603,9999
