N,K,S,diameter,averageShortestPathLength,edges
3174,3,C(3174;1;430;736),15,10.003151591553735,9522
3174,3,C(3174;1;1042;1310),15,10.003151591553735,9522
