N,K,S,diameter,averageShortestPathLength,edges
3327,3,C(3327;1;194;633),15,10.162958508719182,9981
3327,3,C(3327;1;432;1492),15,10.162958508719182,9981
