N,K,S,diameter,averageShortestPathLength,edges
3113,3,C(3113;1;129;209),15,9.9357326478149108,9339
3113,3,C(3113;1;917;1353),15,9.9357326478149108,9339
