N,K,S,diameter,averageShortestPathLength,edges
3167,3,C(3167;1;177;1341),15,10.003790271636134,9501
3167,3,C(3167;1;437;501),15,10.003790271636134,9501
3167,3,C(3167;1;1261;1528),15,10.003790271636134,9501
