N,K,S,diameter,averageShortestPathLength,edges
3959,3,C(3959;1;578;1501),16,10.779686710459828,11877
3959,3,C(3959;1;637;1941),16,10.779686710459828,11877
3959,3,C(3959;1;1234;1783),16,10.779686710459828,11877
