N,K,S,diameter,averageShortestPathLength,edges
3242,3,C(3242;1;272;459),15,10.081456340635606,9726
3242,3,C(3242;1;671;960),15,10.081456340635606,9726
