N,K,S,diameter,averageShortestPathLength,edges
3161,3,C(3161;1;182;1242),15,9.9860759493670894,9483
3161,3,C(3161;1;330;1070),15,9.9860759493670894,9483
3161,3,C(3161;1;387;1270),15,9.9860759493670894,9483
