N,K,S,diameter,averageShortestPathLength,edges
3910,3,C(3910;1;157;1130),16,10.727295983627526,11730
3910,3,C(3910;1;523;580),16,10.727295983627526,11730
