N,K,S,diameter,averageShortestPathLength,edges
3145,3,C(3145;1;70;677),15,9.9770992366412212,9435
3145,3,C(3145;1;878;1440),15,9.9770992366412212,9435
