N,K,S,diameter,averageShortestPathLength,edges
3495,3,C(3495;1;226;1492),16,10.331997710360618,10485
3495,3,C(3495;1;1108;1232),16,10.331997710360618,10485
3495,3,C(3495;1;1478;1531),16,10.331997710360618,10485
