N,K,S,diameter,averageShortestPathLength,edges
3054,3,C(3054;1;374;1227),15,9.8830658368817552,9162
3054,3,C(3054;1;1242;1418),15,9.8830658368817552,9162
