N,K,S,diameter,averageShortestPathLength,edges
3107,3,C(3107;1;79;1459),15,9.9362524146812614,9321
3107,3,C(3107;1;118;1277),15,9.9362524146812614,9321
3107,3,C(3107;1;337;456),15,9.9362524146812614,9321
3107,3,C(3107;1;378;1483),15,9.9362524146812614,9321
3107,3,C(3107;1;402;1234),15,9.9362524146812614,9321
3107,3,C(3107;1;854;1348),15,9.9362524146812614,9321
