N,K,S,diameter,averageShortestPathLength,edges
3035,3,C(3035;1;426;1477),15,9.858932102834542,9105
3035,3,C(3035;1;637;1247),15,9.858932102834542,9105
3035,3,C(3035;1;1122;1489),15,9.858932102834542,9105
