N,K,S,diameter,averageShortestPathLength,edges
3081,3,C(3081;1;361;868),15,9.9038961038961038,9243
3081,3,C(3081;1;394;508),15,9.9038961038961038,9243
3081,3,C(3081;1;467;862),15,9.9038961038961038,9243
