N,K,S,diameter,averageShortestPathLength,edges
3921,3,C(3921;1;1026;1902),16,10.746428571428572,11763
3921,3,C(3921;1;1101;1158),16,10.746428571428572,11763
