N,K,S,diameter,averageShortestPathLength,edges
3123,3,C(3123;1;323;408),15,9.9481101857783472,9369
3123,3,C(3123;1;330;1547),15,9.9481101857783472,9369
