N,K,S,diameter,averageShortestPathLength,edges
3393,3,C(3393;1;113;974),15,10.230542452830189,10179
3393,3,C(3393;1;742;979),15,10.230542452830189,10179
3393,3,C(3393;1;1141;1570),15,10.230542452830189,10179
