N,K,S,diameter,averageShortestPathLength,edges
3448,3,C(3448;1;794;981),16,10.2883666956774,10344
3448,3,C(3448;1;1354;1427),16,10.2883666956774,10344
