N,K,S,diameter,averageShortestPathLength,edges
3561,3,C(3561;1;46;1258),16,10.397191011235956,10683
3561,3,C(3561;1;317;535),16,10.397191011235956,10683
3561,3,C(3561;1;337;1316),16,10.397191011235956,10683
