N,K,S,diameter,averageShortestPathLength,edges
3748,3,C(3748;1;82;1767),16,10.576461168935149,11244
3748,3,C(3748;1;613;1542),16,10.576461168935149,11244
