N,K,S,diameter,averageShortestPathLength,edges
3751,3,C(3751;1;90;1576),16,10.581866666666667,11253
3751,3,C(3751;1;601;1292),16,10.581866666666667,11253
3751,3,C(3751;1;645;1785),16,10.581866666666667,11253
