N,K,S,diameter,averageShortestPathLength,edges
3175,3,C(3175;1;107;1519),15,10.005671077504726,9525
3175,3,C(3175;1;667;1543),15,10.005671077504726,9525
3175,3,C(3175;1;1321;1528),15,10.005671077504726,9525
