N,K,S,diameter,averageShortestPathLength,edges
3947,3,C(3947;1;499;1385),16,10.767866193613786,11841
3947,3,C(3947;1;778;1416),16,10.767866193613786,11841
3947,3,C(3947;1;965;1508),16,10.767866193613786,11841
