N,K,S,diameter,averageShortestPathLength,edges
3293,3,C(3293;1;95;1378),15,10.134264884568651,9879
3293,3,C(3293;1;104;1580),15,10.134264884568651,9879
3293,3,C(3293;1;619;1484),15,10.134264884568651,9879
