N,K,S,diameter,averageShortestPathLength,edges
3637,3,C(3637;1;49;1141),15,10.472497249724972,10911
3637,3,C(3637;1;51;1138),15,10.472497249724972,10911
3637,3,C(3637;1;668;1582),15,10.472497249724972,10911
