N,K,S,diameter,averageShortestPathLength,edges
3311,3,C(3311;1;81;514),16,10.154682779456193,9933
3311,3,C(3311;1;148;1269),16,10.154682779456193,9933
3311,3,C(3311;1;327;783),16,10.154682779456193,9933
