N,K,S,diameter,averageShortestPathLength,edges
3422,3,C(3422;1;265;1500),15,10.258988599824614,10266
3422,3,C(3422;1;297;640),15,10.258988599824614,10266
