N,K,S,diameter,averageShortestPathLength,edges
3231,3,C(3231;1;116;550),15,10.057585139318885,9693
3231,3,C(3231;1;505;1592),15,10.057585139318885,9693
3231,3,C(3231;1;1142;1286),15,10.057585139318885,9693
