N,K,S,diameter,averageShortestPathLength,edges
3056,3,C(3056;1;89;1290),15,9.8824877250409173,9168
3056,3,C(3056;1;103;1462),15,9.8824877250409173,9168
