N,K,S,diameter,averageShortestPathLength,edges
3192,3,C(3192;1;1036;1321),15,10.025383892196803,9576
3192,3,C(3192;1;1271;1540),15,10.025383892196803,9576
