N,K,S,diameter,averageShortestPathLength,edges
3491,3,C(3491;1;185;880),15,10.318051575931232,10473
3491,3,C(3491;1;361;456),15,10.318051575931232,10473
3491,3,C(3491;1;467;1019),15,10.318051575931232,10473
