N,K,S,diameter,averageShortestPathLength,edges
3546,3,C(3546;1;343;1234),15,10.372073342736249,10638
3546,3,C(3546;1;703;1268),15,10.372073342736249,10638
