N,K,S,diameter,averageShortestPathLength,edges
3610,3,C(3610;1;114;1732),16,10.437240232751455,10830
3610,3,C(3610;1;674;1048),16,10.437240232751455,10830
