N,K,S,diameter,averageShortestPathLength,edges
3479,3,C(3479;1;480;1633),15,10.325474410580794,10437
3479,3,C(3479;1;877;1207),15,10.325474410580794,10437
