N,K,S,diameter,averageShortestPathLength,edges
3636,3,C(3636;1;674;971),16,10.462723521320495,10908
3636,3,C(3636;1;865;1250),16,10.462723521320495,10908
