N,K,S,diameter,averageShortestPathLength,edges
3140,3,C(3140;1;152;577),15,9.9722841669321447,9420
3140,3,C(3140;1;1056;1453),15,9.9722841669321447,9420
