N,K,S,diameter,averageShortestPathLength,edges
3466,3,C(3466;1;846;1326),16,10.298412698412699,10398
3466,3,C(3466;1;908;1180),16,10.298412698412699,10398
