N,K,S,diameter,averageShortestPathLength,edges
3577,3,C(3577;1;85;1687),16,10.416107382550335,10731
3577,3,C(3577;1;296;1723),16,10.416107382550335,10731
3577,3,C(3577;1;378;1362),16,10.416107382550335,10731
3577,3,C(3577;1;505;609),16,10.416107382550335,10731
3577,3,C(3577;1;567;1279),16,10.416107382550335,10731
3577,3,C(3577;1;858;1033),16,10.416107382550335,10731
3577,3,C(3577;1;1115;1611),16,10.416107382550335,10731
