N,K,S,diameter,averageShortestPathLength,edges
3565,3,C(3565;1;352;843),16,10.41077441077441,10695
3565,3,C(3565;1;1171;1607),16,10.41077441077441,10695
3565,3,C(3565;1;1347;1714),16,10.41077441077441,10695
