N,K,S,diameter,averageShortestPathLength,edges
3971,3,C(3971;1;346;1420),16,10.784382871536524,11913
3971,3,C(3971;1;746;937),16,10.784382871536524,11913
3971,3,C(3971;1;1429;1941),16,10.784382871536524,11913
