N,K,S,diameter,averageShortestPathLength,edges
3486,3,C(3486;1;46;1091),15,10.319655667144907,10458
3486,3,C(3486;1;508;671),15,10.319655667144907,10458
