N,K,S,diameter,averageShortestPathLength,edges
3450,3,C(3450;1;79;1622),16,10.28645984343288,10350
3450,3,C(3450;1;131;1418),16,10.28645984343288,10350
