N,K,S,diameter,averageShortestPathLength,edges
3362,3,C(3362;1;332;795),16,10.202023207378756,10086
3362,3,C(3362;1;351;1138),16,10.202023207378756,10086
