N,K,S,diameter,averageShortestPathLength,edges
3473,3,C(3473;1;161;190),16,10.314516129032258,10419
3473,3,C(3473;1;336;1637),16,10.314516129032258,10419
3473,3,C(3473;1;590;1466),16,10.314516129032258,10419
3473,3,C(3473;1;786;1518),16,10.314516129032258,10419
3473,3,C(3473;1;1168;1607),16,10.314516129032258,10419
