N,K,S,diameter,averageShortestPathLength,edges
3150,3,C(3150;1;188;971),15,9.9742775484280717,9450
3150,3,C(3150;1;928;1369),15,9.9742775484280717,9450
