N,K,S,diameter,averageShortestPathLength,edges
3717,3,C(3717;1;197;937),16,10.545209903121636,11151
3717,3,C(3717;1;316;1000),16,10.545209903121636,11151
3717,3,C(3717;1;694;1079),16,10.545209903121636,11151
