N,K,S,diameter,averageShortestPathLength,edges
3332,3,C(3332;1;258;1339),15,10.166016211347944,9996
3332,3,C(3332;1;794;1075),15,10.166016211347944,9996
