N,K,S,diameter,averageShortestPathLength,edges
3794,3,C(3794;1;318;1839),16,10.622989717901397,11382
3794,3,C(3794;1;1341;1510),16,10.622989717901397,11382
