N,K,S,diameter,averageShortestPathLength,edges
3093,3,C(3093;1;103;888),15,9.9223803363518766,9279
3093,3,C(3093;1;399;1021),15,9.9223803363518766,9279
