N,K,S,diameter,averageShortestPathLength,edges
3550,3,C(3550;1;461;1592),16,10.379825302902226,10650
3550,3,C(3550;1;628;1209),16,10.379825302902226,10650
