N,K,S,diameter,averageShortestPathLength,edges
3309,3,C(3309;1;56;864),15,10.149939540507861,9927
3309,3,C(3309;1;250;1170),15,10.149939540507861,9927
3309,3,C(3309;1;650;930),15,10.149939540507861,9927
3309,3,C(3309;1;1178;1593),15,10.149939540507861,9927
