N,K,S,diameter,averageShortestPathLength,edges
3731,3,C(3731;1;717;1610),16,10.569436997319034,11193
3731,3,C(3731;1;924;1150),16,10.569436997319034,11193
