N,K,S,diameter,averageShortestPathLength,edges
3470,3,C(3470;1;573;1034),15,10.311328913231479,10410
3470,3,C(3470;1;1193;1712),15,10.311328913231479,10410
