N,K,S,diameter,averageShortestPathLength,edges
3834,3,C(3834;1;334;1797),16,10.655883120271328,11502
3834,3,C(3834;1;760;1371),16,10.655883120271328,11502
