N,K,S,diameter,averageShortestPathLength,edges
3177,3,C(3177;1;246;1520),15,10.008816120906801,9531
3177,3,C(3177;1;487;924),15,10.008816120906801,9531
