N,K,S,diameter,averageShortestPathLength,edges
3379,3,C(3379;1;74;1593),16,10.224393132030787,10137
3379,3,C(3379;1;137;1394),16,10.224393132030787,10137
3379,3,C(3379;1;526;1103),16,10.224393132030787,10137
