N,K,S,diameter,averageShortestPathLength,edges
3294,3,C(3294;1;287;1178),15,10.123595505617978,9882
3294,3,C(3294;1;505;1324),15,10.123595505617978,9882
