N,K,S,diameter,averageShortestPathLength,edges
3736,3,C(3736;1;358;471),16,10.565997322623829,11208
3736,3,C(3736;1;817;1078),16,10.565997322623829,11208
