N,K,S,diameter,averageShortestPathLength,edges
3560,3,C(3560;1;698;1229),16,10.404046080359652,10680
3560,3,C(3560;1;869;1362),16,10.404046080359652,10680
