N,K,S,diameter,averageShortestPathLength,edges
3707,3,C(3707;1;86;572),16,10.543443065299515,11121
3707,3,C(3707;1;318;1670),16,10.543443065299515,11121
3707,3,C(3707;1;408;728),16,10.543443065299515,11121
3707,3,C(3707;1;819;1386),16,10.543443065299515,11121
3707,3,C(3707;1;830;1303),16,10.543443065299515,11121
