N,K,S,diameter,averageShortestPathLength,edges
3733,3,C(3733;1;155;588),16,10.557877813504824,11199
3733,3,C(3733;1;289;1786),16,10.557877813504824,11199
3733,3,C(3733;1;692;997),16,10.557877813504824,11199
