N,K,S,diameter,averageShortestPathLength,edges
3090,3,C(3090;1;229;548),15,9.9129168015539015,9270
3090,3,C(3090;1;812;1039),15,9.9129168015539015,9270
