N,K,S,diameter,averageShortestPathLength,edges
3347,3,C(3347;1;193;1274),15,10.187089061566049,10041
3347,3,C(3347;1;531;659),15,10.187089061566049,10041
3347,3,C(3347;1;1064;1185),15,10.187089061566049,10041
