N,K,S,diameter,averageShortestPathLength,edges
3828,3,C(3828;1;190;1763),16,10.659001829108963,11484
3828,3,C(3828;1;469;1066),16,10.659001829108963,11484
