N,K,S,diameter,averageShortestPathLength,edges
3664,3,C(3664;1;387;1082),16,10.4995904995905,10992
3664,3,C(3664;1;587;1262),16,10.4995904995905,10992
