N,K,S,diameter,averageShortestPathLength,edges
3323,3,C(3323;1;129;209),15,10.157134256472006,9969
3323,3,C(3323;1;159;573),15,10.157134256472006,9969
3323,3,C(3323;1;644;1647),15,10.157134256472006,9969
