N,K,S,diameter,averageShortestPathLength,edges
3882,3,C(3882;1;90;599),16,10.704457614017006,11646
3882,3,C(3882;1;337;726),16,10.704457614017006,11646
