N,K,S,diameter,averageShortestPathLength,edges
3954,3,C(3954;1;228;1505),16,10.767518340500885,11862
3954,3,C(3954;1;733;1056),16,10.767518340500885,11862
