N,K,S,diameter,averageShortestPathLength,edges
3817,3,C(3817;1;52;907),16,10.64832285115304,11451
3817,3,C(3817;1;73;1789),16,10.64832285115304,11451
3817,3,C(3817;1;101;1435),16,10.64832285115304,11451
3817,3,C(3817;1;366;1750),16,10.64832285115304,11451
3817,3,C(3817;1;367;790),16,10.64832285115304,11451
3817,3,C(3817;1;879;1086),16,10.64832285115304,11451
