N,K,S,diameter,averageShortestPathLength,edges
3580,3,C(3580;1;394;703),16,10.417155630064263,10740
3580,3,C(3580;1;1242;1487),16,10.417155630064263,10740
