N,K,S,diameter,averageShortestPathLength,edges
3534,3,C(3534;1;578;1454),16,10.370789697141239,10602
3534,3,C(3534;1;608;896),16,10.370789697141239,10602
