N,K,S,diameter,averageShortestPathLength,edges
3933,3,C(3933;1;820;1275),16,10.751271617497457,11799
3933,3,C(3933;1;1837;1893),16,10.751271617497457,11799
