N,K,S,diameter,averageShortestPathLength,edges
3588,3,C(3588;1;466;1609),16,10.418734318371898,10764
3588,3,C(3588;1;1006;1057),16,10.418734318371898,10764
