N,K,S,diameter,averageShortestPathLength,edges
3016,3,C(3016;1;842;1381),15,9.8371475953565497,9048
3016,3,C(3016;1;1413;1442),15,9.8371475953565497,9048
