N,K,S,diameter,averageShortestPathLength,edges
3545,3,C(3545;1;343;1671),16,10.377539503386005,10635
3545,3,C(3545;1;568;1221),16,10.377539503386005,10635
3545,3,C(3545;1;687;1757),16,10.377539503386005,10635
3545,3,C(3545;1;691;1007),16,10.377539503386005,10635
3545,3,C(3545;1;778;1242),16,10.377539503386005,10635
3545,3,C(3545;1;1659;1708),16,10.377539503386005,10635
