N,K,S,diameter,averageShortestPathLength,edges
3276,3,C(3276;1;46;1025),15,10.100458015267176,9828
3276,3,C(3276;1;163;946),15,10.100458015267176,9828
3276,3,C(3276;1;778;1043),15,10.100458015267176,9828
