N,K,S,diameter,averageShortestPathLength,edges
3002,3,C(3002;1;72;1407),15,9.8157280906364548,9006
3002,3,C(3002;1;192;1186),15,9.8157280906364548,9006
3002,3,C(3002;1;384;495),15,9.8157280906364548,9006
