N,K,S,diameter,averageShortestPathLength,edges
3015,3,C(3015;1;46;1072),14,9.8374253483742535,9045
3015,3,C(3015;1;721;1072),14,9.8374253483742535,9045
