N,K,S,diameter,averageShortestPathLength,edges
3936,3,C(3936;1;131;1130),16,10.759593392630242,11808
3936,3,C(3936;1;661;910),16,10.759593392630242,11808
