N,K,S,diameter,averageShortestPathLength,edges
3593,3,C(3593;1;86;1010),16,10.426503340757238,10779
3593,3,C(3593;1;376;1098),16,10.426503340757238,10779
3593,3,C(3593;1;1270;1430),16,10.426503340757238,10779
