N,K,S,diameter,averageShortestPathLength,edges
3241,3,C(3241;1;274;980),15,10.075308641975308,9723
3241,3,C(3241;1;414;595),15,10.075308641975308,9723
