N,K,S,diameter,averageShortestPathLength,edges
3902,3,C(3902;1;340;1829),16,10.719302742886439,11706
3902,3,C(3902;1;1538;1935),16,10.719302742886439,11706
