N,K,S,diameter,averageShortestPathLength,edges
3521,3,C(3521;1;77;1660),15,10.357386363636364,10563
3521,3,C(3521;1;770;1016),15,10.357386363636364,10563
