N,K,S,diameter,averageShortestPathLength,edges
3757,3,C(3757;1;80;1774),16,10.587859424920127,11271
3757,3,C(3757;1;576;1510),16,10.587859424920127,11271
3757,3,C(3757;1;1011;1268),16,10.587859424920127,11271
