N,K,S,diameter,averageShortestPathLength,edges
3977,3,C(3977;1;87;1875),16,10.800804828973844,11931
3977,3,C(3977;1;320;527),16,10.800804828973844,11931
3977,3,C(3977;1;649;876),16,10.800804828973844,11931
