N,K,S,diameter,averageShortestPathLength,edges
3110,3,C(3110;1;49;1096),15,9.9401736892891606,9330
3110,3,C(3110;1;784;1079),15,9.9401736892891606,9330
