N,K,S,diameter,averageShortestPathLength,edges
3584,3,C(3584;1;82;1685),16,10.413619871615964,10752
3584,3,C(3584;1;1674;1725),16,10.413619871615964,10752
