N,K,S,diameter,averageShortestPathLength,edges
3735,3,C(3735;1;118;1792),16,10.567220139260847,11205
3735,3,C(3735;1;521;1682),16,10.567220139260847,11205
3735,3,C(3735;1;728;1061),16,10.567220139260847,11205
