N,K,S,diameter,averageShortestPathLength,edges
3618,3,C(3618;1;350;1259),15,10.447608515344207,10854
3618,3,C(3618;1;494;1115),15,10.447608515344207,10854
