N,K,S,diameter,averageShortestPathLength,edges
3262,3,C(3262;1;381;900),15,10.100889297761423,9786
3262,3,C(3262;1;625;1436),15,10.100889297761423,9786
