N,K,S,diameter,averageShortestPathLength,edges
3721,3,C(3721;1;360;1754),16,10.554301075268818,11163
3721,3,C(3721;1;480;1727),16,10.554301075268818,11163
3721,3,C(3721;1;655;1836),16,10.554301075268818,11163
3721,3,C(3721;1;760;1230),16,10.554301075268818,11163
3721,3,C(3721;1;938;1291),16,10.554301075268818,11163
3721,3,C(3721;1;1366;1712),16,10.554301075268818,11163
