N,K,S,diameter,averageShortestPathLength,edges
3457,3,C(3457;1;588;1527),15,10.302083333333334,10371
3457,3,C(3457;1;650;1558),15,10.302083333333334,10371
3457,3,C(3457;1;835;1098),15,10.302083333333334,10371
