N,K,S,diameter,averageShortestPathLength,edges
3778,3,C(3778;1;674;1051),16,10.606301297325921,11334
3778,3,C(3778;1;916;1215),16,10.606301297325921,11334
