N,K,S,diameter,averageShortestPathLength,edges
3866,3,C(3866;1;201;1496),16,10.689780077619664,11598
3866,3,C(3866;1;358;1481),16,10.689780077619664,11598
