N,K,S,diameter,averageShortestPathLength,edges
3109,3,C(3109;1;555;712),15,9.9388674388674385,9327
3109,3,C(3109;1;599;1489),15,9.9388674388674385,9327
3109,3,C(3109;1;1238;1500),15,9.9388674388674385,9327
