N,K,S,diameter,averageShortestPathLength,edges
3668,3,C(3668;1;631;930),16,10.500136351240796,11004
3668,3,C(3668;1;715;1042),16,10.500136351240796,11004
