N,K,S,diameter,averageShortestPathLength,edges
3006,3,C(3006;1;100;863),15,9.8266222961730456,9018
3006,3,C(3006;1;829;1268),15,9.8266222961730456,9018
