N,K,S,diameter,averageShortestPathLength,edges
3768,3,C(3768;1;320;1427),16,10.606052561720201,11304
3768,3,C(3768;1;1043;1592),16,10.606052561720201,11304
