N,K,S,diameter,averageShortestPathLength,edges
3022,3,C(3022;1;269;454),15,9.8368090036411786,9066
3022,3,C(3022;1;1024;1247),15,9.8368090036411786,9066
