N,K,S,diameter,averageShortestPathLength,edges
3567,3,C(3567;1;1008;1420),16,10.406057206954571,10701
3567,3,C(3567;1;1364;1617),16,10.406057206954571,10701
