N,K,S,diameter,averageShortestPathLength,edges
3462,3,C(3462;1;448;1375),16,10.302513724357123,10386
3462,3,C(3462;1;1201;1438),16,10.302513724357123,10386
