N,K,S,diameter,averageShortestPathLength,edges
3821,3,C(3821;1;269;1263),16,10.64607329842932,11463
3821,3,C(3821;1;333;1791),16,10.64607329842932,11463
3821,3,C(3821;1;625;1572),16,10.64607329842932,11463
