N,K,S,diameter,averageShortestPathLength,edges
3071,3,C(3071;1;52;802),15,9.8964169381107485,9213
3071,3,C(3071;1;606;1004),15,9.8964169381107485,9213
3071,3,C(3071;1;674;1076),15,9.8964169381107485,9213
