N,K,S,diameter,averageShortestPathLength,edges
3928,3,C(3928;1;52;1385),16,10.741023682200153,11784
3928,3,C(3928;1;380;1367),16,10.741023682200153,11784
