N,K,S,diameter,averageShortestPathLength,edges
3524,3,C(3524;1;658;1023),16,10.35821742832813,10572
3524,3,C(3524;1;926;1185),16,10.35821742832813,10572
