N,K,S,diameter,averageShortestPathLength,edges
3371,3,C(3371;1;140;531),15,10.209495548961424,10113
3371,3,C(3371;1;451;984),15,10.209495548961424,10113
3371,3,C(3371;1;1228;1465),15,10.209495548961424,10113
