N,K,S,diameter,averageShortestPathLength,edges
3142,3,C(3142;1;408;1409),15,9.9640241961158864,9426
3142,3,C(3142;1;417;468),15,9.9640241961158864,9426
