N,K,S,diameter,averageShortestPathLength,edges
3871,3,C(3871;1;336;724),16,10.691989664082687,11613
3871,3,C(3871;1;401;749),16,10.691989664082687,11613
