N,K,S,diameter,averageShortestPathLength,edges
3317,3,C(3317;1;145;744),16,10.162243667068758,9951
3317,3,C(3317;1;155;183),16,10.162243667068758,9951
3317,3,C(3317;1;974;1446),16,10.162243667068758,9951
3317,3,C(3317;1;1027;1319),16,10.162243667068758,9951
3317,3,C(3317;1;1279;1352),16,10.162243667068758,9951
