N,K,S,diameter,averageShortestPathLength,edges
3005,3,C(3005;1;59;1222),15,9.8255659121171774,9015
3005,3,C(3005;1;568;1232),15,9.8255659121171774,9015
3005,3,C(3005;1;764;947),15,9.8255659121171774,9015
