N,K,S,diameter,averageShortestPathLength,edges
3261,3,C(3261;1;666;1078),15,10.102453987730062,9783
3261,3,C(3261;1;1161;1570),15,10.102453987730062,9783
