N,K,S,diameter,averageShortestPathLength,edges
3154,3,C(3154;1;493;1554),15,9.9755788138281005,9462
3154,3,C(3154;1;531;1174),15,9.9755788138281005,9462
