N,K,S,diameter,averageShortestPathLength,edges
3074,3,C(3074;1;163;1422),15,9.9007484542792064,9222
3074,3,C(3074;1;1442;1471),15,9.9007484542792064,9222
