N,K,S,diameter,averageShortestPathLength,edges
3304,3,C(3304;1;402;1577),15,10.14320314865274,9912
3304,3,C(3304;1;534;815),15,10.14320314865274,9912
