N,K,S,diameter,averageShortestPathLength,edges
3282,3,C(3282;1;157;566),15,10.115513562938128,9846
3282,3,C(3282;1;439;958),15,10.115513562938128,9846
