N,K,S,diameter,averageShortestPathLength,edges
3078,3,C(3078;1;397;1016),15,9.9008774780630482,9234
3078,3,C(3078;1;1088;1225),15,9.9008774780630482,9234
