N,K,S,diameter,averageShortestPathLength,edges
3909,3,C(3909;1;563;1545),16,10.730808597748208,11727
3909,3,C(3909;1;611;1926),16,10.730808597748208,11727
