N,K,S,diameter,averageShortestPathLength,edges
3221,3,C(3221;1;227;1462),15,10.054658385093168,9663
3221,3,C(3221;1;476;1348),15,10.054658385093168,9663
3221,3,C(3221;1;1509;1540),15,10.054658385093168,9663
