N,K,S,diameter,averageShortestPathLength,edges
3183,3,C(3183;1;209;1430),15,10.022627278441233,9549
3183,3,C(3183;1;563;1084),15,10.022627278441233,9549
3183,3,C(3183;1;1012;1127),15,10.022627278441233,9549
