N,K,S,diameter,averageShortestPathLength,edges
3692,3,C(3692;1;202;789),16,10.533730696288268,11076
3692,3,C(3692;1;398;861),16,10.533730696288268,11076
