N,K,S,diameter,averageShortestPathLength,edges
3229,3,C(3229;1;386;471),15,10.067534076827757,9687
3229,3,C(3229;1;729;1397),15,10.067534076827757,9687
3229,3,C(3229;1;815;1282),15,10.067534076827757,9687
