N,K,S,diameter,averageShortestPathLength,edges
3062,3,C(3062;1;102;879),15,9.8885984972231302,9186
3062,3,C(3062;1;317;1348),15,9.8885984972231302,9186
