N,K,S,diameter,averageShortestPathLength,edges
3901,3,C(3901;1;493;1242),16,10.721025641025641,11703
3901,3,C(3901;1;638;1605),16,10.721025641025641,11703
3901,3,C(3901;1;1229;1361),16,10.721025641025641,11703
