N,K,S,diameter,averageShortestPathLength,edges
3155,3,C(3155;1;157;911),15,9.9828788839568805,9465
3155,3,C(3155;1;422;468),15,9.9828788839568805,9465
3155,3,C(3155;1;471;1382),15,9.9828788839568805,9465
