N,K,S,diameter,averageShortestPathLength,edges
3039,3,C(3039;1;175;1194),15,9.8597761685319281,9117
3039,3,C(3039;1;712;792),15,9.8597761685319281,9117
