N,K,S,diameter,averageShortestPathLength,edges
3127,3,C(3127;1;588;1127),15,9.9532949456174027,9381
3127,3,C(3127;1;1301;1505),15,9.9532949456174027,9381
3127,3,C(3127;1;1465;1495),15,9.9532949456174027,9381
