N,K,S,diameter,averageShortestPathLength,edges
3929,3,C(3929;1;695;1338),16,10.741853360488799,11787
3929,3,C(3929;1;701;1093),16,10.741853360488799,11787
3929,3,C(3929;1;949;1248),16,10.741853360488799,11787
