N,K,S,diameter,averageShortestPathLength,edges
3045,3,C(3045;1;389;559),15,9.8646517739816026,9135
3045,3,C(3045;1;1024;1409),15,9.8646517739816026,9135
3045,3,C(3045;1;1084;1466),15,9.8646517739816026,9135
