N,K,S,diameter,averageShortestPathLength,edges
3033,3,C(3033;1;129;209),15,9.8456464379947235,9099
3033,3,C(3033;1;465;1219),15,9.8456464379947235,9099
