N,K,S,diameter,averageShortestPathLength,edges
3861,3,C(3861;1;366;683),16,10.683419689119171,11583
3861,3,C(3861;1;498;1792),16,10.683419689119171,11583
