N,K,S,diameter,averageShortestPathLength,edges
3869,3,C(3869;1;452;1628),16,10.698035160289555,11607
3869,3,C(3869;1;1229;1361),16,10.698035160289555,11607
3869,3,C(3869;1;1742;1892),16,10.698035160289555,11607
