N,K,S,diameter,averageShortestPathLength,edges
3586,3,C(3586;1;502;623),16,10.428451882845188,10758
3586,3,C(3586;1;1675;1726),16,10.428451882845188,10758
