N,K,S,diameter,averageShortestPathLength,edges
3893,3,C(3893;1;85;1252),16,10.711716341212744,11679
3893,3,C(3893;1;1023;1309),16,10.711716341212744,11679
