N,K,S,diameter,averageShortestPathLength,edges
3339,3,C(3339;1;323;1162),15,10.170760934691431,10017
3339,3,C(3339;1;658;827),15,10.170760934691431,10017
