N,K,S,diameter,averageShortestPathLength,edges
3997,3,C(3997;1;383;504),16,10.812812812812814,11991
3997,3,C(3997;1;1358;1795),16,10.812812812812814,11991
