N,K,S,diameter,averageShortestPathLength,edges
3010,3,C(3010;1;29;1166),15,9.8281821203057493,9030
3010,3,C(3010;1;51;786),15,9.8281821203057493,9030
3010,3,C(3010;1;59;1224),15,9.8281821203057493,9030
3010,3,C(3010;1;144;519),15,9.8281821203057493,9030
3010,3,C(3010;1;269;892),15,9.8281821203057493,9030
3010,3,C(3010;1;649;988),15,9.8281821203057493,9030
