N,K,S,diameter,averageShortestPathLength,edges
3493,3,C(3493;1;274;595),15,10.327605956471936,10479
3493,3,C(3493;1;546;1721),15,10.327605956471936,10479
