N,K,S,diameter,averageShortestPathLength,edges
3243,3,C(3243;1;108;931),15,10.070943861813696,9729
3243,3,C(3243;1;129;209),15,10.070943861813696,9729
