N,K,S,diameter,averageShortestPathLength,edges
3397,3,C(3397;1;155;201),15,10.240282685512367,10191
3397,3,C(3397;1;169;981),15,10.240282685512367,10191
3397,3,C(3397;1;263;1489),15,10.240282685512367,10191
