N,K,S,diameter,averageShortestPathLength,edges
3818,3,C(3818;1;85;1798),16,10.647105056326959,11454
3818,3,C(3818;1;539;650),16,10.647105056326959,11454
