N,K,S,diameter,averageShortestPathLength,edges
3767,3,C(3767;1;240;990),16,10.596388741370154,11301
3767,3,C(3767;1;361;475),16,10.596388741370154,11301
3767,3,C(3767;1;571;1054),16,10.596388741370154,11301
