N,K,S,diameter,averageShortestPathLength,edges
3476,3,C(3476;1;406;959),16,10.323741007194245,10428
3476,3,C(3476;1;710;1149),16,10.323741007194245,10428
