N,K,S,diameter,averageShortestPathLength,edges
3197,3,C(3197;1;142;230),15,10.031289111389237,9591
3197,3,C(3197;1;788;989),15,10.031289111389237,9591
