N,K,S,diameter,averageShortestPathLength,edges
3484,3,C(3484;1;466;1017),16,10.323571633649154,10452
3484,3,C(3484;1;486;1569),16,10.323571633649154,10452
