N,K,S,diameter,averageShortestPathLength,edges
3208,3,C(3208;1;514;1105),15,10.038977237293421,9624
3208,3,C(3208;1;674;1559),15,10.038977237293421,9624
