N,K,S,diameter,averageShortestPathLength,edges
3739,3,C(3739;1;116;765),16,10.571428571428571,11217
3739,3,C(3739;1;826;1398),16,10.571428571428571,11217
3739,3,C(3739;1;1386;1586),16,10.571428571428571,11217
