N,K,S,diameter,averageShortestPathLength,edges
3119,3,C(3119;1;112;531),15,9.9454778704297624,9357
3119,3,C(3119;1;429;1257),15,9.9454778704297624,9357
3119,3,C(3119;1;919;1425),15,9.9454778704297624,9357
