N,K,S,diameter,averageShortestPathLength,edges
3369,3,C(3369;1;629;978),15,10.205463182897862,10107
3369,3,C(3369;1;834;1489),15,10.205463182897862,10107
