N,K,S,diameter,averageShortestPathLength,edges
3599,3,C(3599;1;390;1295),16,10.444135630906059,10797
3599,3,C(3599;1;880;1375),16,10.444135630906059,10797
3599,3,C(3599;1;1573;1640),16,10.444135630906059,10797
