N,K,S,diameter,averageShortestPathLength,edges
3348,3,C(3348;1;46;1045),15,10.18195398864655,10044
3348,3,C(3348;1;298;503),15,10.18195398864655,10044
