N,K,S,diameter,averageShortestPathLength,edges
3455,3,C(3455;1;151;775),16,10.295888824551245,10365
3455,3,C(3455;1;961;1505),16,10.295888824551245,10365
3455,3,C(3455;1;970;1161),16,10.295888824551245,10365
3455,3,C(3455;1;1130;1604),16,10.295888824551245,10365
