N,K,S,diameter,averageShortestPathLength,edges
3465,3,C(3465;1;505;667),15,10.296766743648961,10395
3465,3,C(3465;1;613;1180),15,10.296766743648961,10395
