N,K,S,diameter,averageShortestPathLength,edges
4709,3,C(4709;1;344;607),18,11.428207306711979,14127
4709,3,C(4709;1;616;1901),18,11.428207306711979,14127
4709,3,C(4709;1;993;2165),18,11.428207306711979,14127
