N,K,S,diameter,averageShortestPathLength,edges
4040,3,C(4040;1;278;381),17,10.856152512998268,12120
4040,3,C(4040;1;1358;1739),17,10.856152512998268,12120
