N,K,S,diameter,averageShortestPathLength,edges
4305,3,C(4305;1;446;833),17,11.07899628252788,12915
4305,3,C(4305;1;1361;1498),17,11.07899628252788,12915
