N,K,S,diameter,averageShortestPathLength,edges
4869,3,C(4869;1;123;706),17,11.548479868529171,14607
4869,3,C(4869;1;200;255),17,11.548479868529171,14607
