N,K,S,diameter,averageShortestPathLength,edges
4729,3,C(4729;1;545;1495),17,11.432741116751268,14187
4729,3,C(4729;1;833;1608),17,11.432741116751268,14187
4729,3,C(4729;1;1221;1344),17,11.432741116751268,14187
