N,K,S,diameter,averageShortestPathLength,edges
4937,3,C(4937;1;198;628),17,11.604943273905997,14811
4937,3,C(4937;1;833;1816),17,11.604943273905997,14811
4937,3,C(4937;1;1521;2347),17,11.604943273905997,14811
