N,K,S,diameter,averageShortestPathLength,edges
4529,3,C(4529;1;434;571),17,11.278268551236749,13587
4529,3,C(4529;1;840;1626),17,11.278268551236749,13587
