N,K,S,diameter,averageShortestPathLength,edges
4682,3,C(4682;1;188;1353),17,11.401196325571458,14046
4682,3,C(4682;1;294;1969),17,11.401196325571458,14046
