N,K,S,diameter,averageShortestPathLength,edges
4328,3,C(4328;1;561;2032),17,11.094753871042293,12984
4328,3,C(4328;1;1400;2137),17,11.094753871042293,12984
