N,K,S,diameter,averageShortestPathLength,edges
4459,3,C(4459;1;529;581),17,11.214894571556751,13377
4459,3,C(4459;1;1533;2200),17,11.214894571556751,13377
