N,K,S,diameter,averageShortestPathLength,edges
4175,3,C(4175;1;774;1115),17,10.978437949209392,12525
4175,3,C(4175;1;1451;2035),17,10.978437949209392,12525
