N,K,S,diameter,averageShortestPathLength,edges
4539,3,C(4539;1;165;1102),17,11.274570295284267,13617
4539,3,C(4539;1;589;1866),17,11.274570295284267,13617
