N,K,S,diameter,averageShortestPathLength,edges
4559,3,C(4559;1;178;1323),17,11.29530495831505,13677
4559,3,C(4559;1;200;255),17,11.29530495831505,13677
4559,3,C(4559;1;889;1255),17,11.29530495831505,13677
