N,K,S,diameter,averageShortestPathLength,edges
4008,3,C(4008;1;536;721),16,10.820314449713003,12024
4008,3,C(4008;1;968;1273),16,10.820314449713003,12024
