N,K,S,diameter,averageShortestPathLength,edges
4601,3,C(4601;1;189;241),17,11.335652173913044,13803
4601,3,C(4601;1;210;1719),17,11.335652173913044,13803
4601,3,C(4601;1;779;902),17,11.335652173913044,13803
