N,K,S,diameter,averageShortestPathLength,edges
4113,3,C(4113;1;799;1215),17,10.918774319066149,12339
4113,3,C(4113;1;1220;1620),17,10.918774319066149,12339
