N,K,S,diameter,averageShortestPathLength,edges
4101,3,C(4101;1;356;767),17,10.903902439024391,12303
4101,3,C(4101;1;610;1588),17,10.903902439024391,12303
4101,3,C(4101;1;1463;1553),17,10.903902439024391,12303
