N,K,S,diameter,averageShortestPathLength,edges
4883,3,C(4883;1;214;1122),18,11.565751741089718,14649
4883,3,C(4883;1;251;1592),18,11.565751741089718,14649
4883,3,C(4883;1;1506;2015),18,11.565751741089718,14649
