N,K,S,diameter,averageShortestPathLength,edges
4233,3,C(4233;1;182;1162),16,11.021739130434783,12699
4233,3,C(4233;1;332;721),16,11.021739130434783,12699
