N,K,S,diameter,averageShortestPathLength,edges
4050,3,C(4050;1;1276;1413),16,10.852309212151148,12150
4050,3,C(4050;1;1677;1892),16,10.852309212151148,12150
