N,K,S,diameter,averageShortestPathLength,edges
4033,3,C(4033;1;88;1297),16,10.844742063492063,12099
4033,3,C(4033;1;426;1191),16,10.844742063492063,12099
4033,3,C(4033;1;1131;1879),16,10.844742063492063,12099
