N,K,S,diameter,averageShortestPathLength,edges
4023,3,C(4023;1;54;833),16,10.83092988562904,12069
4023,3,C(4023;1;425;1188),16,10.83092988562904,12069
