N,K,S,diameter,averageShortestPathLength,edges
4246,3,C(4246;1;669;1388),16,11.028504122497056,12738
4246,3,C(4246;1;787;1134),16,11.028504122497056,12738
