N,K,S,diameter,averageShortestPathLength,edges
4795,3,C(4795;1;561;1465),17,11.492282019190656,14385
4795,3,C(4795;1;1430;2171),17,11.492282019190656,14385
