N,K,S,diameter,averageShortestPathLength,edges
4271,3,C(4271;1;236;764),17,11.053864168618267,12813
4271,3,C(4271;1;514;1269),17,11.053864168618267,12813
4271,3,C(4271;1;742;1155),17,11.053864168618267,12813
