N,K,S,diameter,averageShortestPathLength,edges
4545,3,C(4545;1;742;1873),17,11.286531690140846,13635
4545,3,C(4545;1;1223;1534),17,11.286531690140846,13635
4545,3,C(4545;1;1834;2248),17,11.286531690140846,13635
