N,K,S,diameter,averageShortestPathLength,edges
4694,3,C(4694;1;129;678),17,11.406989132750905,14082
4694,3,C(4694;1;1783;2178),17,11.406989132750905,14082
