N,K,S,diameter,averageShortestPathLength,edges
4894,3,C(4894;1;165;294),17,11.569793582669119,14682
4894,3,C(4894;1;1066;1661),17,11.569793582669119,14682
