N,K,S,diameter,averageShortestPathLength,edges
4461,3,C(4461;1;603;749),17,11.209865470852018,13383
4461,3,C(4461;1;1107;1352),17,11.209865470852018,13383
