N,K,S,diameter,averageShortestPathLength,edges
4745,3,C(4745;1;547;1609),17,11.44477234401349,14235
4745,3,C(4745;1;888;2141),17,11.44477234401349,14235
4745,3,C(4745;1;1093;1758),17,11.44477234401349,14235
