N,K,S,diameter,averageShortestPathLength,edges
4804,3,C(4804;1;231;1188),17,11.488444722048719,14412
4804,3,C(4804;1;1227;2064),17,11.488444722048719,14412
