N,K,S,diameter,averageShortestPathLength,edges
4852,3,C(4852;1;629;2278),17,11.534735106163678,14556
4852,3,C(4852;1;1570;2399),17,11.534735106163678,14556
