N,K,S,diameter,averageShortestPathLength,edges
4132,3,C(4132;1;88;1951),16,10.926652142338417,12396
4132,3,C(4132;1;396;521),16,10.926652142338417,12396
