N,K,S,diameter,averageShortestPathLength,edges
4066,3,C(4066;1;56;1437),16,10.872570725707257,12198
4066,3,C(4066;1;464;863),16,10.872570725707257,12198
