N,K,S,diameter,averageShortestPathLength,edges
4785,3,C(4785;1;605;1679),17,11.477006688963211,14355
4785,3,C(4785;1;1265;1576),17,11.477006688963211,14355
