N,K,S,diameter,averageShortestPathLength,edges
4833,3,C(4833;1;54;1003),17,11.521109271523178,14499
4833,3,C(4833;1;1195;1701),17,11.521109271523178,14499
