N,K,S,diameter,averageShortestPathLength,edges
4885,3,C(4885;1;786;2395),17,11.557330057330057,14655
4885,3,C(4885;1;1010;1821),17,11.557330057330057,14655
