N,K,S,diameter,averageShortestPathLength,edges
4148,3,C(4148;1;107;1982),17,10.94646732577767,12444
4148,3,C(4148;1;1163;1222),17,10.94646732577767,12444
