N,K,S,diameter,averageShortestPathLength,edges
4073,3,C(4073;1;794;1157),17,10.879174852652259,12219
4073,3,C(4073;1;835;1820),17,10.879174852652259,12219
4073,3,C(4073;1;949;1717),17,10.879174852652259,12219
