N,K,S,diameter,averageShortestPathLength,edges
4127,3,C(4127;1;287;1116),16,10.920019389238972,12381
4127,3,C(4127;1;675;1698),16,10.920019389238972,12381
4127,3,C(4127;1;717;1116),16,10.920019389238972,12381
4127,3,C(4127;1;787;1136),16,10.920019389238972,12381
4127,3,C(4127;1;1608;1690),16,10.920019389238972,12381
4127,3,C(4127;1;1690;1956),16,10.920019389238972,12381
