N,K,S,diameter,averageShortestPathLength,edges
4881,3,C(4881;1;134;705),18,11.560655737704918,14643
4881,3,C(4881;1;1353;1712),18,11.560655737704918,14643
