N,K,S,diameter,averageShortestPathLength,edges
4981,3,C(4981;1;533;1632),17,11.634136546184738,14943
4981,3,C(4981;1;785;1003),17,11.634136546184738,14943
