N,K,S,diameter,averageShortestPathLength,edges
4361,3,C(4361;1;189;241),17,11.132110091743119,13083
4361,3,C(4361;1;380;2044),17,11.132110091743119,13083
