N,K,S,diameter,averageShortestPathLength,edges
4926,3,C(4926;1;101;1388),18,11.589644670050761,14778
4926,3,C(4926;1;1073;1672),18,11.589644670050761,14778
