N,K,S,diameter,averageShortestPathLength,edges
4621,3,C(4621;1;383;1821),18,11.354112554112554,13863
4621,3,C(4621;1;555;1344),18,11.354112554112554,13863
4621,3,C(4621;1;863;1619),18,11.354112554112554,13863
