N,K,S,diameter,averageShortestPathLength,edges
4062,3,C(4062;1;1008;1231),16,10.86998276286629,12186
4062,3,C(4062;1;1098;1343),16,10.86998276286629,12186
