N,K,S,diameter,averageShortestPathLength,edges
4452,3,C(4452;1;193;246),17,11.213210514491125,13356
4452,3,C(4452;1;1962;2053),17,11.213210514491125,13356
