N,K,S,diameter,averageShortestPathLength,edges
4699,3,C(4699;1;202;1290),17,11.415495955725842,14097
4699,3,C(4699;1;226;1162),17,11.415495955725842,14097
4699,3,C(4699;1;1419;2100),17,11.415495955725842,14097
