N,K,S,diameter,averageShortestPathLength,edges
4933,3,C(4933;1;236;888),17,11.601784266017843,14799
4933,3,C(4933;1;438;1382),17,11.601784266017843,14799
4933,3,C(4933;1;857;1334),17,11.601784266017843,14799
4933,3,C(4933;1;1033;2016),17,11.601784266017843,14799
4933,3,C(4933;1;1661;2289),17,11.601784266017843,14799
4933,3,C(4933;1;2020;2338),17,11.601784266017843,14799
