N,K,S,diameter,averageShortestPathLength,edges
4072,3,C(4072;1;556;1255),16,10.873986735445836,12216
4072,3,C(4072;1;788;1207),16,10.873986735445836,12216
