N,K,S,diameter,averageShortestPathLength,edges
4527,3,C(4527;1;281;789),17,11.270879363676535,13581
4527,3,C(4527;1;615;2191),17,11.270879363676535,13581
