N,K,S,diameter,averageShortestPathLength,edges
4099,3,C(4099;1;51;1445),16,10.899463152757443,12297
4099,3,C(4099;1;643;1338),16,10.899463152757443,12297
4099,3,C(4099;1;990;1302),16,10.899463152757443,12297
