N,K,S,diameter,averageShortestPathLength,edges
4248,3,C(4248;1;577;2056),17,11.029668000941841,12744
4248,3,C(4248;1;935;1984),17,11.029668000941841,12744
