N,K,S,diameter,averageShortestPathLength,edges
4988,3,C(4988;1;369;1444),17,11.63966312412272,14964
4988,3,C(4988;1;1149;1848),17,11.63966312412272,14964
