N,K,S,diameter,averageShortestPathLength,edges
4238,3,C(4238;1;144;799),17,11.02643379749823,12714
4238,3,C(4238;1;154;1029),17,11.02643379749823,12714
