N,K,S,diameter,averageShortestPathLength,edges
4044,3,C(4044;1;534;1205),16,10.855552807321295,12132
4044,3,C(4044;1;641;1446),16,10.855552807321295,12132
