N,K,S,diameter,averageShortestPathLength,edges
4876,3,C(4876;1;337;1646),17,11.553435897435897,14628
4876,3,C(4876;1;463;1442),17,11.553435897435897,14628
