N,K,S,diameter,averageShortestPathLength,edges
4239,3,C(4239;1;270;1114),17,11.023124115148654,12717
4239,3,C(4239;1;293;1431),17,11.023124115148654,12717
