N,K,S,diameter,averageShortestPathLength,edges
4879,3,C(4879;1;169;301),18,11.560475604756048,14637
4879,3,C(4879;1;175;664),18,11.560475604756048,14637
