N,K,S,diameter,averageShortestPathLength,edges
4946,3,C(4946;1;410;1949),18,11.609504550050556,14838
4946,3,C(4946;1;1043;2274),18,11.609504550050556,14838
