N,K,S,diameter,averageShortestPathLength,edges
4301,3,C(4301;1;103;1209),17,11.086511627906976,12903
4301,3,C(4301;1;1181;1640),17,11.086511627906976,12903
4301,3,C(4301;1;1378;1515),17,11.086511627906976,12903
