N,K,S,diameter,averageShortestPathLength,edges
4215,3,C(4215;1;172;223),16,11.007593735168486,12645
4215,3,C(4215;1;859;2083),16,11.007593735168486,12645
4215,3,C(4215;1;1001;1342),16,11.007593735168486,12645
