N,K,S,diameter,averageShortestPathLength,edges
4316,3,C(4316;1;376;2023),17,11.084820393974507,12948
4316,3,C(4316;1;1071;1308),17,11.084820393974507,12948
