N,K,S,diameter,averageShortestPathLength,edges
4696,3,C(4696;1;80;2199),17,11.415974440894569,14088
4696,3,C(4696;1;457;1008),17,11.415974440894569,14088
