N,K,S,diameter,averageShortestPathLength,edges
4197,3,C(4197;1;354;977),17,10.988560533841754,12591
4197,3,C(4197;1;576;1946),17,10.988560533841754,12591
