N,K,S,diameter,averageShortestPathLength,edges
4703,3,C(4703;1;264;1674),17,11.424925563589962,14109
4703,3,C(4703;1;327;1728),17,11.424925563589962,14109
4703,3,C(4703;1;489;1548),17,11.424925563589962,14109
