N,K,S,diameter,averageShortestPathLength,edges
4276,3,C(4276;1;337;1286),17,11.059883040935672,12828
4276,3,C(4276;1;1666;1751),17,11.059883040935672,12828
