N,K,S,diameter,averageShortestPathLength,edges
4207,3,C(4207;1;407;1464),16,11.000475511174512,12621
4207,3,C(4207;1;848;1842),16,11.000475511174512,12621
4207,3,C(4207;1;1044;1275),16,11.000475511174512,12621
