N,K,S,diameter,averageShortestPathLength,edges
4381,3,C(4381;1;245;684),17,11.144292237442922,13143
4381,3,C(4381;1;775;1492),17,11.144292237442922,13143
4381,3,C(4381;1;784;1359),17,11.144292237442922,13143
