N,K,S,diameter,averageShortestPathLength,edges
4913,3,C(4913;1;52;2003),17,11.57899022801303,14739
4913,3,C(4913;1;130;1847),17,11.57899022801303,14739
4913,3,C(4913;1;133;2362),17,11.57899022801303,14739
4913,3,C(4913;1;144;1331),17,11.57899022801303,14739
4913,3,C(4913;1;580;639),17,11.57899022801303,14739
4913,3,C(4913;1;1554;2222),17,11.57899022801303,14739
