N,K,S,diameter,averageShortestPathLength,edges
4702,3,C(4702;1;479;2188),17,11.42012337800468,14106
4702,3,C(4702;1;481;820),17,11.42012337800468,14106
