N,K,S,diameter,averageShortestPathLength,edges
4272,3,C(4272;1;113;1606),17,11.051978459377196,12816
4272,3,C(4272;1;1361;1498),17,11.051978459377196,12816
