N,K,S,diameter,averageShortestPathLength,edges
4972,3,C(4972;1;242;1611),18,11.627237980285656,14916
4972,3,C(4972;1;506;1395),18,11.627237980285656,14916
