N,K,S,diameter,averageShortestPathLength,edges
4504,3,C(4504;1;592;745),17,11.251832111925383,13512
4504,3,C(4504;1;1457;2224),17,11.251832111925383,13512
