N,K,S,diameter,averageShortestPathLength,edges
4339,3,C(4339;1;366;1010),17,11.110189027201475,13017
4339,3,C(4339;1;590;1719),17,11.110189027201475,13017
4339,3,C(4339;1;1843;1993),17,11.110189027201475,13017
