N,K,S,diameter,averageShortestPathLength,edges
4995,3,C(4995;1;55;959),18,11.647577092511014,14985
4995,3,C(4995;1;974;1375),18,11.647577092511014,14985
