N,K,S,diameter,averageShortestPathLength,edges
4269,3,C(4269;1;222;819),17,11.044048734770385,12807
4269,3,C(4269;1;690;1053),17,11.044048734770385,12807
