N,K,S,diameter,averageShortestPathLength,edges
4744,3,C(4744;1;560;617),17,11.444444444444445,14232
4744,3,C(4744;1;2000;2199),17,11.444444444444445,14232
