N,K,S,diameter,averageShortestPathLength,edges
4283,3,C(4283;1;359;2076),17,11.066324147594582,12849
4283,3,C(4283;1;1335;1929),17,11.066324147594582,12849
4283,3,C(4283;1;1402;1885),17,11.066324147594582,12849
