N,K,S,diameter,averageShortestPathLength,edges
4953,3,C(4953;1;311;2083),17,11.619143780290791,14859
4953,3,C(4953;1;430;803),17,11.619143780290791,14859
4953,3,C(4953;1;1265;2128),17,11.619143780290791,14859
