N,K,S,diameter,averageShortestPathLength,edges
4589,3,C(4589;1;624;1818),17,11.321708805579773,13767
4589,3,C(4589;1;1287;2138),17,11.321708805579773,13767
