N,K,S,diameter,averageShortestPathLength,edges
4403,3,C(4403;1;201;1645),17,11.164016356201726,13209
4403,3,C(4403;1;1621;1673),17,11.164016356201726,13209
