N,K,S,diameter,averageShortestPathLength,edges
4313,3,C(4313;1;68;1976),17,11.096011131725417,12939
4313,3,C(4313;1;444;1805),17,11.096011131725417,12939
