N,K,S,diameter,averageShortestPathLength,edges
4787,3,C(4787;1;305;1258),17,11.491851232762222,14361
4787,3,C(4787;1;1016;1275),17,11.491851232762222,14361
4787,3,C(4787;1;1040;1287),17,11.491851232762222,14361
