N,K,S,diameter,averageShortestPathLength,edges
4133,3,C(4133;1;1042;1434),17,10.939980638915779,12399
4133,3,C(4133;1;1119;1663),17,10.939980638915779,12399
4133,3,C(4133;1;1535;1699),17,10.939980638915779,12399
