N,K,S,diameter,averageShortestPathLength,edges
4286,3,C(4286;1;178;227),16,11.06441073512252,12858
4286,3,C(4286;1;284;793),16,11.06441073512252,12858
