N,K,S,diameter,averageShortestPathLength,edges
4234,3,C(4234;1;56;1493),16,11.020316560359083,12702
4234,3,C(4234;1;553;1330),16,11.020316560359083,12702
