N,K,S,diameter,averageShortestPathLength,edges
4379,3,C(4379;1;339;2095),17,11.148926450433988,13137
4379,3,C(4379;1;761;1367),17,11.148926450433988,13137
4379,3,C(4379;1;1408;1686),17,11.148926450433988,13137
