N,K,S,diameter,averageShortestPathLength,edges
4771,3,C(4771;1;488;832),17,11.466666666666667,14313
4771,3,C(4771;1;624;1926),17,11.466666666666667,14313
