N,K,S,diameter,averageShortestPathLength,edges
4367,3,C(4367;1;93;2062),17,11.133302794319743,13101
4367,3,C(4367;1;210;1080),17,11.133302794319743,13101
4367,3,C(4367;1;629;1726),17,11.133302794319743,13101
