N,K,S,diameter,averageShortestPathLength,edges
4451,3,C(4451;1;303;1982),17,11.208988764044944,13353
4451,3,C(4451;1;393;1098),17,11.208988764044944,13353
4451,3,C(4451;1;426;1358),17,11.208988764044944,13353
