N,K,S,diameter,averageShortestPathLength,edges
4131,3,C(4131;1;32;1155),17,10.937530266343826,12393
4131,3,C(4131;1;93;1420),17,10.937530266343826,12393
