N,K,S,diameter,averageShortestPathLength,edges
4583,3,C(4583;1;179;1330),17,11.313836752509822,13749
4583,3,C(4583;1;223;1485),17,11.313836752509822,13749
4583,3,C(4583;1;541;596),17,11.313836752509822,13749
