N,K,S,diameter,averageShortestPathLength,edges
4441,3,C(4441;1;165;694),17,11.19954954954955,13323
4441,3,C(4441;1;704;1588),17,11.19954954954955,13323
4441,3,C(4441;1;1491;1760),17,11.19954954954955,13323
