N,K,S,diameter,averageShortestPathLength,edges
4267,3,C(4267;1;33;1193),17,11.055789967182372,12801
4267,3,C(4267;1;1048;1842),17,11.055789967182372,12801
4267,3,C(4267;1;1293;2105),17,11.055789967182372,12801
