N,K,S,diameter,averageShortestPathLength,edges
4393,3,C(4393;1;90;1416),17,11.163479052823314,13179
4393,3,C(4393;1;570;1806),17,11.163479052823314,13179
4393,3,C(4393;1;1210;1939),17,11.163479052823314,13179
