N,K,S,diameter,averageShortestPathLength,edges
4849,3,C(4849;1;348;2361),17,11.537128712871286,14547
4849,3,C(4849;1;383;1686),17,11.537128712871286,14547
4849,3,C(4849;1;840;1380),17,11.537128712871286,14547
