N,K,S,diameter,averageShortestPathLength,edges
4605,3,C(4605;1;1003;1563),17,11.334926151172892,13815
4605,3,C(4605;1;1131;1988),17,11.334926151172892,13815
