N,K,S,diameter,averageShortestPathLength,edges
4657,3,C(4657;1;54;895),17,11.381013745704468,13971
4657,3,C(4657;1;1025;2175),17,11.381013745704468,13971
4657,3,C(4657;1;1622;2156),17,11.381013745704468,13971
