N,K,S,diameter,averageShortestPathLength,edges
4731,3,C(4731;1;327;1597),17,11.434249471458774,14193
4731,3,C(4731;1;726;1025),17,11.434249471458774,14193
