N,K,S,diameter,averageShortestPathLength,edges
4973,3,C(4973;1;59;1552),17,11.63716814159292,14919
4973,3,C(4973;1;330;753),17,11.63716814159292,14919
4973,3,C(4973;1;590;648),17,11.63716814159292,14919
