N,K,S,diameter,averageShortestPathLength,edges
4639,3,C(4639;1;149;627),17,11.367399741267787,13917
4639,3,C(4639;1;276;2086),17,11.367399741267787,13917
4639,3,C(4639;1;1169;2101),17,11.367399741267787,13917
