N,K,S,diameter,averageShortestPathLength,edges
4819,3,C(4819;1;905;1698),17,11.519302615193027,14457
4819,3,C(4819;1;914;1885),17,11.519302615193027,14457
4819,3,C(4819;1;1104;1587),17,11.519302615193027,14457
