N,K,S,diameter,averageShortestPathLength,edges
4989,3,C(4989;1;1238;1512),18,11.644747393744987,14967
4989,3,C(4989;1;1377;1753),18,11.644747393744987,14967
