N,K,S,diameter,averageShortestPathLength,edges
4343,3,C(4343;1;54;1531),17,11.108245048364809,13029
4343,3,C(4343;1;563;2039),17,11.108245048364809,13029
4343,3,C(4343;1;590;2102),17,11.108245048364809,13029
