N,K,S,diameter,averageShortestPathLength,edges
4905,3,C(4905;1;393;838),17,11.585236541598695,14715
4905,3,C(4905;1;579;638),17,11.585236541598695,14715
