N,K,S,diameter,averageShortestPathLength,edges
4836,3,C(4836;1;101;742),18,11.520372285418821,14508
4836,3,C(4836;1;2011;2162),18,11.520372285418821,14508
