N,K,S,diameter,averageShortestPathLength,edges
4322,3,C(4322;1;260;1867),17,11.102059708400834,12966
4322,3,C(4322;1;1007;1822),17,11.102059708400834,12966
