N,K,S,diameter,averageShortestPathLength,edges
4522,3,C(4522;1;232;787),17,11.271400132714001,13566
4522,3,C(4522;1;1454;1741),17,11.271400132714001,13566
