N,K,S,diameter,averageShortestPathLength,edges
4808,3,C(4808;1;319;728),17,11.501144164759726,14424
4808,3,C(4808;1;1520;1673),17,11.501144164759726,14424
