N,K,S,diameter,averageShortestPathLength,edges
4762,3,C(4762;1;1482;2285),17,11.465028355387524,14286
4762,3,C(4762;1;1950;2257),17,11.465028355387524,14286
