N,K,S,diameter,averageShortestPathLength,edges
4673,3,C(4673;1;137;1266),17,11.39640410958904,14019
4673,3,C(4673;1;838;2211),17,11.39640410958904,14019
4673,3,C(4673;1;1935;2183),17,11.39640410958904,14019
