N,K,S,diameter,averageShortestPathLength,edges
4613,3,C(4613;1;266;1012),17,11.346487424111015,13839
4613,3,C(4613;1;1290;1778),17,11.346487424111015,13839
