N,K,S,diameter,averageShortestPathLength,edges
4226,3,C(4226;1;58;1319),17,11.020118343195266,12678
4226,3,C(4226;1;487;1336),17,11.020118343195266,12678
