N,K,S,diameter,averageShortestPathLength,edges
4663,3,C(4663;1;158;695),17,11.389961389961391,13989
4663,3,C(4663;1;207;264),17,11.389961389961391,13989
4663,3,C(4663;1;428;1080),17,11.389961389961391,13989
4663,3,C(4663;1;698;1362),17,11.389961389961391,13989
4663,3,C(4663;1;1006;1572),17,11.389961389961391,13989
4663,3,C(4663;1;1151;2091),17,11.389961389961391,13989
