N,K,S,diameter,averageShortestPathLength,edges
4826,3,C(4826;1;455;2396),17,11.519378238341968,14478
4826,3,C(4826;1;647;1066),17,11.519378238341968,14478
