N,K,S,diameter,averageShortestPathLength,edges
4198,3,C(4198;1;630;1599),17,10.990945913747915,12594
4198,3,C(4198;1;1552;1675),17,10.990945913747915,12594
