N,K,S,diameter,averageShortestPathLength,edges
4202,3,C(4202;1;216;1370),17,10.982147107831469,12606
4202,3,C(4202;1;402;1658),17,10.982147107831469,12606
