N,K,S,diameter,averageShortestPathLength,edges
4503,3,C(4503;1;108;1892),17,11.254109284762327,13509
4503,3,C(4503;1;1923;2192),17,11.254109284762327,13509
