N,K,S,diameter,averageShortestPathLength,edges
4777,3,C(4777;1;60;987),17,11.471105527638191,14331
4777,3,C(4777;1;733;1035),17,11.471105527638191,14331
4777,3,C(4777;1;1147;2328),17,11.471105527638191,14331
