N,K,S,diameter,averageShortestPathLength,edges
4139,3,C(4139;1;859;1780),17,10.939101014983084,12417
4139,3,C(4139;1;1304;1444),17,10.939101014983084,12417
4139,3,C(4139;1;1641;2043),17,10.939101014983084,12417
