N,K,S,diameter,averageShortestPathLength,edges
4904,3,C(4904;1;232;1217),17,11.576381807056904,14712
4904,3,C(4904;1;681;1064),17,11.576381807056904,14712
