N,K,S,diameter,averageShortestPathLength,edges
4479,3,C(4479;1;123;647),17,11.220187583742742,13437
4479,3,C(4479;1;789;1523),17,11.220187583742742,13437
