N,K,S,diameter,averageShortestPathLength,edges
4796,3,C(4796;1;862;1175),18,11.493013555787279,14388
4796,3,C(4796;1;1249;2334),18,11.493013555787279,14388
