N,K,S,diameter,averageShortestPathLength,edges
4940,3,C(4940;1;1306;1627),18,11.599311601538773,14820
4940,3,C(4940;1;2177;2278),18,11.599311601538773,14820
