N,K,S,diameter,averageShortestPathLength,edges
4974,3,C(4974;1;490;1861),17,11.627991152221998,14922
4974,3,C(4974;1;1609;2456),17,11.627991152221998,14922
