N,K,S,diameter,averageShortestPathLength,edges
4733,3,C(4733;1;453;1444),17,11.436601859678783,14199
4733,3,C(4733;1;1048;2215),17,11.436601859678783,14199
4733,3,C(4733;1;1531;2337),17,11.436601859678783,14199
