N,K,S,diameter,averageShortestPathLength,edges
4807,3,C(4807;1;173;270),17,11.506450270495215,14421
4807,3,C(4807;1;173;1815),17,11.506450270495215,14421
4807,3,C(4807;1;389;594),17,11.506450270495215,14421
4807,3,C(4807;1;389;724),17,11.506450270495215,14421
4807,3,C(4807;1;1905;2118),17,11.506450270495215,14421
