N,K,S,diameter,averageShortestPathLength,edges
4691,3,C(4691;1;185;236),17,11.408102345415779,14073
4691,3,C(4691;1;355;658),17,11.408102345415779,14073
4691,3,C(4691;1;1133;1490),17,11.408102345415779,14073
