N,K,S,diameter,averageShortestPathLength,edges
4678,3,C(4678;1;62;965),17,11.401325636091512,14034
4678,3,C(4678;1;698;1973),17,11.401325636091512,14034
