N,K,S,diameter,averageShortestPathLength,edges
4496,3,C(4496;1;588;1815),17,11.246273637374861,13488
4496,3,C(4496;1;1625;2148),17,11.246273637374861,13488
