N,K,S,diameter,averageShortestPathLength,edges
4863,3,C(4863;1;635;2287),17,11.546688605512134,14589
4863,3,C(4863;1;1160;2129),17,11.546688605512134,14589
4863,3,C(4863;1;1750;2377),17,11.546688605512134,14589
