N,K,S,diameter,averageShortestPathLength,edges
4619,3,C(4619;1;199;258),17,11.352100476396709,13857
4619,3,C(4619;1;411;555),17,11.352100476396709,13857
4619,3,C(4619;1;1461;2089),17,11.352100476396709,13857
