N,K,S,diameter,averageShortestPathLength,edges
4651,3,C(4651;1;588;1632),17,11.369462365591398,13953
4651,3,C(4651;1;923;1177),17,11.369462365591398,13953
4651,3,C(4651;1;1421;1843),17,11.369462365591398,13953
