N,K,S,diameter,averageShortestPathLength,edges
4801,3,C(4801;1;127;1805),17,11.497083333333334,14403
4801,3,C(4801;1;137;2306),17,11.497083333333334,14403
4801,3,C(4801;1;649;806),17,11.497083333333334,14403
