N,K,S,diameter,averageShortestPathLength,edges
4021,3,C(4021;1;209;1556),16,10.827363184079601,12063
4021,3,C(4021;1;349;752),16,10.827363184079601,12063
4021,3,C(4021;1;355;992),16,10.827363184079601,12063
4021,3,C(4021;1;482;531),16,10.827363184079601,12063
4021,3,C(4021;1;885;1878),16,10.827363184079601,12063
4021,3,C(4021;1;926;1144),16,10.827363184079601,12063
