N,K,S,diameter,averageShortestPathLength,edges
4411,3,C(4411;1;284;1453),16,11.167346938775511,13233
4411,3,C(4411;1;695;1442),16,11.167346938775511,13233
4411,3,C(4411;1;787;1227),16,11.167346938775511,13233
