N,K,S,diameter,averageShortestPathLength,edges
4241,3,C(4241;1;176;668),16,11.029716981132076,12723
4241,3,C(4241;1;273;1397),16,11.029716981132076,12723
4241,3,C(4241;1;747;1442),16,11.029716981132076,12723
