N,K,S,diameter,averageShortestPathLength,edges
4549,3,C(4549;1;95;698),17,11.287598944591029,13647
4549,3,C(4549;1;151;1245),17,11.287598944591029,13647
4549,3,C(4549;1;189;241),17,11.287598944591029,13647
