N,K,S,diameter,averageShortestPathLength,edges
4326,3,C(4326;1;547;1518),17,11.099653179190751,12978
4326,3,C(4326;1;762;1471),17,11.099653179190751,12978
