N,K,S,diameter,averageShortestPathLength,edges
4493,3,C(4493;1;858;943),17,11.254674977738201,13479
4493,3,C(4493;1;1195;2206),17,11.254674977738201,13479
4493,3,C(4493;1;1660;1816),17,11.254674977738201,13479
