N,K,S,diameter,averageShortestPathLength,edges
4962,3,C(4962;1;188;1423),18,11.620439427534771,14886
4962,3,C(4962;1;572;1475),18,11.620439427534771,14886
