N,K,S,diameter,averageShortestPathLength,edges
4136,3,C(4136;1;728;1895),16,10.928415961305925,12408
4136,3,C(4136;1;777;976),16,10.928415961305925,12408
4136,3,C(4136;1;820;1479),16,10.928415961305925,12408
4136,3,C(4136;1;1113;1396),16,10.928415961305925,12408
