N,K,S,diameter,averageShortestPathLength,edges
4811,3,C(4811;1;118;2304),17,11.502286902286903,14433
4811,3,C(4811;1;474;1800),17,11.502286902286903,14433
4811,3,C(4811;1;1427;1895),17,11.502286902286903,14433
