N,K,S,diameter,averageShortestPathLength,edges
4653,3,C(4653;1;1713;1768),17,11.375322441960448,13959
4653,3,C(4653;1;1987;2265),17,11.375322441960448,13959
