N,K,S,diameter,averageShortestPathLength,edges
4634,3,C(4634;1;934;2029),17,11.358515001079214,13902
4634,3,C(4634;1;1247;1564),17,11.358515001079214,13902
