N,K,S,diameter,averageShortestPathLength,edges
4895,3,C(4895;1;1029;2110),17,11.570494483040457,14685
4895,3,C(4895;1;1351;1720),17,11.570494483040457,14685
