N,K,S,diameter,averageShortestPathLength,edges
4031,3,C(4031;1;52;1424),16,10.837220843672457,12093
4031,3,C(4031;1;184;1506),16,10.837220843672457,12093
4031,3,C(4031;1;1523;1938),16,10.837220843672457,12093
