N,K,S,diameter,averageShortestPathLength,edges
4698,3,C(4698;1;49;904),17,11.413455397061954,14094
4698,3,C(4698;1;767;1936),17,11.413455397061954,14094
