N,K,S,diameter,averageShortestPathLength,edges
4825,3,C(4825;1;60;1701),17,11.517827529021559,14475
4825,3,C(4825;1;1024;1285),17,11.517827529021559,14475
