N,K,S,diameter,averageShortestPathLength,edges
4737,3,C(4737;1;823;1281),17,11.446368243243244,14211
4737,3,C(4737;1;1744;1800),17,11.446368243243244,14211
