N,K,S,diameter,averageShortestPathLength,edges
4149,3,C(4149;1;57;1295),16,10.941658630665382,12447
4149,3,C(4149;1;1493;2028),16,10.941658630665382,12447
