N,K,S,diameter,averageShortestPathLength,edges
4499,3,C(4499;1;842;2030),17,11.236994219653178,13497
4499,3,C(4499;1;980;1527),17,11.236994219653178,13497
4499,3,C(4499;1;1619;2199),17,11.236994219653178,13497
