N,K,S,diameter,averageShortestPathLength,edges
4531,3,C(4531;1;337;1068),17,11.275055187637969,13593
4531,3,C(4531;1;887;1557),17,11.275055187637969,13593
4531,3,C(4531;1;1180;2205),17,11.275055187637969,13593
