N,K,S,diameter,averageShortestPathLength,edges
4123,3,C(4123;1;90;1326),17,10.92479378942261,12369
4123,3,C(4123;1;445;1155),17,10.92479378942261,12369
4123,3,C(4123;1;535;1695),17,10.92479378942261,12369
4123,3,C(4123;1;709;1962),17,10.92479378942261,12369
4123,3,C(4123;1;1223;1624),17,10.92479378942261,12369
