N,K,S,diameter,averageShortestPathLength,edges
4285,3,C(4285;1;178;227),17,11.060690943043884,12855
4285,3,C(4285;1;987;1229),17,11.060690943043884,12855
4285,3,C(4285;1;1039;1378),17,11.060690943043884,12855
