N,K,S,diameter,averageShortestPathLength,edges
4837,3,C(4837;1;54;1709),17,11.523986765922249,14511
4837,3,C(4837;1;627;2271),17,11.523986765922249,14511
4837,3,C(4837;1;1902;2185),17,11.523986765922249,14511
