N,K,S,diameter,averageShortestPathLength,edges
4969,3,C(4969;1;196;250),17,11.623590982286634,14907
4969,3,C(4969;1;675;2405),17,11.623590982286634,14907
4969,3,C(4969;1;1800;2179),17,11.623590982286634,14907
