N,K,S,diameter,averageShortestPathLength,edges
4236,3,C(4236;1;178;227),17,11.019362455726093,12708
4236,3,C(4236;1;374;1045),17,11.019362455726093,12708
