N,K,S,diameter,averageShortestPathLength,edges
4274,3,C(4274;1;1113;2080),17,11.052188158202668,12822
4274,3,C(4274;1;1538;2089),17,11.052188158202668,12822
