N,K,S,diameter,averageShortestPathLength,edges
4232,3,C(4232;1;964;1030),17,11.012999290947766,12696
4232,3,C(4232;1;986;1784),17,11.012999290947766,12696
