N,K,S,diameter,averageShortestPathLength,edges
4643,3,C(4643;1;82;1613),17,11.367514002585093,13929
4643,3,C(4643;1;869;2095),17,11.367514002585093,13929
4643,3,C(4643;1;1445;2228),17,11.367514002585093,13929
