N,K,S,diameter,averageShortestPathLength,edges
4832,3,C(4832;1;341;2142),18,11.524943075967709,14496
4832,3,C(4832;1;1850;2083),18,11.524943075967709,14496
