N,K,S,diameter,averageShortestPathLength,edges
4581,3,C(4581;1;97;1286),17,11.311353711790392,13743
4581,3,C(4581;1;773;1685),17,11.311353711790392,13743
4581,3,C(4581;1;1039;1498),17,11.311353711790392,13743
