N,K,S,diameter,averageShortestPathLength,edges
4552,3,C(4552;1;1638;2225),17,11.294001318391562,13656
4552,3,C(4552;1;1919;2110),17,11.294001318391562,13656
