N,K,S,diameter,averageShortestPathLength,edges
4912,3,C(4912;1;57;944),17,11.584198737527998,14736
4912,3,C(4912;1;1465;2224),17,11.584198737527998,14736
