N,K,S,diameter,averageShortestPathLength,edges
4976,3,C(4976;1;396;667),17,11.63537688442211,14928
4976,3,C(4976;1;1484;2253),17,11.63537688442211,14928
