N,K,S,diameter,averageShortestPathLength,edges
4337,3,C(4337;1;144;1187),17,11.105627306273062,13011
4337,3,C(4337;1;223;1414),17,11.105627306273062,13011
4337,3,C(4337;1;512;564),17,11.105627306273062,13011
