N,K,S,diameter,averageShortestPathLength,edges
4401,3,C(4401;1;126;2111),17,11.169545454545455,13203
4401,3,C(4401;1;713;1818),17,11.169545454545455,13203
