N,K,S,diameter,averageShortestPathLength,edges
4901,3,C(4901;1;54;941),17,11.57469387755102,14703
4901,3,C(4901;1;125;1849),17,11.57469387755102,14703
4901,3,C(4901;1;1707;2269),17,11.57469387755102,14703
