N,K,S,diameter,averageShortestPathLength,edges
4427,3,C(4427;1;322;696),17,11.192950745594215,13281
4427,3,C(4427;1;388;980),17,11.192950745594215,13281
4427,3,C(4427;1;1432;2186),17,11.192950745594215,13281
