N,K,S,diameter,averageShortestPathLength,edges
4847,3,C(4847;1;147;2082),17,11.535286834502683,14541
4847,3,C(4847;1;212;1220),17,11.535286834502683,14541
4847,3,C(4847;1;221;1142),17,11.535286834502683,14541
4847,3,C(4847;1;587;1294),17,11.535286834502683,14541
4847,3,C(4847;1;1469;2172),17,11.535286834502683,14541
4847,3,C(4847;1;2050;2279),17,11.535286834502683,14541
