N,K,S,diameter,averageShortestPathLength,edges
4967,3,C(4967;1;146;1547),17,11.631494160289972,14901
4967,3,C(4967;1;838;1827),17,11.631494160289972,14901
4967,3,C(4967;1;976;1667),17,11.631494160289972,14901
