N,K,S,diameter,averageShortestPathLength,edges
4742,3,C(4742;1;348;2249),18,11.45138156507066,14226
4742,3,C(4742;1;447;930),18,11.45138156507066,14226
