N,K,S,diameter,averageShortestPathLength,edges
4719,3,C(4719;1;196;250),17,11.425604069520983,14157
4719,3,C(4719;1;313;1973),17,11.425604069520983,14157
4719,3,C(4719;1;641;2284),17,11.425604069520983,14157
