N,K,S,diameter,averageShortestPathLength,edges
4071,3,C(4071;1;146;554),16,10.873218673218673,12213
4071,3,C(4071;1;617;1139),16,10.873218673218673,12213
4071,3,C(4071;1;673;1199),16,10.873218673218673,12213
