N,K,S,diameter,averageShortestPathLength,edges
4489,3,C(4489;1;248;803),17,11.245543672014261,13467
4489,3,C(4489;1;805;2124),17,11.245543672014261,13467
4489,3,C(4489;1;1397;2154),17,11.245543672014261,13467
