N,K,S,diameter,averageShortestPathLength,edges
4377,3,C(4377;1;105;1839),17,11.143967093235831,13131
4377,3,C(4377;1;225;1427),17,11.143967093235831,13131
4377,3,C(4377;1;1224;1687),17,11.143967093235831,13131
