N,K,S,diameter,averageShortestPathLength,edges
4318,3,C(4318;1;399;494),17,11.096363215195737,12954
4318,3,C(4318;1;410;1277),17,11.096363215195737,12954
