N,K,S,diameter,averageShortestPathLength,edges
4672,3,C(4672;1;560;617),17,11.392635409976451,14016
4672,3,C(4672;1;1008;1575),17,11.392635409976451,14016
