N,K,S,diameter,averageShortestPathLength,edges
4572,3,C(4572;1;34;863),17,11.315904616057756,13716
4572,3,C(4572;1;1298;1441),17,11.315904616057756,13716
