N,K,S,diameter,averageShortestPathLength,edges
4838,3,C(4838;1;164;721),17,11.519743642753774,14514
4838,3,C(4838;1;463;1476),17,11.519743642753774,14514
