N,K,S,diameter,averageShortestPathLength,edges
4857,3,C(4857;1;81;1327),18,11.546128500823723,14571
4857,3,C(4857;1;560;1647),18,11.546128500823723,14571
