N,K,S,diameter,averageShortestPathLength,edges
4779,3,C(4779;1;769;2343),17,11.472582670573461,14337
4779,3,C(4779;1;1041;1622),17,11.472582670573461,14337
