N,K,S,diameter,averageShortestPathLength,edges
4455,3,C(4455;1;185;236),17,11.211495285136955,13365
4455,3,C(4455;1;280;1175),17,11.211495285136955,13365
4455,3,C(4455;1;1076;1415),17,11.211495285136955,13365
