N,K,S,diameter,averageShortestPathLength,edges
4711,3,C(4711;1;1317;2202),17,11.423779193205945,14133
4711,3,C(4711;1;1405;2133),17,11.423779193205945,14133
4711,3,C(4711;1;1903;2327),17,11.423779193205945,14133
