N,K,S,diameter,averageShortestPathLength,edges
4144,3,C(4144;1;264;1089),16,10.937967656287714,12432
4144,3,C(4144;1;1256;1857),16,10.937967656287714,12432
