N,K,S,diameter,averageShortestPathLength,edges
4590,3,C(4590;1;126;663),17,11.320331226846807,13770
4590,3,C(4590;1;1576;1750),17,11.320331226846807,13770
