N,K,S,diameter,averageShortestPathLength,edges
4824,3,C(4824;1;232;1193),17,11.503006427534729,14472
4824,3,C(4824;1;760;1577),17,11.503006427534729,14472
