N,K,S,diameter,averageShortestPathLength,edges
4888,3,C(4888;1;750;1059),18,11.563126662574176,14664
4888,3,C(4888;1;970;1237),18,11.563126662574176,14664
