N,K,S,diameter,averageShortestPathLength,edges
4569,3,C(4569;1;1167;1963),17,11.299036777583188,13707
4569,3,C(4569;1;1478;2256),17,11.299036777583188,13707
