N,K,S,diameter,averageShortestPathLength,edges
4107,3,C(4107;1;178;227),16,10.912323429128104,12321
4107,3,C(4107;1;946;1178),16,10.912323429128104,12321
4107,3,C(4107;1;977;1412),16,10.912323429128104,12321
