N,K,S,diameter,averageShortestPathLength,edges
4740,3,C(4740;1;170;645),17,11.441021312513188,14220
4740,3,C(4740;1;265;740),17,11.441021312513188,14220
