N,K,S,diameter,averageShortestPathLength,edges
4622,3,C(4622;1;62;957),17,11.353386712832719,13866
4622,3,C(4622;1;879;966),17,11.353386712832719,13866
