N,K,S,diameter,averageShortestPathLength,edges
4931,3,C(4931;1;354;2401),18,11.601217038539554,14793
4931,3,C(4931;1;1184;2403),18,11.601217038539554,14793
4931,3,C(4931;1;1873;2288),18,11.601217038539554,14793
