N,K,S,diameter,averageShortestPathLength,edges
4542,3,C(4542;1;593;2136),17,11.280114512221978,13626
4542,3,C(4542;1;697;984),17,11.280114512221978,13626
