N,K,S,diameter,averageShortestPathLength,edges
4521,3,C(4521;1;272;1953),17,11.26504424778761,13563
4521,3,C(4521;1;1712;2004),17,11.26504424778761,13563
