N,K,S,diameter,averageShortestPathLength,edges
4943,3,C(4943;1;454;613),18,11.607446377984621,14829
4943,3,C(4943;1;837;969),18,11.607446377984621,14829
4943,3,C(4943;1;887;2315),18,11.607446377984621,14829
