N,K,S,diameter,averageShortestPathLength,edges
4064,3,C(4064;1;899;1460),16,10.870292887029288,12192
4064,3,C(4064;1;1124;1867),16,10.870292887029288,12192
