N,K,S,diameter,averageShortestPathLength,edges
4609,3,C(4609;1;185;1332),17,11.338975694444445,13827
4609,3,C(4609;1;640;1000),17,11.338975694444445,13827
4609,3,C(4609;1;929;2018),17,11.338975694444445,13827
