N,K,S,diameter,averageShortestPathLength,edges
4743,3,C(4743;1;59;1672),17,11.447490510333193,14229
4743,3,C(4743;1;139;1285),17,11.447490510333193,14229
4743,3,C(4743;1;454;1447),17,11.447490510333193,14229
