N,K,S,diameter,averageShortestPathLength,edges
4846,3,C(4846;1;841;2378),18,11.527554179566563,14538
4846,3,C(4846;1;945;1334),18,11.527554179566563,14538
