N,K,S,diameter,averageShortestPathLength,edges
4191,3,C(4191;1;204;1358),17,10.98854415274463,12573
4191,3,C(4191;1;218;804),17,10.98854415274463,12573
4191,3,C(4191;1;747;1003),17,10.98854415274463,12573
4191,3,C(4191;1;996;1711),17,10.98854415274463,12573
