N,K,S,diameter,averageShortestPathLength,edges
4418,3,C(4418;1;114;2111),17,11.177043242019471,13254
4418,3,C(4418;1;1375;2120),17,11.177043242019471,13254
