N,K,S,diameter,averageShortestPathLength,edges
4839,3,C(4839;1;1236;2079),17,11.520463001240183,14517
4839,3,C(4839;1;1506;2322),17,11.520463001240183,14517
