N,K,S,diameter,averageShortestPathLength,edges
4217,3,C(4217;1;570;708),17,11.005218216318786,12651
4217,3,C(4217;1;816;1250),17,11.005218216318786,12651
4217,3,C(4217;1;836;1508),17,11.005218216318786,12651
