N,K,S,diameter,averageShortestPathLength,edges
4061,3,C(4061;1;86;1140),16,10.868472906403941,12183
4061,3,C(4061;1;425;1241),16,10.868472906403941,12183
4061,3,C(4061;1;805;1001),16,10.868472906403941,12183
