N,K,S,diameter,averageShortestPathLength,edges
4167,3,C(4167;1;1233;1598),17,10.969275084013443,12501
4167,3,C(4167;1;1629;1708),17,10.969275084013443,12501
