N,K,S,diameter,averageShortestPathLength,edges
4614,3,C(4614;1;1005;1566),17,11.33947539562107,13842
4614,3,C(4614;1;1526;1864),17,11.33947539562107,13842
