N,K,S,diameter,averageShortestPathLength,edges
4909,3,C(4909;1;104;1378),17,11.574164629176854,14727
4909,3,C(4909;1;236;1214),17,11.574164629176854,14727
4909,3,C(4909;1;1945;2426),17,11.574164629176854,14727
