N,K,S,diameter,averageShortestPathLength,edges
4407,3,C(4407;1;182;236),17,11.172492056286881,13221
4407,3,C(4407;1;1157;1774),17,11.172492056286881,13221
