N,K,S,diameter,averageShortestPathLength,edges
4611,3,C(4611;1;583;1618),17,11.3353579175705,13833
4611,3,C(4611;1;778;1696),17,11.3353579175705,13833
