N,K,S,diameter,averageShortestPathLength,edges
4255,3,C(4255;1;57;881),17,11.044193700047014,12765
4255,3,C(4255;1;87;2014),17,11.044193700047014,12765
4255,3,C(4255;1;538;1493),17,11.044193700047014,12765
