N,K,S,diameter,averageShortestPathLength,edges
4607,3,C(4607;1;101;1590),17,11.345201910551454,13821
4607,3,C(4607;1;733;1498),17,11.345201910551454,13821
4607,3,C(4607;1;1521;2007),17,11.345201910551454,13821
