N,K,S,diameter,averageShortestPathLength,edges
4296,3,C(4296;1;760;1463),17,11.072642607683353,12888
4296,3,C(4296;1;1201;2008),17,11.072642607683353,12888
