N,K,S,diameter,averageShortestPathLength,edges
4087,3,C(4087;1;187;1414),16,10.893294175232501,12261
4087,3,C(4087;1;471;1292),16,10.893294175232501,12261
4087,3,C(4087;1;1909;1967),16,10.893294175232501,12261
