N,K,S,diameter,averageShortestPathLength,edges
4735,3,C(4735;1;640;795),17,11.437262357414449,14205
4735,3,C(4735;1;1175;1435),17,11.437262357414449,14205
