N,K,S,diameter,averageShortestPathLength,edges
4579,3,C(4579;1;798;1564),17,11.323722149410223,13737
4579,3,C(4579;1;1235;1783),17,11.323722149410223,13737
