N,K,S,diameter,averageShortestPathLength,edges
4102,3,C(4102;1;51;1446),16,10.905388929529384,12306
4102,3,C(4102;1;563;1902),16,10.905388929529384,12306
