N,K,S,diameter,averageShortestPathLength,edges
4253,3,C(4253;1;796;1919),17,11.030573847601129,12759
4253,3,C(4253;1;884;1480),17,11.030573847601129,12759
4253,3,C(4253;1;1445;1910),17,11.030573847601129,12759
