N,K,S,diameter,averageShortestPathLength,edges
4783,3,C(4783;1;454;1455),17,11.488916771225428,14349
4783,3,C(4783;1;748;2184),17,11.488916771225428,14349
4783,3,C(4783;1;1141;2094),17,11.488916771225428,14349
