N,K,S,diameter,averageShortestPathLength,edges
4174,3,C(4174;1;344;1843),17,10.972202252576084,12522
4174,3,C(4174;1;546;1685),17,10.972202252576084,12522
4174,3,C(4174;1;744;999),17,10.972202252576084,12522
4174,3,C(4174;1;814;1149),17,10.972202252576084,12522
