N,K,S,diameter,averageShortestPathLength,edges
4495,3,C(4495;1;58;1588),17,11.246995994659546,13485
4495,3,C(4495;1;518;1421),17,11.246995994659546,13485
