N,K,S,diameter,averageShortestPathLength,edges
4308,3,C(4308;1;90;661),17,11.081495240306477,12924
4308,3,C(4308;1;1362;1499),17,11.081495240306477,12924
