N,K,S,diameter,averageShortestPathLength,edges
4775,3,C(4775;1;426;2255),17,11.469627147046502,14325
4775,3,C(4775;1;751;1620),17,11.469627147046502,14325
