N,K,S,diameter,averageShortestPathLength,edges
4173,3,C(4173;1;55;1306),17,10.963566634707574,12519
4173,3,C(4173;1;128;607),17,10.963566634707574,12519
4173,3,C(4173;1;163;1211),17,10.963566634707574,12519
