N,K,S,diameter,averageShortestPathLength,edges
4543,3,C(4543;1;154;677),17,11.287978863936592,13629
4543,3,C(4543;1;255;1617),17,11.287978863936592,13629
