N,K,S,diameter,averageShortestPathLength,edges
4439,3,C(4439;1;94;1246),17,11.201442091031996,13317
4439,3,C(4439;1;425;1309),17,11.201442091031996,13317
4439,3,C(4439;1;1760;2191),17,11.201442091031996,13317
