N,K,S,diameter,averageShortestPathLength,edges
4077,3,C(4077;1;54;841),17,10.887144259077527,12231
4077,3,C(4077;1;189;223),17,10.887144259077527,12231
