N,K,S,diameter,averageShortestPathLength,edges
4143,3,C(4143;1;269;1310),17,10.939159826170933,12429
4143,3,C(4143;1;389;1066),17,10.939159826170933,12429
4143,3,C(4143;1;719;2033),17,10.939159826170933,12429
