N,K,S,diameter,averageShortestPathLength,edges
4769,3,C(4769;1;558;1457),17,11.466442953020135,14307
4769,3,C(4769;1;1218;2049),17,11.466442953020135,14307
4769,3,C(4769;1;1376;1852),17,11.466442953020135,14307
