N,K,S,diameter,averageShortestPathLength,edges
4341,3,C(4341;1;735;851),17,11.111981566820276,13023
4341,3,C(4341;1;959;1623),17,11.111981566820276,13023
