N,K,S,diameter,averageShortestPathLength,edges
4448,3,C(4448;1;56;919),17,11.206881043400045,13344
4448,3,C(4448;1;121;2120),17,11.206881043400045,13344
