N,K,S,diameter,averageShortestPathLength,edges
4765,3,C(4765;1;644;800),17,11.466414777497901,14295
4765,3,C(4765;1;1576;1925),17,11.466414777497901,14295
