N,K,S,diameter,averageShortestPathLength,edges
4163,3,C(4163;1;649;1327),17,10.965881787602115,12489
4163,3,C(4163;1;868;975),17,10.965881787602115,12489
4163,3,C(4163;1;1223;1807),17,10.965881787602115,12489
