N,K,S,diameter,averageShortestPathLength,edges
4214,3,C(4214;1;243;1604),17,10.997863755043912,12642
4214,3,C(4214;1;711;1550),17,10.997863755043912,12642
