N,K,S,diameter,averageShortestPathLength,edges
4137,3,C(4137;1;57;1462),16,10.932785299806577,12411
4137,3,C(4137;1;99;1163),16,10.932785299806577,12411
