N,K,S,diameter,averageShortestPathLength,edges
4617,3,C(4617;1;878;965),17,11.351819757365684,13851
4617,3,C(4617;1;1078;1445),17,11.351819757365684,13851
4617,3,C(4617;1;1354;2243),17,11.351819757365684,13851
