N,K,S,diameter,averageShortestPathLength,edges
4501,3,C(4501;1;213;1117),17,11.250222222222222,13503
4501,3,C(4501;1;435;1773),17,11.250222222222222,13503
4501,3,C(4501;1;803;1252),17,11.250222222222222,13503
