N,K,S,diameter,averageShortestPathLength,edges
4965,3,C(4965;1;198;2058),18,11.625705076551169,14895
4965,3,C(4965;1;384;2430),18,11.625705076551169,14895
