N,K,S,diameter,averageShortestPathLength,edges
4781,3,C(4781;1;675;814),18,11.482008368200837,14343
4781,3,C(4781;1;752;1622),18,11.482008368200837,14343
4781,3,C(4781;1;782;1439),18,11.482008368200837,14343
