N,K,S,diameter,averageShortestPathLength,edges
4951,3,C(4951;1;180;1202),18,11.613333333333333,14853
4951,3,C(4951;1;1281;2117),18,11.613333333333333,14853
4951,3,C(4951;1;1602;2448),18,11.613333333333333,14853
