N,K,S,diameter,averageShortestPathLength,edges
4649,3,C(4649;1;192;249),17,11.371772805507746,13947
4649,3,C(4649;1;1065;1531),17,11.371772805507746,13947
4649,3,C(4649;1;1960;2155),17,11.371772805507746,13947
