N,K,S,diameter,averageShortestPathLength,edges
4768,3,C(4768;1;232;1545),17,11.467799454583595,14304
4768,3,C(4768;1;1608;2151),17,11.467799454583595,14304
