N,K,S,diameter,averageShortestPathLength,edges
4150,3,C(4150;1;430;803),16,10.941431670281995,12450
4150,3,C(4150;1;1060;1783),16,10.941431670281995,12450
