N,K,S,diameter,averageShortestPathLength,edges
4211,3,C(4211;1;181;1156),16,11.000475059382422,12633
4211,3,C(4211;1;203;1140),16,11.000475059382422,12633
4211,3,C(4211;1;1701;2080),16,11.000475059382422,12633
