N,K,S,diameter,averageShortestPathLength,edges
4229,3,C(4229;1;193;1580),17,11.01371807000946,12687
4229,3,C(4229;1;597;720),17,11.01371807000946,12687
4229,3,C(4229;1;745;1438),17,11.01371807000946,12687
