N,K,S,diameter,averageShortestPathLength,edges
4237,3,C(4237;1;56;1494),16,11.019357884796978,12711
4237,3,C(4237;1;178;227),16,11.019357884796978,12711
4237,3,C(4237;1;882;1452),16,11.019357884796978,12711
