N,K,S,diameter,averageShortestPathLength,edges
4003,3,C(4003;1;255;1052),16,10.810094952523738,12009
4003,3,C(4003;1;742;1069),16,10.810094952523738,12009
4003,3,C(4003;1;832;1393),16,10.810094952523738,12009
