N,K,S,diameter,averageShortestPathLength,edges
4252,3,C(4252;1;502;553),17,11.033403904963539,12756
4252,3,C(4252;1;1806;1953),17,11.033403904963539,12756
