N,K,S,diameter,averageShortestPathLength,edges
4145,3,C(4145;1;653;1355),16,10.937741312741313,12435
4145,3,C(4145;1;1005;1333),16,10.937741312741313,12435
