N,K,S,diameter,averageShortestPathLength,edges
4954,3,C(4954;1;213;1360),17,11.621239652735715,14862
4954,3,C(4954;1;332;721),17,11.621239652735715,14862
