N,K,S,diameter,averageShortestPathLength,edges
4473,3,C(4473;1;79;1554),17,11.228980322003578,13419
4473,3,C(4473;1;1642;2058),17,11.228980322003578,13419
