N,K,S,diameter,averageShortestPathLength,edges
4358,3,C(4358;1;77;1514),17,11.125774615561166,13074
4358,3,C(4358;1;283;1378),17,11.125774615561166,13074
