N,K,S,diameter,averageShortestPathLength,edges
4264,3,C(4264;1;602;726),17,11.042458362655408,12792
4264,3,C(4264;1;798;1924),17,11.042458362655408,12792
