N,K,S,diameter,averageShortestPathLength,edges
4471,3,C(4471;1;1014;1462),17,11.218344519015661,13413
4471,3,C(4471;1;1142;1921),17,11.218344519015661,13413
