N,K,S,diameter,averageShortestPathLength,edges
4053,3,C(4053;1;1129;1764),17,10.863770977295163,12159
4053,3,C(4053;1;1138;1197),17,10.863770977295163,12159
