N,K,S,diameter,averageShortestPathLength,edges
4591,3,C(4591;1;624;2127),17,11.325925925925926,13773
4591,3,C(4591;1;1652;2244),17,11.325925925925926,13773
4591,3,C(4591;1;1880;2176),17,11.325925925925926,13773
