N,K,S,diameter,averageShortestPathLength,edges
4205,3,C(4205;1;135;710),16,10.996194100856327,12615
4205,3,C(4205;1;440;1285),16,10.996194100856327,12615
