N,K,S,diameter,averageShortestPathLength,edges
4349,3,C(4349;1;115;1635),17,11.116375344986201,13047
4349,3,C(4349;1;416;1716),17,11.116375344986201,13047
4349,3,C(4349;1;1290;1713),17,11.116375344986201,13047
