N,K,S,diameter,averageShortestPathLength,edges
4443,3,C(4443;1;576;2086),17,11.193156235929761,13329
4443,3,C(4443;1;1246;2070),17,11.193156235929761,13329
