N,K,S,diameter,averageShortestPathLength,edges
4623,3,C(4623;1;225;1498),17,11.349199480744266,13869
4623,3,C(4623;1;1756;2145),17,11.349199480744266,13869
