N,K,S,diameter,averageShortestPathLength,edges
4477,3,C(4477;1;422;878),17,11.23100983020554,13431
4477,3,C(4477;1;566;1571),17,11.23100983020554,13431
4477,3,C(4477;1;1271;1411),17,11.23100983020554,13431
