N,K,S,diameter,averageShortestPathLength,edges
4315,3,C(4315;1;640;1149),17,11.093648585999073,12945
4315,3,C(4315;1;691;2110),17,11.093648585999073,12945
