N,K,S,diameter,averageShortestPathLength,edges
4685,3,C(4685;1;228;1518),17,11.397523484201537,14055
4685,3,C(4685;1;608;1926),17,11.397523484201537,14055
4685,3,C(4685;1;637;1856),17,11.397523484201537,14055
