N,K,S,diameter,averageShortestPathLength,edges
4453,3,C(4453;1;56;920),17,11.205300988319856,13359
4453,3,C(4453;1;426;1757),17,11.205300988319856,13359
4453,3,C(4453;1;1892;2147),17,11.205300988319856,13359
