N,K,S,diameter,averageShortestPathLength,edges
4706,3,C(4706;1;794;1731),17,11.415302869287991,14118
4706,3,C(4706;1;1580;1865),17,11.415302869287991,14118
