N,K,S,diameter,averageShortestPathLength,edges
4024,3,C(4024;1;77;1886),16,10.835943325876212,12072
4024,3,C(4024;1;1282;1411),16,10.835943325876212,12072
