N,K,S,diameter,averageShortestPathLength,edges
4010,3,C(4010;1;1443;1960),16,10.815664754302819,12030
4010,3,C(4010;1;1873;1930),16,10.815664754302819,12030
