N,K,S,diameter,averageShortestPathLength,edges
4842,3,C(4842;1;508;697),18,11.532534600289196,14526
4842,3,C(4842;1;785;1736),18,11.532534600289196,14526
