N,K,S,diameter,averageShortestPathLength,edges
4342,3,C(4342;1;198;1023),16,11.107809260539046,13026
4342,3,C(4342;1;420;1511),16,11.107809260539046,13026
