N,K,S,diameter,averageShortestPathLength,edges
4106,3,C(4106;1;122;1975),16,10.906455542021925,12318
4106,3,C(4106;1;1395;1844),16,10.906455542021925,12318
