N,K,S,diameter,averageShortestPathLength,edges
4399,3,C(4399;1;146;1204),17,11.15825375170532,13197
4399,3,C(4399;1;621;749),17,11.15825375170532,13197
4399,3,C(4399;1;693;1438),17,11.15825375170532,13197
