N,K,S,diameter,averageShortestPathLength,edges
4129,3,C(4129;1;472;1447),17,10.931686046511627,12387
4129,3,C(4129;1;758;1041),17,10.931686046511627,12387
4129,3,C(4129;1;1084;1227),17,10.931686046511627,12387
