N,K,S,diameter,averageShortestPathLength,edges
4498,3,C(4498;1;859;944),17,11.248387814098288,13494
4498,3,C(4498;1;996;2105),17,11.248387814098288,13494
