N,K,S,diameter,averageShortestPathLength,edges
4714,3,C(4714;1;439;1018),18,11.427753023551878,14142
4714,3,C(4714;1;451;1860),18,11.427753023551878,14142
