N,K,S,diameter,averageShortestPathLength,edges
4263,3,C(4263;1;110;2037),17,11.039418113561709,12789
4263,3,C(4263;1;831;1211),17,11.039418113561709,12789
4263,3,C(4263;1;1995;2054),17,11.039418113561709,12789
