N,K,S,diameter,averageShortestPathLength,edges
4641,3,C(4641;1;828;1291),17,11.362931034482759,13923
4641,3,C(4641;1;985;1236),17,11.362931034482759,13923
