N,K,S,diameter,averageShortestPathLength,edges
4166,3,C(4166;1;703;1634),17,10.960864345738296,12498
4166,3,C(4166;1;1574;2003),17,10.960864345738296,12498
