N,K,S,diameter,averageShortestPathLength,edges
4993,3,C(4993;1;195;1449),18,11.651442307692308,14979
4993,3,C(4993;1;973;1851),18,11.651442307692308,14979
4993,3,C(4993;1;1168;1940),18,11.651442307692308,14979
