N,K,S,diameter,averageShortestPathLength,edges
4093,3,C(4093;1;54;1281),16,10.885141739980449,12279
4093,3,C(4093;1;379;1568),16,10.885141739980449,12279
4093,3,C(4093;1;556;1981),16,10.885141739980449,12279
4093,3,C(4093;1;642;1336),16,10.885141739980449,12279
4093,3,C(4093;1;1324;2021),16,10.885141739980449,12279
4093,3,C(4093;1;1759;1878),16,10.885141739980449,12279
