N,K,S,diameter,averageShortestPathLength,edges
4716,3,C(4716;1;326;1592),17,11.425450689289502,14148
4716,3,C(4716;1;975;1758),17,11.425450689289502,14148
