N,K,S,diameter,averageShortestPathLength,edges
4303,3,C(4303;1;256;1935),17,11.086006508600651,12909
4303,3,C(4303;1;318;349),17,11.086006508600651,12909
4303,3,C(4303;1;594;1527),17,11.086006508600651,12909
4303,3,C(4303;1;790;1085),17,11.086006508600651,12909
4303,3,C(4303;1;867;1470),17,11.086006508600651,12909
4303,3,C(4303;1;920;2062),17,11.086006508600651,12909
4303,3,C(4303;1;1068;1851),17,11.086006508600651,12909
4303,3,C(4303;1;1115;1479),17,11.086006508600651,12909
4303,3,C(4303;1;1343;1689),17,11.086006508600651,12909
