N,K,S,diameter,averageShortestPathLength,edges
4645,3,C(4645;1;60;1641),17,11.367355727820843,13935
4645,3,C(4645;1;1070;1721),17,11.367355727820843,13935
