N,K,S,diameter,averageShortestPathLength,edges
4368,3,C(4368;1;120;631),17,11.138081062514312,13104
4368,3,C(4368;1;713;1800),17,11.138081062514312,13104
