N,K,S,diameter,averageShortestPathLength,edges
4027,3,C(4027;1;207;1313),17,10.838549428713364,12081
4027,3,C(4027;1;214;908),17,10.838549428713364,12081
4027,3,C(4027;1;785;1144),17,10.838549428713364,12081
