N,K,S,diameter,averageShortestPathLength,edges
4323,3,C(4323;1;643;1674),17,11.094863489125405,12969
4323,3,C(4323;1;843;1190),17,11.094863489125405,12969
