N,K,S,diameter,averageShortestPathLength,edges
4676,3,C(4676;1;403;1112),17,11.392299465240642,14028
4676,3,C(4676;1;789;1720),17,11.392299465240642,14028
