N,K,S,diameter,averageShortestPathLength,edges
4773,3,C(4773;1;196;250),17,11.47569153394803,14319
4773,3,C(4773;1;992;1661),17,11.47569153394803,14319
4773,3,C(4773;1;1729;2093),17,11.47569153394803,14319
