N,K,S,diameter,averageShortestPathLength,edges
4557,3,C(4557;1;143;1889),18,11.300263388937665,13671
4557,3,C(4557;1;478;656),18,11.300263388937665,13671
4557,3,C(4557;1;521;1597),18,11.300263388937665,13671
