N,K,S,diameter,averageShortestPathLength,edges
4307,3,C(4307;1;32;813),17,11.097073850441245,12921
4307,3,C(4307;1;160;673),17,11.097073850441245,12921
4307,3,C(4307;1;440;2049),17,11.097073850441245,12921
4307,3,C(4307;1;915;1204),17,11.097073850441245,12921
4307,3,C(4307;1;996;1584),17,11.097073850441245,12921
4307,3,C(4307;1;1051;1591),17,11.097073850441245,12921
