N,K,S,diameter,averageShortestPathLength,edges
4025,3,C(4025;1;52;959),16,10.840954274353876,12075
4025,3,C(4025;1;387;833),16,10.840954274353876,12075
