N,K,S,diameter,averageShortestPathLength,edges
4048,3,C(4048;1;127;1678),17,10.862367185569557,12144
4048,3,C(4048;1;255;1198),17,10.862367185569557,12144
