N,K,S,diameter,averageShortestPathLength,edges
4822,3,C(4822;1;373;2360),18,11.517320058079237,14466
4822,3,C(4822;1;1364;1965),18,11.517320058079237,14466
