N,K,S,diameter,averageShortestPathLength,edges
4932,3,C(4932;1;62;1019),18,11.59622794564997,14796
4932,3,C(4932;1;121;2362),18,11.59622794564997,14796
