N,K,S,diameter,averageShortestPathLength,edges
4304,3,C(4304;1;678;1407),17,11.087845689054149,12912
4304,3,C(4304;1;1089;1946),17,11.087845689054149,12912
