N,K,S,diameter,averageShortestPathLength,edges
4189,3,C(4189;1;191;987),16,10.983763132760268,12567
4189,3,C(4189;1;365;1498),16,10.983763132760268,12567
4189,3,C(4189;1;965;1552),16,10.983763132760268,12567
