N,K,S,diameter,averageShortestPathLength,edges
4921,3,C(4921;1;1672;2210),18,11.592682926829267,14763
4921,3,C(4921;1;1935;2223),18,11.592682926829267,14763
