N,K,S,diameter,averageShortestPathLength,edges
4595,3,C(4595;1;601;1855),17,11.324336090552896,13785
4595,3,C(4595;1;604;760),17,11.324336090552896,13785
