N,K,S,diameter,averageShortestPathLength,edges
4306,3,C(4306;1;136;2066),17,11.083391405342624,12918
4306,3,C(4306;1;804;1250),17,11.083391405342624,12918
