N,K,S,diameter,averageShortestPathLength,edges
4054,3,C(4054;1;128;1945),17,10.868245743893413,12162
4054,3,C(4054;1;228;831),17,10.868245743893413,12162
4054,3,C(4054;1;883;1376),17,10.868245743893413,12162
4054,3,C(4054;1;1409;1976),17,10.868245743893413,12162
