N,K,S,diameter,averageShortestPathLength,edges
4987,3,C(4987;1;678;1679),17,11.637384677095868,14961
4987,3,C(4987;1;1552;2393),17,11.637384677095868,14961
4987,3,C(4987;1;1836;1895),17,11.637384677095868,14961
