N,K,S,diameter,averageShortestPathLength,edges
4597,3,C(4597;1;825;2153),17,11.338120104438643,13791
4597,3,C(4597;1;844;1159),17,11.338120104438643,13791
4597,3,C(4597;1;1890;2259),17,11.338120104438643,13791
