N,K,S,diameter,averageShortestPathLength,edges
4388,3,C(4388;1;773;1492),17,11.145429678595852,13164
4388,3,C(4388;1;912;1527),17,11.145429678595852,13164
