N,K,S,diameter,averageShortestPathLength,edges
4936,3,C(4936;1;594;1269),17,11.602836879432624,14808
4936,3,C(4936;1;1093;2310),17,11.602836879432624,14808
