N,K,S,diameter,averageShortestPathLength,edges
4661,3,C(4661;1;143;678),17,11.385407725321889,13983
4661,3,C(4661;1;1206;1993),17,11.385407725321889,13983
4661,3,C(4661;1;1602;2303),17,11.385407725321889,13983
