N,K,S,diameter,averageShortestPathLength,edges
4997,3,C(4997;1;1057;1224),18,11.652922337870296,14991
4997,3,C(4997;1;1228;1683),18,11.652922337870296,14991
4997,3,C(4997;1;2078;2234),18,11.652922337870296,14991
