N,K,S,diameter,averageShortestPathLength,edges
4667,3,C(4667;1;253;1838),17,11.389627089584227,14001
4667,3,C(4667;1;551;607),17,11.389627089584227,14001
4667,3,C(4667;1;1284;1900),17,11.389627089584227,14001
