N,K,S,diameter,averageShortestPathLength,edges
4124,3,C(4124;1;594;1630),16,10.920688818821247,12372
4124,3,C(4124;1;702;1738),16,10.920688818821247,12372
