N,K,S,diameter,averageShortestPathLength,edges
4408,3,C(4408;1;547;1206),17,11.177444973905152,13224
4408,3,C(4408;1;1515;2178),17,11.177444973905152,13224
