N,K,S,diameter,averageShortestPathLength,edges
4977,3,C(4977;1;214;2044),18,11.634646302250804,14931
4977,3,C(4977;1;814;1498),18,11.634646302250804,14931
