N,K,S,diameter,averageShortestPathLength,edges
4012,3,C(4012;1;82;1899),16,10.829219645973573,12036
4012,3,C(4012;1;1874;1931),16,10.829219645973573,12036
