N,K,S,diameter,averageShortestPathLength,edges
4371,3,C(4371;1;304;1182),17,11.145080091533181,13113
4371,3,C(4371;1;532;600),17,11.145080091533181,13113
