N,K,S,diameter,averageShortestPathLength,edges
4789,3,C(4789;1;82;1531),17,11.486215538847118,14367
4789,3,C(4789;1;292;1675),17,11.486215538847118,14367
4789,3,C(4789;1;832;1295),17,11.486215538847118,14367
