N,K,S,diameter,averageShortestPathLength,edges
4816,3,C(4816;1;1733;2354),17,11.507165109034268,14448
4816,3,C(4816;1;1773;1830),17,11.507165109034268,14448
