N,K,S,diameter,averageShortestPathLength,edges
4216,3,C(4216;1;774;1063),17,11.004507710557533,12648
4216,3,C(4216;1;1991;2022),17,11.004507710557533,12648
