N,K,S,diameter,averageShortestPathLength,edges
4243,3,C(4243;1;56;1328),17,11.035360678925036,12729
4243,3,C(4243;1;230;1671),17,11.035360678925036,12729
4243,3,C(4243;1;985;1236),17,11.035360678925036,12729
