N,K,S,diameter,averageShortestPathLength,edges
4723,3,C(4723;1;424;1044),17,11.430749682337993,14169
4723,3,C(4723;1;755;1281),17,11.430749682337993,14169
4723,3,C(4723;1;832;1606),17,11.430749682337993,14169
