N,K,S,diameter,averageShortestPathLength,edges
4277,3,C(4277;1;581;2070),17,11.056127221702527,12831
4277,3,C(4277;1;1771;1998),17,11.056127221702527,12831
