N,K,S,diameter,averageShortestPathLength,edges
4753,3,C(4753;1;236;2076),18,11.45959595959596,14259
4753,3,C(4753;1;394;1873),18,11.45959595959596,14259
4753,3,C(4753;1;760;2333),18,11.45959595959596,14259
