N,K,S,diameter,averageShortestPathLength,edges
4116,3,C(4116;1;171;218),16,10.913973268529769,12348
4116,3,C(4116;1;1309;1446),16,10.913973268529769,12348
