N,K,S,diameter,averageShortestPathLength,edges
4409,3,C(4409;1;261;446),17,11.17377495462795,13227
4409,3,C(4409;1;346;2126),17,11.17377495462795,13227
4409,3,C(4409;1;473;674),17,11.17377495462795,13227
4409,3,C(4409;1;702;1644),17,11.17377495462795,13227
4409,3,C(4409;1;1336;2175),17,11.17377495462795,13227
4409,3,C(4409;1;1589;2188),17,11.17377495462795,13227
