N,K,S,diameter,averageShortestPathLength,edges
4384,3,C(4384;1;176;1267),17,11.153091489847137,13152
4384,3,C(4384;1;955;1488),17,11.153091489847137,13152
