N,K,S,diameter,averageShortestPathLength,edges
4235,3,C(4235;1;369;1985),16,11.006613131790269,12705
4235,3,C(4235;1;746;1440),16,11.006613131790269,12705
4235,3,C(4235;1;785;1131),16,11.006613131790269,12705
4235,3,C(4235;1;1524;2070),16,11.006613131790269,12705
