N,K,S,diameter,averageShortestPathLength,edges
4637,3,C(4637;1;978;2261),17,11.366695427092321,13911
4637,3,C(4637;1;1055;1228),17,11.366695427092321,13911
4637,3,C(4637;1;1112;2258),17,11.366695427092321,13911
