N,K,S,diameter,averageShortestPathLength,edges
4834,3,C(4834;1;116;2031),17,11.525967308090213,14502
4834,3,C(4834;1;376;1747),17,11.525967308090213,14502
