N,K,S,diameter,averageShortestPathLength,edges
4165,3,C(4165;1;440;1230),16,10.956292026897215,12495
4165,3,C(4165;1;1050;1445),16,10.956292026897215,12495
