N,K,S,diameter,averageShortestPathLength,edges
4442,3,C(4442;1;387;2082),17,11.195001125872551,13326
4442,3,C(4442;1;580;2089),17,11.195001125872551,13326
