N,K,S,diameter,averageShortestPathLength,edges
4911,3,C(4911;1;133;2361),17,11.584521384928717,14733
4911,3,C(4911;1;387;1477),17,11.584521384928717,14733
