N,K,S,diameter,averageShortestPathLength,edges
4287,3,C(4287;1;171;1777),17,11.07326178254783,12861
4287,3,C(4287;1;193;1293),17,11.07326178254783,12861
