N,K,S,diameter,averageShortestPathLength,edges
4419,3,C(4419;1;404;1498),17,11.185151652331372,13257
4419,3,C(4419;1;1061;1462),17,11.185151652331372,13257
4419,3,C(4419;1;1339;2180),17,11.185151652331372,13257
