N,K,S,diameter,averageShortestPathLength,edges
4199,3,C(4199;1;193;612),16,10.987613149118628,12597
4199,3,C(4199;1;1411;1697),16,10.987613149118628,12597
