N,K,S,diameter,averageShortestPathLength,edges
4587,3,C(4587;1;57;1617),17,11.3222852158744,13761
4587,3,C(4587;1;402;1644),17,11.3222852158744,13761
