N,K,S,diameter,averageShortestPathLength,edges
4509,3,C(4509;1;1192;1485),17,11.24977817213842,13527
4509,3,C(4509;1;1532;2025),17,11.24977817213842,13527
