N,K,S,diameter,averageShortestPathLength,edges
4208,3,C(4208;1;101;1768),17,10.995246018540527,12624
4208,3,C(4208;1;125;2024),17,10.995246018540527,12624
