N,K,S,diameter,averageShortestPathLength,edges
4598,3,C(4598;1;403;1648),17,11.329345225146835,13794
4598,3,C(4598;1;1449;1590),17,11.329345225146835,13794
