N,K,S,diameter,averageShortestPathLength,edges
4751,3,C(4751;1;777;1430),18,11.463157894736842,14253
4751,3,C(4751;1;974;2123),18,11.463157894736842,14253
4751,3,C(4751;1;1078;1388),18,11.463157894736842,14253
