N,K,S,diameter,averageShortestPathLength,edges
4878,3,C(4878;1;448;605),18,11.558129997949559,14634
4878,3,C(4878;1;1378;1669),18,11.558129997949559,14634
