N,K,S,diameter,averageShortestPathLength,edges
4829,3,C(4829;1;270;754),17,11.519055509527755,14487
4829,3,C(4829;1;570;628),17,11.519055509527755,14487
4829,3,C(4829;1;1091;1684),17,11.519055509527755,14487
