N,K,S,diameter,averageShortestPathLength,edges
4332,3,C(4332;1;674;1607),17,11.114984991918725,12996
4332,3,C(4332;1;766;2135),17,11.114984991918725,12996
