N,K,S,diameter,averageShortestPathLength,edges
4821,3,C(4821;1;819;1382),17,11.50954356846473,14463
4821,3,C(4821;1;1657;2382),17,11.50954356846473,14463
