N,K,S,diameter,averageShortestPathLength,edges
4184,3,C(4184;1;52;1475),16,10.972029643796319,12552
4184,3,C(4184;1;1268;1875),16,10.972029643796319,12552
