N,K,S,diameter,averageShortestPathLength,edges
4405,3,C(4405;1;694;1440),17,11.157129881925522,13215
4405,3,C(4405;1;1335;1974),17,11.157129881925522,13215
