N,K,S,diameter,averageShortestPathLength,edges
4147,3,C(4147;1;267;1366),16,10.945007235890014,12441
4147,3,C(4147;1;677;1709),16,10.945007235890014,12441
4147,3,C(4147;1;730;1900),16,10.945007235890014,12441
