N,K,S,diameter,averageShortestPathLength,edges
4082,3,C(4082;1;316;1953),16,10.886547414849302,12246
4082,3,C(4082;1;719;1388),16,10.886547414849302,12246
