N,K,S,diameter,averageShortestPathLength,edges
4891,3,C(4891;1;193;246),17,11.567689161554192,14673
4891,3,C(4891;1;338;1651),17,11.567689161554192,14673
4891,3,C(4891;1;963;2130),17,11.567689161554192,14673
