N,K,S,diameter,averageShortestPathLength,edges
4575,3,C(4575;1;121;1720),17,11.307389593353738,13725
4575,3,C(4575;1;794;2245),17,11.307389593353738,13725
