N,K,S,diameter,averageShortestPathLength,edges
4817,3,C(4817;1;333;1626),17,11.513289036544851,14451
4817,3,C(4817;1;839;1003),17,11.513289036544851,14451
4817,3,C(4817;1;1484;2290),17,11.513289036544851,14451
