N,K,S,diameter,averageShortestPathLength,edges
4294,3,C(4294;1;568;1930),17,11.072909387374796,12882
4294,3,C(4294;1;836;1270),17,11.072909387374796,12882
