N,K,S,diameter,averageShortestPathLength,edges
4265,3,C(4265;1;226;1075),17,11.046904315196999,12795
4265,3,C(4265;1;736;2090),17,11.046904315196999,12795
