N,K,S,diameter,averageShortestPathLength,edges
4955,3,C(4955;1;643;2037),18,11.612030682276949,14865
4955,3,C(4955;1;973;1309),18,11.612030682276949,14865
4955,3,C(4955;1;2116;2412),18,11.612030682276949,14865
