N,K,S,diameter,averageShortestPathLength,edges
4135,3,C(4135;1;400;1439),16,10.927431059506532,12405
4135,3,C(4135;1;675;1704),16,10.927431059506532,12405
