N,K,S,diameter,averageShortestPathLength,edges
4288,3,C(4288;1;700;1767),16,11.059482155353393,12864
4288,3,C(4288;1;745;1636),16,11.059482155353393,12864
