N,K,S,diameter,averageShortestPathLength,edges
4397,3,C(4397;1;51;845),17,11.165150136487716,13191
4397,3,C(4397;1;189;1207),17,11.165150136487716,13191
4397,3,C(4397;1;588;791),17,11.165150136487716,13191
