N,K,S,diameter,averageShortestPathLength,edges
4492,3,C(4492;1;354;1351),17,11.241816967267869,13476
4492,3,C(4492;1;1453;2218),17,11.241816967267869,13476
