N,K,S,diameter,averageShortestPathLength,edges
4466,3,C(4466;1;192;1226),17,11.218589025755879,13398
4466,3,C(4466;1;1804;2206),17,11.218589025755879,13398
