N,K,S,diameter,averageShortestPathLength,edges
4739,3,C(4739;1;189;241),17,11.440692275221613,14217
4739,3,C(4739;1;1533;2340),17,11.440692275221613,14217
