N,K,S,diameter,averageShortestPathLength,edges
4624,3,C(4624;1;600;1901),17,11.347393467445382,13872
4624,3,C(4624;1;744;2267),17,11.347393467445382,13872
