N,K,S,diameter,averageShortestPathLength,edges
4067,3,C(4067;1;93;1912),16,10.874077717658633,12201
4067,3,C(4067;1;498;1634),16,10.874077717658633,12201
4067,3,C(4067;1;565;747),16,10.874077717658633,12201
4067,3,C(4067;1;636;1857),16,10.874077717658633,12201
4067,3,C(4067;1;1137;1901),16,10.874077717658633,12201
