N,K,S,diameter,averageShortestPathLength,edges
4057,3,C(4057;1;255;1070),16,10.867357001972387,12171
4057,3,C(4057;1;314;1941),16,10.867357001972387,12171
4057,3,C(4057;1;1460;1983),16,10.867357001972387,12171
