N,K,S,diameter,averageShortestPathLength,edges
4359,3,C(4359;1;573;721),17,11.126663607159248,13077
4359,3,C(4359;1;1293;1717),17,11.126663607159248,13077
