N,K,S,diameter,averageShortestPathLength,edges
4757,3,C(4757;1;156;718),17,11.465937762825904,14271
4757,3,C(4757;1;385;1947),17,11.465937762825904,14271
4757,3,C(4757;1;452;1989),17,11.465937762825904,14271
4757,3,C(4757;1;623;2352),17,11.465937762825904,14271
4757,3,C(4757;1;1490;2014),17,11.465937762825904,14271
4757,3,C(4757;1;1886;2348),17,11.465937762825904,14271
