N,K,S,diameter,averageShortestPathLength,edges
4736,3,C(4736;1;340;2306),17,11.440549102428722,14208
4736,3,C(4736;1;546;1606),17,11.440549102428722,14208
