N,K,S,diameter,averageShortestPathLength,edges
4034,3,C(4034;1;523;1894),16,10.839573518472601,12102
4034,3,C(4034;1;652;995),16,10.839573518472601,12102
