N,K,S,diameter,averageShortestPathLength,edges
4351,3,C(4351;1;640;920),17,11.128735632183908,13053
4351,3,C(4351;1;756;1660),17,11.128735632183908,13053
4351,3,C(4351;1;877;1905),17,11.128735632183908,13053
