N,K,S,diameter,averageShortestPathLength,edges
4176,3,C(4176;1;54;995),16,10.975329341317366,12528
4176,3,C(4176;1;277;1746),16,10.975329341317366,12528
