N,K,S,diameter,averageShortestPathLength,edges
4325,3,C(4325;1;299;1460),17,11.099444958371878,12975
4325,3,C(4325;1;1485;1649),17,11.099444958371878,12975
