N,K,S,diameter,averageShortestPathLength,edges
4791,3,C(4791;1;189;241),17,11.48517745302714,14373
4791,3,C(4791;1;1452;2147),17,11.48517745302714,14373
