N,K,S,diameter,averageShortestPathLength,edges
4112,3,C(4112;1;700;1733),16,10.911700316224763,12336
4112,3,C(4112;1;1428;1725),16,10.911700316224763,12336
