N,K,S,diameter,averageShortestPathLength,edges
4592,3,C(4592;1;193;246),17,11.324112393813984,13776
4592,3,C(4592;1;1951;2214),17,11.324112393813984,13776
