N,K,S,diameter,averageShortestPathLength,edges
4151,3,C(4151;1;275;768),16,10.945060240963855,12453
4151,3,C(4151;1;654;1357),16,10.945060240963855,12453
4151,3,C(4151;1;1117;1401),16,10.945060240963855,12453
