N,K,S,diameter,averageShortestPathLength,edges
4873,3,C(4873;1;129;1832),17,11.560344827586206,14619
4873,3,C(4873;1;288;1511),17,11.560344827586206,14619
4873,3,C(4873;1;423;790),17,11.560344827586206,14619
