N,K,S,diameter,averageShortestPathLength,edges
4994,3,C(4994;1;578;2191),18,11.654516322851993,14982
4994,3,C(4994;1;594;2293),18,11.654516322851993,14982
4994,3,C(4994;1;1944;2293),18,11.654516322851993,14982
4994,3,C(4994;1;1980;2191),18,11.654516322851993,14982
