N,K,S,diameter,averageShortestPathLength,edges
4469,3,C(4469;1;114;1686),17,11.222470904207698,13407
4469,3,C(4469;1;196;250),17,11.222470904207698,13407
4469,3,C(4469;1;607;2163),17,11.222470904207698,13407
