N,K,S,diameter,averageShortestPathLength,edges
4429,3,C(4429;1;106;1245),17,11.185185185185185,13287
4429,3,C(4429;1;615;961),17,11.185185185185185,13287
4429,3,C(4429;1;893;1053),17,11.185185185185185,13287
