N,K,S,diameter,averageShortestPathLength,edges
4201,3,C(4201;1;264;1108),16,10.991904761904761,12603
4201,3,C(4201;1;366;1969),16,10.991904761904761,12603
4201,3,C(4201;1;1073;1805),16,10.991904761904761,12603
