N,K,S,diameter,averageShortestPathLength,edges
4896,3,C(4896;1;619;1718),18,11.568743615934627,14688
4896,3,C(4896;1;770;1661),18,11.568743615934627,14688
