N,K,S,diameter,averageShortestPathLength,edges
4413,3,C(4413;1;57;1559),17,11.167271078875793,13239
4413,3,C(4413;1;1588;2157),17,11.167271078875793,13239
