N,K,S,diameter,averageShortestPathLength,edges
4887,3,C(4887;1;777;1079),18,11.566925910765452,14661
4887,3,C(4887;1;1241;1518),18,11.566925910765452,14661
