N,K,S,diameter,averageShortestPathLength,edges
4257,3,C(4257;1;189;241),17,11.037593984962406,12771
4257,3,C(4257;1;1377;2102),17,11.037593984962406,12771
