N,K,S,diameter,averageShortestPathLength,edges
4823,3,C(4823;1;53;926),17,11.521775197013687,14469
4823,3,C(4823;1;901;2349),17,11.521775197013687,14469
