N,K,S,diameter,averageShortestPathLength,edges
4104,3,C(4104;1;211;1338),17,10.905678771630514,12312
4104,3,C(4104;1;389;726),17,10.905678771630514,12312
