N,K,S,diameter,averageShortestPathLength,edges
4797,3,C(4797;1;553;1426),18,11.49207673060884,14391
4797,3,C(4797;1;952;1214),18,11.49207673060884,14391
4797,3,C(4797;1;2114;2212),18,11.49207673060884,14391
