N,K,S,diameter,averageShortestPathLength,edges
4724,3,C(4724;1;656;1025),17,11.428964641117933,14172
4724,3,C(4724;1;1700;2309),17,11.428964641117933,14172
