N,K,S,diameter,averageShortestPathLength,edges
4655,3,C(4655;1;1014;1580),17,11.3700042973786,13965
4655,3,C(4655;1;1189;2000),17,11.3700042973786,13965
