N,K,S,diameter,averageShortestPathLength,edges
4547,3,C(4547;1;60;1423),17,11.288165420149582,13641
4547,3,C(4547;1;965;1211),17,11.288165420149582,13641
4547,3,C(4547;1;1743;2174),17,11.288165420149582,13641
