N,K,S,diameter,averageShortestPathLength,edges
4841,3,C(4841;1;562;1526),18,11.529752066115703,14523
4841,3,C(4841;1;870;1186),18,11.529752066115703,14523
4841,3,C(4841;1;1098;1583),18,11.529752066115703,14523
