N,K,S,diameter,averageShortestPathLength,edges
4353,3,C(4353;1;774;1605),17,11.128216911764707,13059
4353,3,C(4353;1;1212;1365),17,11.128216911764707,13059
