N,K,S,diameter,averageShortestPathLength,edges
4454,3,C(4454;1;185;236),17,11.211318212441052,13362
4454,3,C(4454;1;868;1589),17,11.211318212441052,13362
