N,K,S,diameter,averageShortestPathLength,edges
4390,3,C(4390;1;90;1237),17,11.151515151515152,13170
4390,3,C(4390;1;653;1700),17,11.151515151515152,13170
