N,K,S,diameter,averageShortestPathLength,edges
4430,3,C(4430;1;318;2157),17,11.186046511627907,13290
4430,3,C(4430;1;1413;1904),17,11.186046511627907,13290
