N,K,S,diameter,averageShortestPathLength,edges
4618,3,C(4618;1;952;1401),17,11.346978557504872,13854
4618,3,C(4618;1;1569;2074),17,11.346978557504872,13854
