N,K,S,diameter,averageShortestPathLength,edges
4417,3,C(4417;1;62;1382),17,11.185688405797102,13251
4417,3,C(4417;1;163;1272),17,11.185688405797102,13251
4417,3,C(4417;1;1830;2066),17,11.185688405797102,13251
