N,K,S,diameter,averageShortestPathLength,edges
4059,3,C(4059;1;57;1270),16,10.861015278462297,12177
4059,3,C(4059;1;163;1173),16,10.861015278462297,12177
