N,K,S,diameter,averageShortestPathLength,edges
4728,3,C(4728;1;128;2273),17,11.436217474085044,14184
4728,3,C(4728;1;1169;1664),17,11.436217474085044,14184
