N,K,S,diameter,averageShortestPathLength,edges
4939,3,C(4939;1;393;662),17,11.611988659376266,14817
4939,3,C(4939;1;806;2237),17,11.611988659376266,14817
4939,3,C(4939;1;1425;1918),17,11.611988659376266,14817
