N,K,S,diameter,averageShortestPathLength,edges
4369,3,C(4369;1;703;2142),17,11.134157509157509,13107
4369,3,C(4369;1;1445;1765),17,11.134157509157509,13107
