N,K,S,diameter,averageShortestPathLength,edges
4537,3,C(4537;1;530;1909),17,11.285273368606703,13611
4537,3,C(4537;1;1412;2177),17,11.285273368606703,13611
4537,3,C(4537;1;1772;1854),17,11.285273368606703,13611
