N,K,S,diameter,averageShortestPathLength,edges
4877,3,C(4877;1;199;258),17,11.559885151763741,14631
4877,3,C(4877;1;434;586),17,11.559885151763741,14631
4877,3,C(4877;1;663;1642),17,11.559885151763741,14631
