N,K,S,diameter,averageShortestPathLength,edges
5263,3,C(5263;1;270;916),18,11.856328392246294,15789
5263,3,C(5263;1;1046;2304),18,11.856328392246294,15789
5263,3,C(5263;1;1306;1595),18,11.856328392246294,15789
