N,K,S,diameter,averageShortestPathLength,edges
5201,3,C(5201;1;532;907),18,11.806153846153846,15603
5201,3,C(5201;1;1519;2007),18,11.806153846153846,15603
