N,K,S,diameter,averageShortestPathLength,edges
5164,3,C(5164;1;382;1495),18,11.772419136161147,15492
5164,3,C(5164;1;698;867),18,11.772419136161147,15492
