N,K,S,diameter,averageShortestPathLength,edges
5417,3,C(5417;1;90;1734),18,11.967134416543574,16251
5417,3,C(5417;1;703;2227),18,11.967134416543574,16251
5417,3,C(5417;1;1159;1387),18,11.967134416543574,16251
