N,K,S,diameter,averageShortestPathLength,edges
5153,3,C(5153;1;151;1396),18,11.773680124223603,15459
5153,3,C(5153;1;214;273),18,11.773680124223603,15459
5153,3,C(5153;1;1517;1901),18,11.773680124223603,15459
