N,K,S,diameter,averageShortestPathLength,edges
5151,3,C(5151;1;701;1215),18,11.767378640776698,15453
5151,3,C(5151;1;1330;1464),18,11.767378640776698,15453
