N,K,S,diameter,averageShortestPathLength,edges
5869,3,C(5869;1;628;1923),18,12.294478527607362,17607
5869,3,C(5869;1;763;2094),18,12.294478527607362,17607
5869,3,C(5869;1;810;1785),18,12.294478527607362,17607
