N,K,S,diameter,averageShortestPathLength,edges
5893,3,C(5893;1;419;1761),19,12.309232858112695,17679
5893,3,C(5893;1;436;1706),19,12.309232858112695,17679
5893,3,C(5893;1;1171;2135),19,12.309232858112695,17679
