N,K,S,diameter,averageShortestPathLength,edges
5958,3,C(5958;1;208;295),19,12.354540876280007,17874
5958,3,C(5958;1;2363;2948),19,12.354540876280007,17874
