N,K,S,diameter,averageShortestPathLength,edges
5832,3,C(5832;1;479;1858),18,12.265820613959869,17496
5832,3,C(5832;1;2569;2626),18,12.265820613959869,17496
