N,K,S,diameter,averageShortestPathLength,edges
5663,3,C(5663;1;545;2803),18,12.148710702931826,16989
5663,3,C(5663;1;904;2551),18,12.148710702931826,16989
5663,3,C(5663;1;1689;2564),18,12.148710702931826,16989
