N,K,S,diameter,averageShortestPathLength,edges
5592,3,C(5592;1;482;907),18,12.092291182257199,16776
5592,3,C(5592;1;950;1603),18,12.092291182257199,16776
