N,K,S,diameter,averageShortestPathLength,edges
5036,3,C(5036;1;490;1081),18,11.681231380337637,15108
5036,3,C(5036;1;969;1426),18,11.681231380337637,15108
