N,K,S,diameter,averageShortestPathLength,edges
5512,3,C(5512;1;274;879),18,12.038105606967882,16536
5512,3,C(5512;1;1737;1906),18,12.038105606967882,16536
