N,K,S,diameter,averageShortestPathLength,edges
5564,3,C(5564;1;1800;2647),18,12.074779795074599,16692
5564,3,C(5564;1;1868;2205),18,12.074779795074599,16692
