N,K,S,diameter,averageShortestPathLength,edges
5324,3,C(5324;1;1462;1643),18,11.903062182979523,15972
5324,3,C(5324;1;1642;2197),18,11.903062182979523,15972
