N,K,S,diameter,averageShortestPathLength,edges
5718,3,C(5718;1;275;1414),18,12.191009270596467,17154
5718,3,C(5718;1;1705;2126),18,12.191009270596467,17154
