N,K,S,diameter,averageShortestPathLength,edges
5382,3,C(5382;1;934;2641),18,11.944619959115405,16146
5382,3,C(5382;1;1418;2099),18,11.944619959115405,16146
