N,K,S,diameter,averageShortestPathLength,edges
5582,3,C(5582;1;413;1616),18,12.08600609209819,16746
5582,3,C(5582;1;614;1980),18,12.08600609209819,16746
5582,3,C(5582;1;780;2149),18,12.08600609209819,16746
