N,K,S,diameter,averageShortestPathLength,edges
5318,3,C(5318;1;420;1849),18,11.890163626104947,15954
5318,3,C(5318;1;627;2560),18,11.890163626104947,15954
