N,K,S,diameter,averageShortestPathLength,edges
5441,3,C(5441;1;54;1049),18,11.986029411764706,16323
5441,3,C(5441;1;1895;2519),18,11.986029411764706,16323
5441,3,C(5441;1;1971;2386),18,11.986029411764706,16323
