N,K,S,diameter,averageShortestPathLength,edges
5914,3,C(5914;1;726;2719),19,12.331473025536953,17742
5914,3,C(5914;1;1960;2547),19,12.331473025536953,17742
