N,K,S,diameter,averageShortestPathLength,edges
5851,3,C(5851;1;58;1128),18,12.275897435897436,17553
5851,3,C(5851;1;721;861),18,12.275897435897436,17553
5851,3,C(5851;1;1230;2522),18,12.275897435897436,17553
