N,K,S,diameter,averageShortestPathLength,edges
5317,3,C(5317;1;289;1696),18,11.890895410082768,15951
5317,3,C(5317;1;613;1803),18,11.890895410082768,15951
5317,3,C(5317;1;743;2047),18,11.890895410082768,15951
