N,K,S,diameter,averageShortestPathLength,edges
5666,3,C(5666;1;1168;1719),18,12.155516328331862,16998
5666,3,C(5666;1;1269;2300),18,12.155516328331862,16998
