N,K,S,diameter,averageShortestPathLength,edges
5986,3,C(5986;1;975;1166),19,12.378780284043442,17958
5986,3,C(5986;1;1724;2861),19,12.378780284043442,17958
