N,K,S,diameter,averageShortestPathLength,edges
5331,3,C(5331;1;236;882),18,11.901688555347093,15993
5331,3,C(5331;1;471;2624),18,11.901688555347093,15993
5331,3,C(5331;1;835;1209),18,11.901688555347093,15993
5331,3,C(5331;1;945;1649),18,11.901688555347093,15993
