N,K,S,diameter,averageShortestPathLength,edges
5039,3,C(5039;1;398;1752),17,11.678443826915442,15117
5039,3,C(5039;1;1202;2206),17,11.678443826915442,15117
5039,3,C(5039;1;1287;2165),17,11.678443826915442,15117
