N,K,S,diameter,averageShortestPathLength,edges
5963,3,C(5963;1;242;279),19,12.367997316336799,17889
5963,3,C(5963;1;2193;2342),19,12.367997316336799,17889
5963,3,C(5963;1;2351;2457),19,12.367997316336799,17889
