N,K,S,diameter,averageShortestPathLength,edges
5293,3,C(5293;1;127;668),18,11.882464096749811,15879
5293,3,C(5293;1;297;1292),18,11.882464096749811,15879
5293,3,C(5293;1;499;1038),18,11.882464096749811,15879
5293,3,C(5293;1;626;1962),18,11.882464096749811,15879
5293,3,C(5293;1;1040;2618),18,11.882464096749811,15879
5293,3,C(5293;1;1300;2285),18,11.882464096749811,15879
