N,K,S,diameter,averageShortestPathLength,edges
5841,3,C(5841;1;964;1161),18,12.269520547945206,17523
5841,3,C(5841;1;2357;2889),18,12.269520547945206,17523
