N,K,S,diameter,averageShortestPathLength,edges
5379,3,C(5379;1;229;264),18,11.941242097433991,16137
5379,3,C(5379;1;330;2161),18,11.941242097433991,16137
5379,3,C(5379;1;814;1743),18,11.941242097433991,16137
