N,K,S,diameter,averageShortestPathLength,edges
5357,3,C(5357;1;1419;2315),18,11.929051530993279,16071
5357,3,C(5357;1;1485;1879),18,11.929051530993279,16071
