N,K,S,diameter,averageShortestPathLength,edges
5788,3,C(5788;1;98;2728),19,12.237428719543805,17364
5788,3,C(5788;1;589;1624),19,12.237428719543805,17364
5788,3,C(5788;1;1759;2656),19,12.237428719543805,17364
