N,K,S,diameter,averageShortestPathLength,edges
5619,3,C(5619;1;1095;2083),19,12.119259522961908,16857
5619,3,C(5619;1;1543;1734),19,12.119259522961908,16857
