N,K,S,diameter,averageShortestPathLength,edges
5165,3,C(5165;1;265;899),18,11.778466305189776,15495
5165,3,C(5165;1;609;1270),18,11.778466305189776,15495
