N,K,S,diameter,averageShortestPathLength,edges
5071,3,C(5071;1;448;2496),18,11.709270216962524,15213
5071,3,C(5071;1;532;730),18,11.709270216962524,15213
5071,3,C(5071;1;910;2375),18,11.709270216962524,15213
