N,K,S,diameter,averageShortestPathLength,edges
5828,3,C(5828;1;366;2451),18,12.266689548652822,17484
5828,3,C(5828;1;1398;1907),18,12.266689548652822,17484
