N,K,S,diameter,averageShortestPathLength,edges
5614,3,C(5614;1;95;2646),19,12.115089969713166,16842
5614,3,C(5614;1;504;1241),19,12.115089969713166,16842
