N,K,S,diameter,averageShortestPathLength,edges
5476,3,C(5476;1;1614;1999),18,12.006575342465753,16428
5476,3,C(5476;1;1997;2206),18,12.006575342465753,16428
