N,K,S,diameter,averageShortestPathLength,edges
5162,3,C(5162;1;409;1168),18,11.780468901375702,15486
5162,3,C(5162;1;1199;1530),18,11.780468901375702,15486
