N,K,S,diameter,averageShortestPathLength,edges
5703,3,C(5703;1;144;827),19,12.17432479831638,17109
5703,3,C(5703;1;862;1338),19,12.17432479831638,17109
