N,K,S,diameter,averageShortestPathLength,edges
5098,3,C(5098;1;57;1058),18,11.728467726113401,15294
5098,3,C(5098;1;108;1431),18,11.728467726113401,15294
