N,K,S,diameter,averageShortestPathLength,edges
5008,3,C(5008;1;845;1842),18,11.659876173357301,15024
5008,3,C(5008;1;986;2181),18,11.659876173357301,15024
