N,K,S,diameter,averageShortestPathLength,edges
5982,3,C(5982;1;1034;2941),19,12.367162681825782,17946
5982,3,C(5982;1;1576;2333),19,12.367162681825782,17946
