N,K,S,diameter,averageShortestPathLength,edges
5431,3,C(5431;1;341;2284),18,11.977163904235727,16293
5431,3,C(5431;1;1567;2109),18,11.977163904235727,16293
5431,3,C(5431;1;1679;2389),18,11.977163904235727,16293
