N,K,S,diameter,averageShortestPathLength,edges
5173,3,C(5173;1;457;2010),18,11.789636504253673,15519
5173,3,C(5173;1;569;1835),18,11.789636504253673,15519
5173,3,C(5173;1;815;1691),18,11.789636504253673,15519
