N,K,S,diameter,averageShortestPathLength,edges
5516,3,C(5516;1;864;1251),19,12.042429737080688,16548
5516,3,C(5516;1;2187;2420),19,12.042429737080688,16548
