N,K,S,diameter,averageShortestPathLength,edges
5252,3,C(5252;1;1141;1412),18,11.843077509045896,15756
5252,3,C(5252;1;1488;1855),18,11.843077509045896,15756
