N,K,S,diameter,averageShortestPathLength,edges
5695,3,C(5695;1;281;1840),18,12.173515981735159,17085
5695,3,C(5695;1;304;1250),18,12.173515981735159,17085
