N,K,S,diameter,averageShortestPathLength,edges
5430,3,C(5430;1;348;1828),18,11.97752808988764,16290
5430,3,C(5430;1;446;1730),18,11.97752808988764,16290
