N,K,S,diameter,averageShortestPathLength,edges
5627,3,C(5627;1;1443;2137),18,12.117312477781727,16881
5627,3,C(5627;1;1456;2406),18,12.117312477781727,16881
5627,3,C(5627;1;2485;2591),18,12.117312477781727,16881
