N,K,S,diameter,averageShortestPathLength,edges
5563,3,C(5563;1;1320;1444),19,12.078029485796476,16689
5563,3,C(5563;1;1776;2297),19,12.078029485796476,16689
5563,3,C(5563;1;1906;2752),19,12.078029485796476,16689
