N,K,S,diameter,averageShortestPathLength,edges
5375,3,C(5375;1;60;1899),18,11.939337551172311,16125
5375,3,C(5375;1;651;1435),18,11.939337551172311,16125
