N,K,S,diameter,averageShortestPathLength,edges
5767,3,C(5767;1;680;1418),18,12.218522372528616,17301
5767,3,C(5767;1;1489;1639),18,12.218522372528616,17301
5767,3,C(5767;1;1552;2258),18,12.218522372528616,17301
