N,K,S,diameter,averageShortestPathLength,edges
5027,3,C(5027;1;127;729),18,11.67449263828094,15081
5027,3,C(5027;1;475;588),18,11.67449263828094,15081
5027,3,C(5027;1;607;1786),18,11.67449263828094,15081
