N,K,S,diameter,averageShortestPathLength,edges
5920,3,C(5920;1;132;1003),19,12.3348538604494,17760
5920,3,C(5920;1;596;1027),19,12.3348538604494,17760
