N,K,S,diameter,averageShortestPathLength,edges
5276,3,C(5276;1;1555;1926),18,11.864644549763034,15828
5276,3,C(5276;1;1727;2322),18,11.864644549763034,15828
