N,K,S,diameter,averageShortestPathLength,edges
5722,3,C(5722;1;470;1823),18,12.18842859639923,17166
5722,3,C(5722;1;1651;2222),18,12.18842859639923,17166
