N,K,S,diameter,averageShortestPathLength,edges
5038,3,C(5038;1;129;2430),18,11.690688902124281,15114
5038,3,C(5038;1;136;1445),18,11.690688902124281,15114
