N,K,S,diameter,averageShortestPathLength,edges
5462,3,C(5462;1;112;1539),18,12.000366233290606,16386
5462,3,C(5462;1;1881;2346),18,12.000366233290606,16386
