N,K,S,diameter,averageShortestPathLength,edges
5947,3,C(5947;1;95;2058),19,12.342751429532459,17841
5947,3,C(5947;1;2147;2777),19,12.342751429532459,17841
