N,K,S,diameter,averageShortestPathLength,edges
5497,3,C(5497;1;90;2596),18,12.027292576419214,16491
5497,3,C(5497;1;151;794),18,12.027292576419214,16491
5497,3,C(5497;1;1893;2361),18,12.027292576419214,16491
