N,K,S,diameter,averageShortestPathLength,edges
5206,3,C(5206;1;143;752),18,11.798078770413065,15618
5206,3,C(5206;1;1134;1767),18,11.798078770413065,15618
5206,3,C(5206;1;1347;2226),18,11.798078770413065,15618
