N,K,S,diameter,averageShortestPathLength,edges
5774,3,C(5774;1;510;1221),18,12.223800450372423,17322
5774,3,C(5774;1;785;1944),18,12.223800450372423,17322
