N,K,S,diameter,averageShortestPathLength,edges
5283,3,C(5283;1;250;1311),18,11.873911397198031,15849
5283,3,C(5283;1;354;1120),18,11.873911397198031,15849
