N,K,S,diameter,averageShortestPathLength,edges
5615,3,C(5615;1;680;1499),18,12.110081938012113,16845
5615,3,C(5615;1;715;899),18,12.110081938012113,16845
