N,K,S,diameter,averageShortestPathLength,edges
5458,3,C(5458;1;816;1450),18,11.994868975627634,16374
5458,3,C(5458;1;1060;1620),18,11.994868975627634,16374
