N,K,S,diameter,averageShortestPathLength,edges
5514,3,C(5514;1;410;1721),18,12.042082350807183,16542
5514,3,C(5514;1;487;1166),18,12.042082350807183,16542
