N,K,S,diameter,averageShortestPathLength,edges
5759,3,C(5759;1;92;1993),19,12.216394581451892,17277
5759,3,C(5759;1;313;1837),19,12.216394581451892,17277
5759,3,C(5759;1;445;627),19,12.216394581451892,17277
