N,K,S,diameter,averageShortestPathLength,edges
5489,3,C(5489;1;280;1717),18,12.026603498542274,16467
5489,3,C(5489;1;406;1589),18,12.026603498542274,16467
5489,3,C(5489;1;1817;2176),18,12.026603498542274,16467
