N,K,S,diameter,averageShortestPathLength,edges
5737,3,C(5737;1;64;2027),18,12.205020920502092,17211
5737,3,C(5737;1;1197;2241),18,12.205020920502092,17211
5737,3,C(5737;1;1551;1735),18,12.205020920502092,17211
