N,K,S,diameter,averageShortestPathLength,edges
5042,3,C(5042;1;373;1918),18,11.682801031541361,15126
5042,3,C(5042;1;2222;2325),18,11.682801031541361,15126
