N,K,S,diameter,averageShortestPathLength,edges
5321,3,C(5321;1;403;1152),18,11.895488721804512,15963
5321,3,C(5321;1;1159;1806),18,11.895488721804512,15963
5321,3,C(5321;1;1740;2271),18,11.895488721804512,15963
