N,K,S,diameter,averageShortestPathLength,edges
5953,3,C(5953;1;38;1040),19,12.35853494623656,17859
5953,3,C(5953;1;470;654),19,12.35853494623656,17859
5953,3,C(5953;1;1866;1929),19,12.35853494623656,17859
