N,K,S,diameter,averageShortestPathLength,edges
5264,3,C(5264;1;227;1962),18,11.863385901577047,15792
5264,3,C(5264;1;230;2020),18,11.863385901577047,15792
5264,3,C(5264;1;542;2203),18,11.863385901577047,15792
5264,3,C(5264;1;910;2588),18,11.863385901577047,15792
