N,K,S,diameter,averageShortestPathLength,edges
5524,3,C(5524;1;226;1307),19,12.048162230671736,16572
5524,3,C(5524;1;1154;1437),19,12.048162230671736,16572
