N,K,S,diameter,averageShortestPathLength,edges
5730,3,C(5730;1;317;1216),18,12.202827718624542,17190
5730,3,C(5730;1;998;1193),18,12.202827718624542,17190
