N,K,S,diameter,averageShortestPathLength,edges
5745,3,C(5745;1;425;2515),18,12.201949860724234,17235
5745,3,C(5745;1;615;2705),18,12.201949860724234,17235
