N,K,S,diameter,averageShortestPathLength,edges
5631,3,C(5631;1;882;1277),19,12.125399644760213,16893
5631,3,C(5631;1;1292;2082),19,12.125399644760213,16893
