N,K,S,diameter,averageShortestPathLength,edges
5228,3,C(5228;1;335;1760),18,11.82131241629998,15684
5228,3,C(5228;1;515;1956),18,11.82131241629998,15684
