N,K,S,diameter,averageShortestPathLength,edges
5719,3,C(5719;1;359;2794),19,12.193424274221757,17157
5719,3,C(5719;1;1872;2517),19,12.193424274221757,17157
5719,3,C(5719;1;2221;2794),19,12.193424274221757,17157
