N,K,S,diameter,averageShortestPathLength,edges
5546,3,C(5546;1;1323;2428),18,12.055725879170424,16638
5546,3,C(5546;1;1654;2511),18,12.055725879170424,16638
