N,K,S,diameter,averageShortestPathLength,edges
5007,3,C(5007;1;869;2457),18,11.659608469836197,15021
5007,3,C(5007;1;942;2443),18,11.659608469836197,15021
