N,K,S,diameter,averageShortestPathLength,edges
5811,3,C(5811;1;959;1155),18,12.253700516351119,17433
5811,3,C(5811;1;1733;2631),18,12.253700516351119,17433
