N,K,S,diameter,averageShortestPathLength,edges
5438,3,C(5438;1;304;849),18,11.985653853227882,16314
5438,3,C(5438;1;743;2524),18,11.985653853227882,16314
