N,K,S,diameter,averageShortestPathLength,edges
5581,3,C(5581;1;775;1211),18,12.085304659498208,16743
5581,3,C(5581;1;1109;2022),18,12.085304659498208,16743
5581,3,C(5581;1;1825;2382),18,12.085304659498208,16743
