N,K,S,diameter,averageShortestPathLength,edges
5913,3,C(5913;1;1305;2798),18,12.325101488497971,17739
5913,3,C(5913;1;1828;2601),18,12.325101488497971,17739
