N,K,S,diameter,averageShortestPathLength,edges
5163,3,C(5163;1;837;1851),18,11.783417280123983,15489
5163,3,C(5163;1;1365;1740),18,11.783417280123983,15489
