N,K,S,diameter,averageShortestPathLength,edges
5659,3,C(5659;1;95;1962),19,12.144574054436196,16977
5659,3,C(5659;1;349;799),19,12.144574054436196,16977
5659,3,C(5659;1;1629;2621),19,12.144574054436196,16977
