N,K,S,diameter,averageShortestPathLength,edges
5781,3,C(5781;1;333;2586),19,12.232179930795848,17343
5781,3,C(5781;1;1665;2763),19,12.232179930795848,17343
