N,K,S,diameter,averageShortestPathLength,edges
5709,3,C(5709;1;640;1074),18,12.184302733006307,17127
5709,3,C(5709;1;1197;2239),18,12.184302733006307,17127
