N,K,S,diameter,averageShortestPathLength,edges
5237,3,C(5237;1;146;1424),18,11.837280366692131,15711
5237,3,C(5237;1;825;1712),18,11.837280366692131,15711
5237,3,C(5237;1;1037;1894),18,11.837280366692131,15711
