N,K,S,diameter,averageShortestPathLength,edges
5372,3,C(5372;1;145;2586),18,11.928318748836343,16116
5372,3,C(5372;1;1390;2297),18,11.928318748836343,16116
