N,K,S,diameter,averageShortestPathLength,edges
5362,3,C(5362;1;90;1859),18,11.920723745569857,16086
5362,3,C(5362;1;2368;2469),18,11.920723745569857,16086
