N,K,S,diameter,averageShortestPathLength,edges
5058,3,C(5058;1;1594;1749),18,11.702590468657307,15174
5058,3,C(5058;1;1617;2312),18,11.702590468657307,15174
