N,K,S,diameter,averageShortestPathLength,edges
5599,3,C(5599;1;360;1139),18,12.103251161128975,16797
5599,3,C(5599;1;1381;2158),18,12.103251161128975,16797
5599,3,C(5599;1;2165;2504),18,12.103251161128975,16797
