N,K,S,diameter,averageShortestPathLength,edges
5818,3,C(5818;1;520;2045),19,12.266804194602029,17454
5818,3,C(5818;1;996;2441),19,12.266804194602029,17454
