N,K,S,diameter,averageShortestPathLength,edges
5311,3,C(5311;1;1043;1403),18,11.890395480225989,15933
5311,3,C(5311;1;1310;2047),18,11.890395480225989,15933
5311,3,C(5311;1;1496;2135),18,11.890395480225989,15933
