N,K,S,diameter,averageShortestPathLength,edges
5343,3,C(5343;1;630;2572),18,11.909397229502058,16029
5343,3,C(5343;1;1134;1423),18,11.909397229502058,16029
