N,K,S,diameter,averageShortestPathLength,edges
5741,3,C(5741;1;328;1833),19,12.206620209059233,17223
5741,3,C(5741;1;502;2853),19,12.206620209059233,17223
5741,3,C(5741;1;1115;1704),19,12.206620209059233,17223
