N,K,S,diameter,averageShortestPathLength,edges
5177,3,C(5177;1;57;994),18,11.782843894899536,15531
5177,3,C(5177;1;974;2526),18,11.782843894899536,15531
5177,3,C(5177;1;1544;2344),18,11.782843894899536,15531
