N,K,S,diameter,averageShortestPathLength,edges
5528,3,C(5528;1;992;2589),19,12.049574814546771,16584
5528,3,C(5528;1;2016;2227),19,12.049574814546771,16584
