N,K,S,diameter,averageShortestPathLength,edges
5464,3,C(5464;1;556;1533),18,12.00274574409665,16392
5464,3,C(5464;1;2413;2516),18,12.00274574409665,16392
