N,K,S,diameter,averageShortestPathLength,edges
5601,3,C(5601;1;180;757),18,12.097142857142858,16803
5601,3,C(5601;1;1391;1665),18,12.097142857142858,16803
