N,K,S,diameter,averageShortestPathLength,edges
5553,3,C(5553;1;62;1962),18,12.073487031700289,16659
5553,3,C(5553;1;864;2060),18,12.073487031700289,16659
