N,K,S,diameter,averageShortestPathLength,edges
5227,3,C(5227;1;132;758),18,11.828166858017605,15681
5227,3,C(5227;1;198;1499),18,11.828166858017605,15681
5227,3,C(5227;1;938;2448),18,11.828166858017605,15681
