N,K,S,diameter,averageShortestPathLength,edges
5984,3,C(5984;1;397;906),19,12.368377068360354,17952
5984,3,C(5984;1;1294;2683),19,12.368377068360354,17952
