N,K,S,diameter,averageShortestPathLength,edges
5319,3,C(5319;1;524;1990),18,11.890936442271531,15957
5319,3,C(5319;1;719;893),18,11.890936442271531,15957
5319,3,C(5319;1;1364;2020),18,11.890936442271531,15957
