N,K,S,diameter,averageShortestPathLength,edges
5641,3,C(5641;1;63;1993),18,12.135106382978723,16923
5641,3,C(5641;1;484;2287),18,12.135106382978723,16923
5641,3,C(5641;1;1164;1401),18,12.135106382978723,16923
