N,K,S,diameter,averageShortestPathLength,edges
5456,3,C(5456;1;708;2243),18,11.996150320806599,16368
5456,3,C(5456;1;876;2683),18,11.996150320806599,16368
