N,K,S,diameter,averageShortestPathLength,edges
5716,3,C(5716;1;980;2315),18,12.182677165354331,17148
5716,3,C(5716;1;1479;2444),18,12.182677165354331,17148
