N,K,S,diameter,averageShortestPathLength,edges
5861,3,C(5861;1;62;1214),19,12.287713310580205,17583
5861,3,C(5861;1;338;1318),19,12.287713310580205,17583
5861,3,C(5861;1;1418;1682),19,12.287713310580205,17583
