N,K,S,diameter,averageShortestPathLength,edges
5921,3,C(5921;1;425;2883),19,12.330067567567568,17763
5921,3,C(5921;1;613;2821),19,12.330067567567568,17763
