N,K,S,diameter,averageShortestPathLength,edges
5739,3,C(5739;1;417;688),18,12.201463924712444,17217
5739,3,C(5739;1;1626;2027),18,12.201463924712444,17217
