N,K,S,diameter,averageShortestPathLength,edges
5837,3,C(5837;1;333;2700),18,12.263879369431118,17511
5837,3,C(5837;1;374;1965),18,12.263879369431118,17511
5837,3,C(5837;1;1227;2516),18,12.263879369431118,17511
