N,K,S,diameter,averageShortestPathLength,edges
5557,3,C(5557;1;150;2675),18,12.066594672426206,16671
5557,3,C(5557;1;349;2337),18,12.066594672426206,16671
5557,3,C(5557;1;944;1593),18,12.066594672426206,16671
