N,K,S,diameter,averageShortestPathLength,edges
5877,3,C(5877;1;759;2242),19,12.301225323349216,17631
5877,3,C(5877;1;2582;2697),19,12.301225323349216,17631
