N,K,S,diameter,averageShortestPathLength,edges
5855,3,C(5855;1;199;1505),18,12.284933378886231,17565
5855,3,C(5855;1;1324;1920),18,12.284933378886231,17565
