N,K,S,diameter,averageShortestPathLength,edges
5111,3,C(5111;1;798;1308),18,11.736203522504892,15333
5111,3,C(5111;1;887;2508),18,11.736203522504892,15333
