N,K,S,diameter,averageShortestPathLength,edges
5114,3,C(5114;1;56;985),18,11.744181498141991,15342
5114,3,C(5114;1;1407;2082),18,11.744181498141991,15342
