N,K,S,diameter,averageShortestPathLength,edges
5909,3,C(5909;1;100;2785),19,12.324306025727827,17727
5909,3,C(5909;1;650;2096),19,12.324306025727827,17727
5909,3,C(5909;1;1029;1133),19,12.324306025727827,17727
