N,K,S,diameter,averageShortestPathLength,edges
5803,3,C(5803;1;715;854),19,12.245087900723888,17409
5803,3,C(5803;1;909;1316),19,12.245087900723888,17409
