N,K,S,diameter,averageShortestPathLength,edges
5179,3,C(5179;1;177;2275),18,11.788335264580919,15537
5179,3,C(5179;1;872;2363),18,11.788335264580919,15537
5179,3,C(5179;1;1075;2515),18,11.788335264580919,15537
5179,3,C(5179;1;1463;1772),18,11.788335264580919,15537
5179,3,C(5179;1;2016;2378),18,11.788335264580919,15537
5179,3,C(5179;1;2149;2306),18,11.788335264580919,15537
