N,K,S,diameter,averageShortestPathLength,edges
5773,3,C(5773;1;1219;2343),18,12.22972972972973,17319
5773,3,C(5773;1;1503;2116),18,12.22972972972973,17319
