N,K,S,diameter,averageShortestPathLength,edges
5355,3,C(5355;1;237;886),18,11.923795293238699,16065
5355,3,C(5355;1;961;2508),18,11.923795293238699,16065
