N,K,S,diameter,averageShortestPathLength,edges
5449,3,C(5449;1;689;1912),18,11.9996328928047,16347
5449,3,C(5449;1;1348;2442),18,11.9996328928047,16347
5449,3,C(5449;1;1384;2006),18,11.9996328928047,16347
