N,K,S,diameter,averageShortestPathLength,edges
5031,3,C(5031;1;580;1706),18,11.668787276341948,15093
5031,3,C(5031;1;772;1090),18,11.668787276341948,15093
5031,3,C(5031;1;1330;1657),18,11.668787276341948,15093
