N,K,S,diameter,averageShortestPathLength,edges
5769,3,C(5769;1;220;312),19,12.228155339805825,17307
5769,3,C(5769;1;236;1365),19,12.228155339805825,17307
