N,K,S,diameter,averageShortestPathLength,edges
5459,3,C(5459;1;901;1085),18,11.998167827042872,16377
5459,3,C(5459;1;1766;2597),18,11.998167827042872,16377
