N,K,S,diameter,averageShortestPathLength,edges
5234,3,C(5234;1;370;1199),18,11.841008981463787,15702
5234,3,C(5234;1;1096;2139),18,11.841008981463787,15702
