N,K,S,diameter,averageShortestPathLength,edges
5169,3,C(5169;1;289;807),18,11.775541795665635,15507
5169,3,C(5169;1;626;1380),18,11.775541795665635,15507
