N,K,S,diameter,averageShortestPathLength,edges
5857,3,C(5857;1;150;2825),18,12.276639344262295,17571
5857,3,C(5857;1;481;1866),18,12.276639344262295,17571
5857,3,C(5857;1;995;1679),18,12.276639344262295,17571
