N,K,S,diameter,averageShortestPathLength,edges
5397,3,C(5397;1;347;1098),18,11.952928094885101,16191
5397,3,C(5397;1;1941;2333),18,11.952928094885101,16191
