N,K,S,diameter,averageShortestPathLength,edges
5057,3,C(5057;1;209;1023),18,11.69620253164557,15171
5057,3,C(5057;1;500;907),18,11.69620253164557,15171
5057,3,C(5057;1;514;1952),18,11.69620253164557,15171
5057,3,C(5057;1;959;1849),18,11.69620253164557,15171
5057,3,C(5057;1;1234;1868),18,11.69620253164557,15171
5057,3,C(5057;1;1584;2141),18,11.69620253164557,15171
