N,K,S,diameter,averageShortestPathLength,edges
5233,3,C(5233;1;60;1637),18,11.839067278287462,15699
5233,3,C(5233;1;617;2519),18,11.839067278287462,15699
5233,3,C(5233;1;2006;2502),18,11.839067278287462,15699
