N,K,S,diameter,averageShortestPathLength,edges
5183,3,C(5183;1;87;1797),18,11.795831725202625,15549
5183,3,C(5183;1;1093;2383),18,11.795831725202625,15549
5183,3,C(5183;1;1520;2518),18,11.795831725202625,15549
