N,K,S,diameter,averageShortestPathLength,edges
5509,3,C(5509;1;413;1899),18,12.039578794480756,16527
5509,3,C(5509;1;2608;2660),18,12.039578794480756,16527
