N,K,S,diameter,averageShortestPathLength,edges
5287,3,C(5287;1;59;1868),18,11.867574725690503,15861
5287,3,C(5287;1;467;1118),18,11.867574725690503,15861
5287,3,C(5287;1;506;1613),18,11.867574725690503,15861
