N,K,S,diameter,averageShortestPathLength,edges
5839,3,C(5839;1;251;2398),19,12.273381294964029,17517
5839,3,C(5839;1;442;2782),19,12.273381294964029,17517
5839,3,C(5839;1;655;913),19,12.273381294964029,17517
