N,K,S,diameter,averageShortestPathLength,edges
5121,3,C(5121;1;870;1468),18,11.743359375000001,15363
5121,3,C(5121;1;1657;2532),18,11.743359375000001,15363
