N,K,S,diameter,averageShortestPathLength,edges
5517,3,C(5517;1;579;1571),19,12.048948513415519,16551
5517,3,C(5517;1;636;1640),19,12.048948513415519,16551
