N,K,S,diameter,averageShortestPathLength,edges
5943,3,C(5943;1;339;2749),19,12.340289464826657,17829
5943,3,C(5943;1;1524;2257),19,12.340289464826657,17829
