N,K,S,diameter,averageShortestPathLength,edges
5671,3,C(5671;1;60;2312),18,12.154497354497355,17013
5671,3,C(5671;1;1847;2600),18,12.154497354497355,17013
5671,3,C(5671;1;2685;2741),18,12.154497354497355,17013
