N,K,S,diameter,averageShortestPathLength,edges
5891,3,C(5891;1;292;2594),18,12.316808149405773,17673
5891,3,C(5891;1;1231;2405),18,12.316808149405773,17673
5891,3,C(5891;1;1271;1986),18,12.316808149405773,17673
