N,K,S,diameter,averageShortestPathLength,edges
5302,3,C(5302;1;457;860),18,11.879268062629693,15906
5302,3,C(5302;1;1311;1866),18,11.879268062629693,15906
