N,K,S,diameter,averageShortestPathLength,edges
5805,3,C(5805;1;229;292),18,12.248449345279118,17415
5805,3,C(5805;1;497;2287),18,12.248449345279118,17415
5805,3,C(5805;1;962;2104),18,12.248449345279118,17415
5805,3,C(5805;1;1150;2545),18,12.248449345279118,17415
