N,K,S,diameter,averageShortestPathLength,edges
5066,3,C(5066;1;601;660),17,11.711549851924975,15198
5066,3,C(5066;1;1669;2218),17,11.711549851924975,15198
