N,K,S,diameter,averageShortestPathLength,edges
5217,3,C(5217;1;107;1470),18,11.821319018404909,15651
5217,3,C(5217;1;1644;1804),18,11.821319018404909,15651
