N,K,S,diameter,averageShortestPathLength,edges
5887,3,C(5887;1;302;1330),19,12.310567448182127,17661
5887,3,C(5887;1;1462;1750),19,12.310567448182127,17661
