N,K,S,diameter,averageShortestPathLength,edges
5364,3,C(5364;1;112;823),18,11.931381689352975,16092
5364,3,C(5364;1;802;1425),18,11.931381689352975,16092
5364,3,C(5364;1;1160;2405),18,11.931381689352975,16092
