N,K,S,diameter,averageShortestPathLength,edges
5657,3,C(5657;1;272;1399),18,12.137906647807638,16971
5657,3,C(5657;1;667;1391),18,12.137906647807638,16971
5657,3,C(5657;1;1357;1851),18,12.137906647807638,16971
