N,K,S,diameter,averageShortestPathLength,edges
5127,3,C(5127;1;1659;2535),18,11.747951619196254,15381
5127,3,C(5127;1;2016;2316),18,11.747951619196254,15381
