N,K,S,diameter,averageShortestPathLength,edges
5639,3,C(5639;1;788;2171),19,12.130897481376374,16917
5639,3,C(5639;1;1178;1467),19,12.130897481376374,16917
5639,3,C(5639;1;1813;1977),19,12.130897481376374,16917
