N,K,S,diameter,averageShortestPathLength,edges
5134,3,C(5134;1;198;1221),18,11.756477693356711,15402
5134,3,C(5134;1;1417;1804),18,11.756477693356711,15402
