N,K,S,diameter,averageShortestPathLength,edges
5670,3,C(5670;1;1526;2220),18,12.155759393191039,17010
5670,3,C(5670;1;1766;2198),18,12.155759393191039,17010
