N,K,S,diameter,averageShortestPathLength,edges
5701,3,C(5701;1;488;2246),18,12.183157894736842,17103
5701,3,C(5701;1;993;1187),18,12.183157894736842,17103
5701,3,C(5701;1;1340;2287),18,12.183157894736842,17103
