N,K,S,diameter,averageShortestPathLength,edges
5014,3,C(5014;1;200;255),18,11.659485338120886,15042
5014,3,C(5014;1;1691;2262),18,11.659485338120886,15042
