N,K,S,diameter,averageShortestPathLength,edges
5277,3,C(5277;1;1395;1738),18,11.859363153904473,15831
5277,3,C(5277;1;1424;2328),18,11.859363153904473,15831
