N,K,S,diameter,averageShortestPathLength,edges
5977,3,C(5977;1;131;808),19,12.380856760374833,17931
5977,3,C(5977;1;365;2047),19,12.380856760374833,17931
5977,3,C(5977;1;540;984),19,12.380856760374833,17931
