N,K,S,diameter,averageShortestPathLength,edges
5665,3,C(5665;1;419;1640),18,12.144420903954803,16995
5665,3,C(5665;1;1605;2001),18,12.144420903954803,16995
