N,K,S,diameter,averageShortestPathLength,edges
5932,3,C(5932;1;295;1238),19,12.333501938964762,17796
5932,3,C(5932;1;1669;1886),19,12.333501938964762,17796
