N,K,S,diameter,averageShortestPathLength,edges
5511,3,C(5511;1;833;1293),18,12.037749546279493,16533
5511,3,C(5511;1;1085;2400),18,12.037749546279493,16533
