N,K,S,diameter,averageShortestPathLength,edges
5113,3,C(5113;1;59;1810),18,11.746870109546165,15339
5113,3,C(5113;1;204;260),18,11.746870109546165,15339
5113,3,C(5113;1;500;1178),18,11.746870109546165,15339
