N,K,S,diameter,averageShortestPathLength,edges
5642,3,C(5642;1;1186;2432),18,12.127636943804291,16926
5642,3,C(5642;1;1814;1978),18,12.127636943804291,16926
