N,K,S,diameter,averageShortestPathLength,edges
5140,3,C(5140;1;810;1035),18,11.758513329441525,15420
5140,3,C(5140;1;2195;2502),18,11.758513329441525,15420
