N,K,S,diameter,averageShortestPathLength,edges
5083,3,C(5083;1;225;841),18,11.717040535222353,15249
5083,3,C(5083;1;497;1171),18,11.717040535222353,15249
5083,3,C(5083;1;586;1511),18,11.717040535222353,15249
