N,K,S,diameter,averageShortestPathLength,edges
5386,3,C(5386;1;259;1332),18,11.935747446610957,16158
5386,3,C(5386;1;915;1544),18,11.935747446610957,16158
