N,K,S,diameter,averageShortestPathLength,edges
5588,3,C(5588;1;351;2350),18,12.09504206192948,16764
5588,3,C(5588;1;1742;2595),18,12.09504206192948,16764
