N,K,S,diameter,averageShortestPathLength,edges
5411,3,C(5411;1;559;1155),18,11.971164510166359,16233
5411,3,C(5411;1;1183;1723),18,11.971164510166359,16233
