N,K,S,diameter,averageShortestPathLength,edges
5144,3,C(5144;1;109;1444),18,11.764728757534513,15432
5144,3,C(5144;1;1227;2252),18,11.764728757534513,15432
