N,K,S,diameter,averageShortestPathLength,edges
5089,3,C(5089;1;445;2529),18,11.726808176100629,15267
5089,3,C(5089;1;446;1824),18,11.726808176100629,15267
5089,3,C(5089;1;1342;1970),18,11.726808176100629,15267
