N,K,S,diameter,averageShortestPathLength,edges
5696,3,C(5696;1;1307;2106),19,12.174539069359087,17088
5696,3,C(5696;1;2349;2830),19,12.174539069359087,17088
