N,K,S,diameter,averageShortestPathLength,edges
5059,3,C(5059;1;436;1203),17,11.701858442071964,15177
5059,3,C(5059;1;731;873),17,11.701858442071964,15177
5059,3,C(5059;1;1106;1611),17,11.701858442071964,15177
