N,K,S,diameter,averageShortestPathLength,edges
5698,3,C(5698;1;414;683),18,12.178339476917676,17094
5698,3,C(5698;1;901;2644),18,12.178339476917676,17094
