N,K,S,diameter,averageShortestPathLength,edges
5428,3,C(5428;1;184;809),18,11.974203058780173,16284
5428,3,C(5428;1;1288;1409),18,11.974203058780173,16284
