N,K,S,diameter,averageShortestPathLength,edges
5258,3,C(5258;1;471;594),18,11.853338405934943,15774
5258,3,C(5258;1;836;1161),18,11.853338405934943,15774
