N,K,S,diameter,averageShortestPathLength,edges
5542,3,C(5542;1;564;1555),18,12.061360765204837,16626
5542,3,C(5542;1;1468;2395),18,12.061360765204837,16626
