N,K,S,diameter,averageShortestPathLength,edges
5482,3,C(5482;1;632;1859),18,12.014048531289911,16446
5482,3,C(5482;1;1578;2539),18,12.014048531289911,16446
