N,K,S,diameter,averageShortestPathLength,edges
5309,3,C(5309;1;264;1108),18,11.883195177091183,15927
5309,3,C(5309;1;398;1830),18,11.883195177091183,15927
5309,3,C(5309;1;1356;2281),18,11.883195177091183,15927
