N,K,S,diameter,averageShortestPathLength,edges
5789,3,C(5789;1;499;939),18,12.233586731167934,17367
5789,3,C(5789;1;765;2577),18,12.233586731167934,17367
5789,3,C(5789;1;787;1949),18,12.233586731167934,17367
