N,K,S,diameter,averageShortestPathLength,edges
5993,3,C(5993;1;426;740),19,12.382843791722296,17979
5993,3,C(5993;1;1296;2687),19,12.382843791722296,17979
5993,3,C(5993;1;1806;2252),19,12.382843791722296,17979
