N,K,S,diameter,averageShortestPathLength,edges
5251,3,C(5251;1;412;2532),18,11.844571428571429,15753
5251,3,C(5251;1;650;2237),18,11.844571428571429,15753
5251,3,C(5251;1;836;1958),18,11.844571428571429,15753
5251,3,C(5251;1;838;1404),18,11.844571428571429,15753
5251,3,C(5251;1;1246;1363),18,11.844571428571429,15753
