N,K,S,diameter,averageShortestPathLength,edges
5852,3,C(5852;1;690;2817),18,12.271406597162878,17556
5852,3,C(5852;1;1658;2067),18,12.271406597162878,17556
