N,K,S,diameter,averageShortestPathLength,edges
5717,3,C(5717;1;95;1830),19,12.188593421973408,17151
5717,3,C(5717;1;578;2040),19,12.188593421973408,17151
5717,3,C(5717;1;1685;2087),19,12.188593421973408,17151
