N,K,S,diameter,averageShortestPathLength,edges
5798,3,C(5798;1;90;2011),19,12.247886838019665,17394
5798,3,C(5798;1;1505;2096),19,12.247886838019665,17394
