N,K,S,diameter,averageShortestPathLength,edges
5945,3,C(5945;1;1760;2945),18,12.343876177658142,17835
5945,3,C(5945;1;2070;2690),18,12.343876177658142,17835
