N,K,S,diameter,averageShortestPathLength,edges
5267,3,C(5267;1;364;1778),18,11.867071781238131,15801
5267,3,C(5267;1;1008;2156),18,11.867071781238131,15801
5267,3,C(5267;1;1022;1949),18,11.867071781238131,15801
