N,K,S,diameter,averageShortestPathLength,edges
5159,3,C(5159;1;185;702),18,11.777045366421094,15477
5159,3,C(5159;1;199;1227),18,11.777045366421094,15477
5159,3,C(5159;1;1095;1374),18,11.777045366421094,15477
