N,K,S,diameter,averageShortestPathLength,edges
5062,3,C(5062;1;184;1229),18,11.701442402687215,15186
5062,3,C(5062;1;2224;2323),18,11.701442402687215,15186
