N,K,S,diameter,averageShortestPathLength,edges
5073,3,C(5073;1;172;756),18,11.709384858044164,15219
5073,3,C(5073;1;2010;2507),18,11.709384858044164,15219
