N,K,S,diameter,averageShortestPathLength,edges
5199,3,C(5199;1;165;1267),18,11.809542131589073,15597
5199,3,C(5199;1;2019;2540),18,11.809542131589073,15597
