N,K,S,diameter,averageShortestPathLength,edges
5987,3,C(5987;1;385;1218),19,12.374206481790845,17961
5987,3,C(5987;1;874;2457),19,12.374206481790845,17961
5987,3,C(5987;1;2325;2925),19,12.374206481790845,17961
