N,K,S,diameter,averageShortestPathLength,edges
5043,3,C(5043;1;529;726),18,11.690995636652122,15129
5043,3,C(5043;1;1479;2450),18,11.690995636652122,15129
