N,K,S,diameter,averageShortestPathLength,edges
5269,3,C(5269;1;189;717),18,11.861047835990888,15807
5269,3,C(5269;1;353;1117),18,11.861047835990888,15807
5269,3,C(5269;1;1418;2063),18,11.861047835990888,15807
