N,K,S,diameter,averageShortestPathLength,edges
5959,3,C(5959;1;100;2066),19,12.355152735817388,17877
5959,3,C(5959;1;1021;1122),19,12.355152735817388,17877
5959,3,C(5959;1;1570;2324),19,12.355152735817388,17877
