N,K,S,diameter,averageShortestPathLength,edges
5747,3,C(5747;1;57;1108),18,12.201531500174035,17241
5747,3,C(5747;1;472;1831),18,12.201531500174035,17241
5747,3,C(5747;1;1714;2602),18,12.201531500174035,17241
