N,K,S,diameter,averageShortestPathLength,edges
5931,3,C(5931;1;431;711),18,12.337268128161888,17793
5931,3,C(5931;1;1746;2188),18,12.337268128161888,17793
