N,K,S,diameter,averageShortestPathLength,edges
5677,3,C(5677;1;93;2681),18,12.156800563777308,17031
5677,3,C(5677;1;273;1404),18,12.156800563777308,17031
