N,K,S,diameter,averageShortestPathLength,edges
5137,3,C(5137;1;147;2464),17,11.760903426791277,15411
5137,3,C(5137;1;506;1922),17,11.760903426791277,15411
