N,K,S,diameter,averageShortestPathLength,edges
5301,3,C(5301;1;1096;1976),18,11.88188679245283,15903
5301,3,C(5301;1;1159;1688),18,11.88188679245283,15903
