N,K,S,diameter,averageShortestPathLength,edges
5017,3,C(5017;1;368;451),18,11.671850079744816,15051
5017,3,C(5017;1;585;2304),18,11.671850079744816,15051
5017,3,C(5017;1;789;1702),18,11.671850079744816,15051
