N,K,S,diameter,averageShortestPathLength,edges
5714,3,C(5714;1;677;2296),18,12.188167337650972,17142
5714,3,C(5714;1;1975;2316),18,12.188167337650972,17142
