N,K,S,diameter,averageShortestPathLength,edges
5402,3,C(5402;1;384;667),18,11.952786521014627,16206
5402,3,C(5402;1;1555;2502),18,11.952786521014627,16206
