N,K,S,diameter,averageShortestPathLength,edges
5335,3,C(5335;1;400;1839),18,11.910011248593925,16005
5335,3,C(5335;1;1355;1964),18,11.910011248593925,16005
