N,K,S,diameter,averageShortestPathLength,edges
5359,3,C(5359;1;59;1029),18,11.932064203060843,16077
5359,3,C(5359;1;224;1177),18,11.932064203060843,16077
5359,3,C(5359;1;259;1593),18,11.932064203060843,16077
5359,3,C(5359;1;528;2005),18,11.932064203060843,16077
5359,3,C(5359;1;545;1890),18,11.932064203060843,16077
5359,3,C(5359;1;1289;1407),18,11.932064203060843,16077
