N,K,S,diameter,averageShortestPathLength,edges
5473,3,C(5473;1;110;2333),19,12.021198830409357,16419
5473,3,C(5473;1;469;2637),19,12.021198830409357,16419
5473,3,C(5473;1;1377;2550),19,12.021198830409357,16419
