N,K,S,diameter,averageShortestPathLength,edges
5938,3,C(5938;1;131;752),19,12.342260400875864,17814
5938,3,C(5938;1;2306;2901),19,12.342260400875864,17814
