N,K,S,diameter,averageShortestPathLength,edges
5678,3,C(5678;1;1115;1500),19,12.158886735952088,17034
5678,3,C(5678;1;2205;2774),19,12.158886735952088,17034
