N,K,S,diameter,averageShortestPathLength,edges
5790,3,C(5790;1;197;1688),18,12.237692174814303,17370
5790,3,C(5790;1;2557;2666),18,12.237692174814303,17370
