N,K,S,diameter,averageShortestPathLength,edges
5075,3,C(5075;1;137;2443),18,11.705557745368546,15225
5075,3,C(5075;1;686;852),18,11.705557745368546,15225
