N,K,S,diameter,averageShortestPathLength,edges
5150,3,C(5150;1;390;1115),18,11.767916100213634,15450
5150,3,C(5150;1;1650;1814),18,11.767916100213634,15450
