N,K,S,diameter,averageShortestPathLength,edges
5848,3,C(5848;1;1059;1758),19,12.284248332478194,17544
5848,3,C(5848;1;1158;2115),19,12.284248332478194,17544
