N,K,S,diameter,averageShortestPathLength,edges
5295,3,C(5295;1;1315;1574),18,11.878352852285607,15885
5295,3,C(5295;1;1370;2264),18,11.878352852285607,15885
