N,K,S,diameter,averageShortestPathLength,edges
5212,3,C(5212;1;214;273),18,11.822682786413356,15636
5212,3,C(5212;1;1622;2501),18,11.822682786413356,15636
