N,K,S,diameter,averageShortestPathLength,edges
5353,3,C(5353;1;343;1802),18,11.924140508221226,16059
5353,3,C(5353;1;848;1467),18,11.924140508221226,16059
