N,K,S,diameter,averageShortestPathLength,edges
5356,3,C(5356;1;72;2451),18,11.923622782446312,16068
5356,3,C(5356;1;1416;1805),18,11.923622782446312,16068
