N,K,S,diameter,averageShortestPathLength,edges
5527,3,C(5527;1;218;278),18,12.050669562070214,16581
5527,3,C(5527;1;431;1776),18,12.050669562070214,16581
5527,3,C(5527;1;1173;1472),18,12.050669562070214,16581
