N,K,S,diameter,averageShortestPathLength,edges
5080,3,C(5080;1;87;1624),18,11.71037605827919,15240
5080,3,C(5080;1;523;2126),18,11.71037605827919,15240
5080,3,C(5080;1;1253;1958),18,11.71037605827919,15240
5080,3,C(5080;1;1343;1712),18,11.71037605827919,15240
