N,K,S,diameter,averageShortestPathLength,edges
5467,3,C(5467;1;57;1052),18,12.003658982802781,16401
5467,3,C(5467;1;556;1928),18,12.003658982802781,16401
5467,3,C(5467;1;2206;2704),18,12.003658982802781,16401
