N,K,S,diameter,averageShortestPathLength,edges
5299,3,C(5299;1;392;1534),18,11.881087202718007,15897
5299,3,C(5299;1;1779;2100),18,11.881087202718007,15897
