N,K,S,diameter,averageShortestPathLength,edges
5366,3,C(5366;1;258;1327),18,11.920596458527493,16098
5366,3,C(5366;1;1128;2313),18,11.920596458527493,16098
