N,K,S,diameter,averageShortestPathLength,edges
5393,3,C(5393;1;577;1767),18,11.952522255192878,16179
5393,3,C(5393;1;626;1700),18,11.952522255192878,16179
5393,3,C(5393;1;1835;2346),18,11.952522255192878,16179
