N,K,S,diameter,averageShortestPathLength,edges
5728,3,C(5728;1;90;1831),19,12.199930155404225,17184
5728,3,C(5728;1;585;1098),19,12.199930155404225,17184
