N,K,S,diameter,averageShortestPathLength,edges
5667,3,C(5667;1;153;2728),18,12.14472290857748,17001
5667,3,C(5667;1;376;858),18,12.14472290857748,17001
