N,K,S,diameter,averageShortestPathLength,edges
5015,3,C(5015;1;480;1530),17,11.653769445552452,15045
5015,3,C(5015;1;1240;1765),17,11.653769445552452,15045
