N,K,S,diameter,averageShortestPathLength,edges
5152,3,C(5152;1;594;1747),18,11.76820034944671,15456
5152,3,C(5152;1;1062;1563),18,11.76820034944671,15456
