N,K,S,diameter,averageShortestPathLength,edges
5451,3,C(5451;1;1124;2116),18,11.997064220183486,16353
5451,3,C(5451;1;1127;2032),18,11.997064220183486,16353
