N,K,S,diameter,averageShortestPathLength,edges
5215,3,C(5215;1;886;1495),18,11.817031070195627,15645
5215,3,C(5215;1;1136;1770),18,11.817031070195627,15645
