N,K,S,diameter,averageShortestPathLength,edges
5684,3,C(5684;1;228;723),18,12.16558155903572,17052
5684,3,C(5684;1;739;2028),18,12.16558155903572,17052
