N,K,S,diameter,averageShortestPathLength,edges
5213,3,C(5213;1;104;796),18,11.825786646201074,15639
5213,3,C(5213;1;334;1755),18,11.825786646201074,15639
5213,3,C(5213;1;546;2148),18,11.825786646201074,15639
5213,3,C(5213;1;1876;2548),18,11.825786646201074,15639
