N,K,S,diameter,averageShortestPathLength,edges
5312,3,C(5312;1;458;1075),18,11.893805309734514,15936
5312,3,C(5312;1;1349;1650),18,11.893805309734514,15936
