N,K,S,diameter,averageShortestPathLength,edges
5135,3,C(5135;1;165;694),18,11.750292169848072,15405
5135,3,C(5135;1;1724;2035),18,11.750292169848072,15405
