N,K,S,diameter,averageShortestPathLength,edges
5929,3,C(5929;1;487;1889),18,12.338394062078272,17787
5929,3,C(5929;1;1833;2608),18,12.338394062078272,17787
5929,3,C(5929;1;1871;2581),18,12.338394062078272,17787
