N,K,S,diameter,averageShortestPathLength,edges
5087,3,C(5087;1;64;1051),18,11.720802202123476,15261
5087,3,C(5087;1;131;864),18,11.720802202123476,15261
5087,3,C(5087;1;233;2168),18,11.720802202123476,15261
5087,3,C(5087;1;359;2255),18,11.720802202123476,15261
5087,3,C(5087;1;381;2464),18,11.720802202123476,15261
5087,3,C(5087;1;1302;1936),18,11.720802202123476,15261
