N,K,S,diameter,averageShortestPathLength,edges
5761,3,C(5761;1;800;1250),18,12.214583333333334,17283
5761,3,C(5761;1;1145;2522),18,12.214583333333334,17283
5761,3,C(5761;1;1382;1885),18,12.214583333333334,17283
