N,K,S,diameter,averageShortestPathLength,edges
5646,3,C(5646;1;719;904),18,12.133569530558017,16938
5646,3,C(5646;1;784;1225),18,12.133569530558017,16938
