N,K,S,diameter,averageShortestPathLength,edges
5485,3,C(5485;1;570;1620),18,12.020423048869439,16455
5485,3,C(5485;1;1545;2205),18,12.020423048869439,16455
