N,K,S,diameter,averageShortestPathLength,edges
5125,3,C(5125;1;340;776),18,11.749414519906324,15375
5125,3,C(5125;1;601;660),18,11.749414519906324,15375
