N,K,S,diameter,averageShortestPathLength,edges
5072,3,C(5072;1;516;670),18,11.705777953066457,15216
5072,3,C(5072;1;582;648),18,11.705777953066457,15216
