N,K,S,diameter,averageShortestPathLength,edges
5051,3,C(5051;1;402;677),18,11.705346534653465,15153
5051,3,C(5051;1;743;1068),18,11.705346534653465,15153
5051,3,C(5051;1;858;1448),18,11.705346534653465,15153
