N,K,S,diameter,averageShortestPathLength,edges
5344,3,C(5344;1;87;1712),18,11.915216170690623,16032
5344,3,C(5344;1;656;2457),18,11.915216170690623,16032
