N,K,S,diameter,averageShortestPathLength,edges
5949,3,C(5949;1;1148;2443),18,12.347679892400807,17847
5949,3,C(5949;1;1313;2815),18,12.347679892400807,17847
5949,3,C(5949;1;1964;2791),18,12.347679892400807,17847
