N,K,S,diameter,averageShortestPathLength,edges
5602,3,C(5602;1;420;1931),18,12.105338332440635,16806
5602,3,C(5602;1;580;2669),18,12.105338332440635,16806
