N,K,S,diameter,averageShortestPathLength,edges
5068,3,C(5068;1;260;1145),18,11.712650483520822,15204
5068,3,C(5068;1;376;2399),18,11.712650483520822,15204
