N,K,S,diameter,averageShortestPathLength,edges
5939,3,C(5939;1;786;1510),19,12.353654429100708,17817
5939,3,C(5939;1;1176;2148),19,12.353654429100708,17817
5939,3,C(5939;1;1957;2552),19,12.353654429100708,17817
