N,K,S,diameter,averageShortestPathLength,edges
5265,3,C(5265;1;1136;1775),18,11.85904255319149,15795
5265,3,C(5265;1;1256;2305),18,11.85904255319149,15795
