N,K,S,diameter,averageShortestPathLength,edges
5260,3,C(5260;1;1774;2373),18,11.846168473093744,15780
5260,3,C(5260;1;2323;2422),18,11.846168473093744,15780
