N,K,S,diameter,averageShortestPathLength,edges
5545,3,C(5545;1;55;1069),18,12.063492063492063,16635
5545,3,C(5545;1;140;804),18,12.063492063492063,16635
