N,K,S,diameter,averageShortestPathLength,edges
5395,3,C(5395;1;465;1283),18,11.955135335558028,16185
5395,3,C(5395;1;875;1518),18,11.955135335558028,16185
