N,K,S,diameter,averageShortestPathLength,edges
5157,3,C(5157;1;364;2286),18,11.776570985259891,15471
5157,3,C(5157;1;828;2536),18,11.776570985259891,15471
