N,K,S,diameter,averageShortestPathLength,edges
5259,3,C(5259;1;294;821),18,11.855077976416888,15777
5259,3,C(5259;1;916;1095),18,11.855077976416888,15777
