N,K,S,diameter,averageShortestPathLength,edges
5003,3,C(5003;1;65;1967),18,11.664134346261495,15009
5003,3,C(5003;1;117;2401),18,11.664134346261495,15009
5003,3,C(5003;1;1817;2463),18,11.664134346261495,15009
