N,K,S,diameter,averageShortestPathLength,edges
5531,3,C(5531;1;275;882),18,12.050271247739602,16593
5531,3,C(5531;1;972;1812),18,12.050271247739602,16593
5531,3,C(5531;1;1428;1572),18,12.050271247739602,16593
