N,K,S,diameter,averageShortestPathLength,edges
5874,3,C(5874;1;617;674),18,12.294227822237357,17622
5874,3,C(5874;1;1409;1922),18,12.294227822237357,17622
