N,K,S,diameter,averageShortestPathLength,edges
5966,3,C(5966;1;1186;1419),18,12.364794635373009,17898
5966,3,C(5966;1;1506;2695),18,12.364794635373009,17898
