N,K,S,diameter,averageShortestPathLength,edges
5138,3,C(5138;1;1072;2007),18,11.763285964570761,15414
5138,3,C(5138;1;1662;2537),18,11.763285964570761,15414
