N,K,S,diameter,averageShortestPathLength,edges
5207,3,C(5207;1;92;1809),18,11.814444871302344,15621
5207,3,C(5207;1;213;1232),18,11.814444871302344,15621
5207,3,C(5207;1;283;1661),18,11.814444871302344,15621
