N,K,S,diameter,averageShortestPathLength,edges
5481,3,C(5481;1;1041;2237),18,12.016788321167883,16443
5481,3,C(5481;1;1326;1573),18,12.016788321167883,16443
