N,K,S,diameter,averageShortestPathLength,edges
5361,3,C(5361;1;153;2575),18,11.931716417910447,16083
5361,3,C(5361;1;837;1372),18,11.931716417910447,16083
