N,K,S,diameter,averageShortestPathLength,edges
5455,3,C(5455;1;207;264),18,11.995966263292996,16365
5455,3,C(5455;1;448;1738),18,11.995966263292996,16365
5455,3,C(5455;1;1177;1839),18,11.995966263292996,16365
