N,K,S,diameter,averageShortestPathLength,edges
5209,3,C(5209;1;119;427),18,11.814516129032258,15627
5209,3,C(5209;1;171;439),18,11.814516129032258,15627
5209,3,C(5209;1;310;963),18,11.814516129032258,15627
5209,3,C(5209;1;396;1947),18,11.814516129032258,15627
5209,3,C(5209;1;1025;2574),18,11.814516129032258,15627
5209,3,C(5209;1;2207;2349),18,11.814516129032258,15627
