N,K,S,diameter,averageShortestPathLength,edges
5927,3,C(5927;1;160;2535),19,12.333783327708403,17781
5927,3,C(5927;1;823;1286),19,12.333783327708403,17781
5927,3,C(5927;1;852;2392),19,12.333783327708403,17781
