N,K,S,diameter,averageShortestPathLength,edges
5991,3,C(5991;1;167;1629),19,12.386978297161937,17973
5991,3,C(5991;1;225;287),19,12.386978297161937,17973
