N,K,S,diameter,averageShortestPathLength,edges
5907,3,C(5907;1;1174;2586),18,12.314933965458856,17721
5907,3,C(5907;1;1467;1756),18,12.314933965458856,17721
