N,K,S,diameter,averageShortestPathLength,edges
5491,3,C(5491;1;633;1862),18,12.013843351548269,16473
5491,3,C(5491;1;665;1466),18,12.013843351548269,16473
