N,K,S,diameter,averageShortestPathLength,edges
5560,3,C(5560;1;743;1180),18,12.070516279906458,16680
5560,3,C(5560;1;1820;2447),18,12.070516279906458,16680
