N,K,S,diameter,averageShortestPathLength,edges
5539,3,C(5539;1;92;1773),18,12.058143734200073,16617
5539,3,C(5539;1;428;603),18,12.058143734200073,16617
5539,3,C(5539;1;643;1746),18,12.058143734200073,16617
