N,K,S,diameter,averageShortestPathLength,edges
5999,3,C(5999;1;370;847),19,12.386462154051351,17997
5999,3,C(5999;1;1443;1575),19,12.386462154051351,17997
