N,K,S,diameter,averageShortestPathLength,edges
5547,3,C(5547;1;490;1173),18,12.060584204832312,16641
5547,3,C(5547;1;1166;2391),18,12.060584204832312,16641
