N,K,S,diameter,averageShortestPathLength,edges
5341,3,C(5341;1;840;1812),18,11.90936329588015,16023
5341,3,C(5341;1;1379;1518),18,11.90936329588015,16023
