N,K,S,diameter,averageShortestPathLength,edges
5519,3,C(5519;1;181;833),18,12.05219282348677,16557
5519,3,C(5519;1;1358;1822),18,12.05219282348677,16557
5519,3,C(5519;1;1459;1860),18,12.05219282348677,16557
