N,K,S,diameter,averageShortestPathLength,edges
5093,3,C(5093;1;587;1610),18,11.727808326787118,15279
5093,3,C(5093;1;826;1433),18,11.727808326787118,15279
5093,3,C(5093;1;1264;1796),18,11.727808326787118,15279
