N,K,S,diameter,averageShortestPathLength,edges
5305,3,C(5305;1;207;264),18,11.889517345399698,15915
5305,3,C(5305;1;847;1102),18,11.889517345399698,15915
5305,3,C(5305;1;1909;2593),18,11.889517345399698,15915
