N,K,S,diameter,averageShortestPathLength,edges
5998,3,C(5998;1;90;1921),19,12.388027347006837,17994
5998,3,C(5998;1;384;2195),19,12.388027347006837,17994
