N,K,S,diameter,averageShortestPathLength,edges
5336,3,C(5336;1;196;278),18,11.911715089034677,16008
5336,3,C(5336;1;1280;1746),18,11.911715089034677,16008
