N,K,S,diameter,averageShortestPathLength,edges
5681,3,C(5681;1;700;836),18,12.154225352112675,17043
5681,3,C(5681;1;982;2793),18,12.154225352112675,17043
