N,K,S,diameter,averageShortestPathLength,edges
5847,3,C(5847;1;708;1561),18,12.281217926787548,17541
5847,3,C(5847;1;906;2165),18,12.281217926787548,17541
