N,K,S,diameter,averageShortestPathLength,edges
5273,3,C(5273;1;87;1682),18,11.86608497723824,15819
5273,3,C(5273;1;591;992),18,11.86608497723824,15819
5273,3,C(5273;1;717;2089),18,11.86608497723824,15819
5273,3,C(5273;1;1000;1928),18,11.86608497723824,15819
5273,3,C(5273;1;1394;1777),18,11.86608497723824,15819
5273,3,C(5273;1;1490;1640),18,11.86608497723824,15819
