N,K,S,diameter,averageShortestPathLength,edges
5338,3,C(5338;1;342;1797),18,11.907063893573168,16014
5338,3,C(5338;1;2115;2638),18,11.907063893573168,16014
