N,K,S,diameter,averageShortestPathLength,edges
5626,3,C(5626;1;217;1338),18,12.114488888888889,16878
5626,3,C(5626;1;1342;2463),18,12.114488888888889,16878
