N,K,S,diameter,averageShortestPathLength,edges
5437,3,C(5437;1;582;2560),18,11.990802060338485,16311
5437,3,C(5437;1;947;1132),18,11.990802060338485,16311
5437,3,C(5437;1;1154;1448),18,11.990802060338485,16311
