N,K,S,diameter,averageShortestPathLength,edges
5196,3,C(5196;1;373;2530),18,11.795765158806544,15588
5196,3,C(5196;1;599;1762),18,11.795765158806544,15588
