N,K,S,diameter,averageShortestPathLength,edges
5634,3,C(5634;1;1060;2749),18,12.129238416474347,16902
5634,3,C(5634;1;2470;2527),18,12.129238416474347,16902
