N,K,S,diameter,averageShortestPathLength,edges
5632,3,C(5632;1;90;1949),18,12.120760078138874,16896
5632,3,C(5632;1;1205;1442),18,12.120760078138874,16896
