N,K,S,diameter,averageShortestPathLength,edges
5231,3,C(5231;1;347;792),18,11.834416826003824,15693
5231,3,C(5231;1;603;1555),18,11.834416826003824,15693
5231,3,C(5231;1;878;1103),18,11.834416826003824,15693
