N,K,S,diameter,averageShortestPathLength,edges
5819,3,C(5819;1;223;2189),19,12.266414575455483,17457
5819,3,C(5819;1;2156;2218),19,12.266414575455483,17457
