N,K,S,diameter,averageShortestPathLength,edges
5029,3,C(5029;1;238;1248),17,11.677804295942721,15087
5029,3,C(5029;1;486;1981),17,11.677804295942721,15087
5029,3,C(5029;1;1249;1495),17,11.677804295942721,15087
