N,K,S,diameter,averageShortestPathLength,edges
5824,3,C(5824;1;464;1769),18,12.264811952601752,17472
5824,3,C(5824;1;935;2864),18,12.264811952601752,17472
