N,K,S,diameter,averageShortestPathLength,edges
5478,3,C(5478;1;85;1900),18,12.020631732700384,16434
5478,3,C(5478;1;2278;2449),18,12.020631732700384,16434
