N,K,S,diameter,averageShortestPathLength,edges
5985,3,C(5985;1;210;2600),18,12.376002673796792,17955
5985,3,C(5985;1;575;2965),18,12.376002673796792,17955
