N,K,S,diameter,averageShortestPathLength,edges
5092,3,C(5092;1;90;1769),18,11.723237085052054,15276
5092,3,C(5092;1;354;1871),18,11.723237085052054,15276
