N,K,S,diameter,averageShortestPathLength,edges
5495,3,C(5495;1;747;1850),18,12.028394612304332,16485
5495,3,C(5495;1;1508;1660),18,12.028394612304332,16485
