N,K,S,diameter,averageShortestPathLength,edges
5793,3,C(5793;1;689;1734),18,12.243439226519337,17379
5793,3,C(5793;1;1410;2144),18,12.243439226519337,17379
