N,K,S,diameter,averageShortestPathLength,edges
5408,3,C(5408;1;164;2323),18,11.964305529868689,16224
5408,3,C(5408;1;731;908),18,11.964305529868689,16224
