N,K,S,diameter,averageShortestPathLength,edges
5597,3,C(5597;1;459;1979),19,12.103288062902072,16791
5597,3,C(5597;1;642;1963),19,12.103288062902072,16791
5597,3,C(5597;1;1195;2626),19,12.103288062902072,16791
