N,K,S,diameter,averageShortestPathLength,edges
5129,3,C(5129;1;184;698),18,11.753510140405616,15387
5129,3,C(5129;1;992;2116),18,11.753510140405616,15387
