N,K,S,diameter,averageShortestPathLength,edges
5733,3,C(5733;1;360;2411),18,12.19225401256106,17199
5733,3,C(5733;1;730;918),18,12.19225401256106,17199
