N,K,S,diameter,averageShortestPathLength,edges
5787,3,C(5787;1;203;2514),18,12.246111303145524,17361
5787,3,C(5787;1;1470;1910),18,12.246111303145524,17361
