N,K,S,diameter,averageShortestPathLength,edges
5076,3,C(5076;1;1067;2188),18,11.709556650246306,15228
5076,3,C(5076;1;1996;2293),18,11.709556650246306,15228
