N,K,S,diameter,averageShortestPathLength,edges
5065,3,C(5065;1;400;1761),17,11.696682464454977,15195
5065,3,C(5065;1;645;811),17,11.696682464454977,15195
5065,3,C(5065;1;1075;1349),17,11.696682464454977,15195
5065,3,C(5065;1;1435;1789),17,11.696682464454977,15195
