N,K,S,diameter,averageShortestPathLength,edges
5969,3,C(5969;1;62;1152),19,12.367962466487935,17907
5969,3,C(5969;1;487;2399),19,12.367962466487935,17907
5969,3,C(5969;1;1059;2292),19,12.367962466487935,17907
