N,K,S,diameter,averageShortestPathLength,edges
5654,3,C(5654;1;59;1088),18,12.13992570316646,16962
5654,3,C(5654;1;575;1994),18,12.13992570316646,16962
