N,K,S,diameter,averageShortestPathLength,edges
5860,3,C(5860;1;243;2240),19,12.288445127154805,17580
5860,3,C(5860;1;627;1920),19,12.288445127154805,17580
