N,K,S,diameter,averageShortestPathLength,edges
5211,3,C(5211;1;57;1844),18,11.81996161228407,15633
5211,3,C(5211;1;1704;2224),18,11.81996161228407,15633
