N,K,S,diameter,averageShortestPathLength,edges
5603,3,C(5603;1;248;927),19,12.106033559443055,16809
5603,3,C(5603;1;433;610),19,12.106033559443055,16809
5603,3,C(5603;1;647;2460),19,12.106033559443055,16809
