N,K,S,diameter,averageShortestPathLength,edges
5820,3,C(5820;1;93;2014),18,12.257088846880908,17460
5820,3,C(5820;1;706;1618),18,12.257088846880908,17460
