N,K,S,diameter,averageShortestPathLength,edges
5613,3,C(5613;1;203;288),18,12.114754098360656,16839
5613,3,C(5613;1;553;2100),18,12.114754098360656,16839
