N,K,S,diameter,averageShortestPathLength,edges
5871,3,C(5871;1;398;1772),18,12.291311754684838,17613
5871,3,C(5871;1;412;694),18,12.291311754684838,17613
5871,3,C(5871;1;565;2906),18,12.291311754684838,17613
5871,3,C(5871;1;878;2816),18,12.291311754684838,17613
5871,3,C(5871;1;1133;2411),18,12.291311754684838,17613
