N,K,S,diameter,averageShortestPathLength,edges
5797,3,C(5797;1;786;1139),18,12.248447204968944,17391
5797,3,C(5797;1;1717;2869),18,12.248447204968944,17391
