N,K,S,diameter,averageShortestPathLength,edges
5123,3,C(5123;1;107;786),18,11.750488090589613,15369
5123,3,C(5123;1;1580;2114),18,11.750488090589613,15369
5123,3,C(5123;1;1597;2379),18,11.750488090589613,15369
