N,K,S,diameter,averageShortestPathLength,edges
5168,3,C(5168;1;825;2328),18,11.787497580801238,15504
5168,3,C(5168;1;1209;2008),18,11.787497580801238,15504
