N,K,S,diameter,averageShortestPathLength,edges
5296,3,C(5296;1;720;1783),18,11.877620396600566,15888
5296,3,C(5296;1;1040;1399),18,11.877620396600566,15888
