N,K,S,diameter,averageShortestPathLength,edges
5662,3,C(5662;1;95;1963),19,12.154213036565977,16986
5662,3,C(5662;1;143;821),19,12.154213036565977,16986
5662,3,C(5662;1;145;2731),19,12.154213036565977,16986
5662,3,C(5662;1;323;2619),19,12.154213036565977,16986
5662,3,C(5662;1;1465;2421),19,12.154213036565977,16986
