N,K,S,diameter,averageShortestPathLength,edges
5579,3,C(5579;1;597;1828),18,12.090713517389746,16737
5579,3,C(5579;1;1109;1327),18,12.090713517389746,16737
5579,3,C(5579;1;1625;2509),18,12.090713517389746,16737
5579,3,C(5579;1;1873;2211),18,12.090713517389746,16737
5579,3,C(5579;1;1938;2133),18,12.090713517389746,16737
5579,3,C(5579;1;1979;2371),18,12.090713517389746,16737
