N,K,S,diameter,averageShortestPathLength,edges
5409,3,C(5409;1;309;1727),18,11.964497041420119,16227
5409,3,C(5409;1;1115;1641),18,11.964497041420119,16227
