N,K,S,diameter,averageShortestPathLength,edges
5661,3,C(5661;1;447;622),18,12.150883392226149,16983
5661,3,C(5661;1;719;1284),18,12.150883392226149,16983
