N,K,S,diameter,averageShortestPathLength,edges
5843,3,C(5843;1;182;1310),18,12.272851763094831,17529
5843,3,C(5843;1;281;1445),18,12.272851763094831,17529
5843,3,C(5843;1;1484;2151),18,12.272851763094831,17529
