N,K,S,diameter,averageShortestPathLength,edges
5174,3,C(5174;1;794;1121),18,11.783491204330176,15522
5174,3,C(5174;1;2050;2557),18,11.783491204330176,15522
