N,K,S,diameter,averageShortestPathLength,edges
5447,3,C(5447;1;87;1885),18,11.989349981637899,16341
5447,3,C(5447;1;1440;1794),18,11.989349981637899,16341
