N,K,S,diameter,averageShortestPathLength,edges
5836,3,C(5836;1;637;2802),18,12.276435304198801,17508
5836,3,C(5836;1;1718;2153),18,12.276435304198801,17508
