N,K,S,diameter,averageShortestPathLength,edges
5327,3,C(5327;1;182;2340),18,11.903867818250093,15981
5327,3,C(5327;1;494;651),18,11.903867818250093,15981
