N,K,S,diameter,averageShortestPathLength,edges
5347,3,C(5347;1;479;604),18,11.91208380097269,16041
5347,3,C(5347;1;480;1182),18,11.91208380097269,16041
5347,3,C(5347;1;841;1814),18,11.91208380097269,16041
5347,3,C(5347;1;961;1310),18,11.91208380097269,16041
5347,3,C(5347;1;1117;1391),18,11.91208380097269,16041
5347,3,C(5347;1;1685;1849),18,11.91208380097269,16041
