N,K,S,diameter,averageShortestPathLength,edges
5133,3,C(5133;1;174;765),18,11.743180046765394,15399
5133,3,C(5133;1;1008;1356),18,11.743180046765394,15399
