N,K,S,diameter,averageShortestPathLength,edges
5525,3,C(5525;1;354;1860),18,12.044895003620566,16575
5525,3,C(5525;1;2440;2544),18,12.044895003620566,16575
