N,K,S,diameter,averageShortestPathLength,edges
5262,3,C(5262;1;142;2533),18,11.847367420642463,15786
5262,3,C(5262;1;349;2200),18,11.847367420642463,15786
