N,K,S,diameter,averageShortestPathLength,edges
5903,3,C(5903;1;447;1278),19,12.325652321247034,17709
5903,3,C(5903;1;449;1231),19,12.325652321247034,17709
5903,3,C(5903;1;2000;2647),19,12.325652321247034,17709
