N,K,S,diameter,averageShortestPathLength,edges
5019,3,C(5019;1;697;1089),17,11.661219609406137,15057
5019,3,C(5019;1;1685;1989),17,11.661219609406137,15057
