N,K,S,diameter,averageShortestPathLength,edges
5454,3,C(5454;1;152;1483),18,11.999633229415,16362
5454,3,C(5454;1;445;2192),18,11.999633229415,16362
