N,K,S,diameter,averageShortestPathLength,edges
5323,3,C(5323;1;65;2095),18,11.90379556557685,15969
5323,3,C(5323;1;216;249),18,11.90379556557685,15969
5323,3,C(5323;1;2293;2489),18,11.90379556557685,15969
