N,K,S,diameter,averageShortestPathLength,edges
5492,3,C(5492;1;493;1214),18,12.023675104716808,16476
5492,3,C(5492;1;557;682),18,12.023675104716808,16476
