N,K,S,diameter,averageShortestPathLength,edges
5704,3,C(5704;1;365;2724),19,12.179905312993162,17112
5704,3,C(5704;1;706;2430),19,12.179905312993162,17112
5704,3,C(5704;1;797;2196),19,12.179905312993162,17112
5704,3,C(5704;1;1196;2237),19,12.179905312993162,17112
5704,3,C(5704;1;1380;1637),19,12.179905312993162,17112
