N,K,S,diameter,averageShortestPathLength,edges
5198,3,C(5198;1;55;1836),18,11.812391764479507,15594
5198,3,C(5198;1;189;1262),18,11.812391764479507,15594
