N,K,S,diameter,averageShortestPathLength,edges
5226,3,C(5226;1;284;1667),18,11.823732057416269,15678
5226,3,C(5226;1;511;1204),18,11.823732057416269,15678
