N,K,S,diameter,averageShortestPathLength,edges
5649,3,C(5649;1;59;1087),18,12.137747875354108,16947
5649,3,C(5649;1;383;1705),18,12.137747875354108,16947
5649,3,C(5649;1;1663;2084),18,12.137747875354108,16947
