N,K,S,diameter,averageShortestPathLength,edges
5611,3,C(5611;1;115;1581),18,12.111586452762923,16833
5611,3,C(5611;1;279;1171),18,12.111586452762923,16833
