N,K,S,diameter,averageShortestPathLength,edges
5197,3,C(5197;1;57;1001),18,11.799076212471132,15591
5197,3,C(5197;1;1550;2353),18,11.799076212471132,15591
5197,3,C(5197;1;2191;2409),18,11.799076212471132,15591
