N,K,S,diameter,averageShortestPathLength,edges
5923,3,C(5923;1;900;2902),19,12.335697399527186,17769
5923,3,C(5923;1;1359;2190),19,12.335697399527186,17769
5923,3,C(5923;1;1800;2718),19,12.335697399527186,17769
