N,K,S,diameter,averageShortestPathLength,edges
5203,3,C(5203;1;815;1180),18,11.81045751633987,15609
5203,3,C(5203;1;851;1566),18,11.81045751633987,15609
5203,3,C(5203;1;881;1020),18,11.81045751633987,15609
