N,K,S,diameter,averageShortestPathLength,edges
5021,3,C(5021;1;56;1774),18,11.66613545816733,15063
5021,3,C(5021;1;211;269),18,11.66613545816733,15063
5021,3,C(5021;1;784;1285),18,11.66613545816733,15063
