N,K,S,diameter,averageShortestPathLength,edges
5132,3,C(5132;1;847;1020),18,11.754238939777821,15396
5132,3,C(5132;1;904;1745),18,11.754238939777821,15396
