N,K,S,diameter,averageShortestPathLength,edges
5033,3,C(5033;1;65;1778),18,11.681637519872814,15099
5033,3,C(5033;1;542;2373),18,11.681637519872814,15099
