N,K,S,diameter,averageShortestPathLength,edges
5541,3,C(5541;1;93;1921),18,12.060649819494586,16623
5541,3,C(5541;1;1223;2622),18,12.060649819494586,16623
