N,K,S,diameter,averageShortestPathLength,edges
5822,3,C(5822;1;1478;1959),19,12.263356811544408,17466
5822,3,C(5822;1;1986;2223),19,12.263356811544408,17466
