N,K,S,diameter,averageShortestPathLength,edges
5623,3,C(5623;1;345;2259),19,12.124866595517609,16869
5623,3,C(5623;1;1068;2295),19,12.124866595517609,16869
5623,3,C(5623;1;1092;1669),19,12.124866595517609,16869
