N,K,S,diameter,averageShortestPathLength,edges
5054,3,C(5054;1;851;2306),18,11.701365525430438,15162
5054,3,C(5054;1;1069;1238),18,11.701365525430438,15162
