N,K,S,diameter,averageShortestPathLength,edges
5414,3,C(5414;1;229;264),18,11.972104193607981,16242
5414,3,C(5414;1;310;505),18,11.972104193607981,16242
5414,3,C(5414;1;1651;2520),18,11.972104193607981,16242
5414,3,C(5414;1;1915;2058),18,11.972104193607981,16242
