N,K,S,diameter,averageShortestPathLength,edges
5664,3,C(5664;1;770;1907),18,12.148331273176762,16992
5664,3,C(5664;1;1093;2326),18,12.148331273176762,16992
