N,K,S,diameter,averageShortestPathLength,edges
5674,3,C(5674;1;1227;2544),19,12.154768200246783,17022
5674,3,C(5674;1;1954;2437),19,12.154768200246783,17022
