N,K,S,diameter,averageShortestPathLength,edges
5257,3,C(5257;1;226;2159),18,11.84855403348554,15771
5257,3,C(5257;1;535;1475),18,11.84855403348554,15771
5257,3,C(5257;1;2245;2559),18,11.84855403348554,15771
