N,K,S,diameter,averageShortestPathLength,edges
5584,3,C(5584;1;359;1136),18,12.092781658606484,16752
5584,3,C(5584;1;672;1431),18,12.092781658606484,16752
