N,K,S,diameter,averageShortestPathLength,edges
5079,3,C(5079;1;211;269),18,11.709728239464356,15237
5079,3,C(5079;1;284;793),18,11.709728239464356,15237
5079,3,C(5079;1;337;769),18,11.709728239464356,15237
