N,K,S,diameter,averageShortestPathLength,edges
5566,3,C(5566;1;1577;1966),18,12.070799640610961,16698
5566,3,C(5566;1;2246;2753),18,12.070799640610961,16698
