N,K,S,diameter,averageShortestPathLength,edges
5067,3,C(5067;1;134;1905),18,11.711804184761153,15201
5067,3,C(5067;1;1158;2231),18,11.711804184761153,15201
