N,K,S,diameter,averageShortestPathLength,edges
5147,3,C(5147;1;90;1644),18,11.768363777691411,15441
5147,3,C(5147;1;668;2116),18,11.768363777691411,15441
5147,3,C(5147;1;2273;2370),18,11.768363777691411,15441
