N,K,S,diameter,averageShortestPathLength,edges
5048,3,C(5048;1;288;2335),18,11.697245888646721,15144
5048,3,C(5048;1;960;1055),18,11.697245888646721,15144
