N,K,S,diameter,averageShortestPathLength,edges
5970,3,C(5970;1;710;1787),19,12.370246272407439,17910
5970,3,C(5970;1;1343;1670),19,12.370246272407439,17910
