N,K,S,diameter,averageShortestPathLength,edges
5446,3,C(5446;1;1175;1836),18,11.98971533516988,16338
5446,3,C(5446;1;1202;2577),18,11.98971533516988,16338
