N,K,S,diameter,averageShortestPathLength,edges
5389,3,C(5389;1;56;1040),18,11.950631031922791,16167
5389,3,C(5389;1;57;2197),18,11.950631031922791,16167
5389,3,C(5389;1;1251;2291),18,11.950631031922791,16167
