N,K,S,diameter,averageShortestPathLength,edges
5989,3,C(5989;1;220;312),19,12.382431529726119,17967
5989,3,C(5989;1;245;1417),19,12.382431529726119,17967
5989,3,C(5989;1;1306;2553),19,12.382431529726119,17967
