N,K,S,diameter,averageShortestPathLength,edges
5330,3,C(5330;1;263;1722),18,11.903358979170577,15990
5330,3,C(5330;1;574;2513),18,11.903358979170577,15990
