N,K,S,diameter,averageShortestPathLength,edges
5629,3,C(5629;1;631;1059),18,12.125088841506752,16887
5629,3,C(5629;1;691;2588),18,12.125088841506752,16887
5629,3,C(5629;1;1429;2364),18,12.125088841506752,16887
