N,K,S,diameter,averageShortestPathLength,edges
5946,3,C(5946;1;1250;2563),18,12.347182506307822,17838
5946,3,C(5946;1;1501;2686),18,12.347182506307822,17838
