N,K,S,diameter,averageShortestPathLength,edges
5609,3,C(5609;1;215;2110),18,12.114122681883025,16827
5609,3,C(5609;1;529;1555),18,12.114122681883025,16827
5609,3,C(5609;1;887;1836),18,12.114122681883025,16827
