N,K,S,diameter,averageShortestPathLength,edges
6740,3,C(6740;1;887;2556),20,12.874462086362962,20220
6740,3,C(6740;1;1117;2708),20,12.874462086362962,20220
