N,K,S,diameter,averageShortestPathLength,edges
6415,3,C(6415;1;772;1644),19,12.663236669784846,19245
6415,3,C(6415;1;1797;3033),19,12.663236669784846,19245
6415,3,C(6415;1;2829;2888),19,12.663236669784846,19245
