N,K,S,diameter,averageShortestPathLength,edges
6371,3,C(6371;1;227;322),19,12.636106750392464,19113
6371,3,C(6371;1;2300;2975),19,12.636106750392464,19113
