N,K,S,diameter,averageShortestPathLength,edges
6477,3,C(6477;1;370;2068),19,12.710006176652254,19431
6477,3,C(6477;1;949;1372),19,12.710006176652254,19431
6477,3,C(6477;1;1231;3181),19,12.710006176652254,19431
6477,3,C(6477;1;1336;1628),19,12.710006176652254,19431
6477,3,C(6477;1;2081;2273),19,12.710006176652254,19431
6477,3,C(6477;1;2851;3154),19,12.710006176652254,19431
