N,K,S,diameter,averageShortestPathLength,edges
6771,3,C(6771;1;349;2351),20,12.90162481536189,20313
6771,3,C(6771;1;2281;2909),20,12.90162481536189,20313
6771,3,C(6771;1;2302;3337),20,12.90162481536189,20313
