N,K,S,diameter,averageShortestPathLength,edges
6964,3,C(6964;1;1304;2357),20,13.01723395088324,20892
6964,3,C(6964;1;1924;2343),20,13.01723395088324,20892
