N,K,S,diameter,averageShortestPathLength,edges
6487,3,C(6487;1;586;1068),19,12.722479185938946,19461
6487,3,C(6487;1;821;2690),19,12.722479185938946,19461
6487,3,C(6487;1;1762;2217),19,12.722479185938946,19461
