N,K,S,diameter,averageShortestPathLength,edges
6420,3,C(6420;1;374;2152),19,12.666770525003894,19260
6420,3,C(6420;1;751;1402),19,12.666770525003894,19260
6420,3,C(6420;1;1118;1231),19,12.666770525003894,19260
