N,K,S,diameter,averageShortestPathLength,edges
6999,3,C(6999;1;1391;3064),20,13.043155187196342,20997
6999,3,C(6999;1;2068;2257),20,13.043155187196342,20997
6999,3,C(6999;1;2483;3346),20,13.043155187196342,20997
