N,K,S,diameter,averageShortestPathLength,edges
6782,3,C(6782;1;1025;2582),20,12.90001474708745,20346
6782,3,C(6782;1;1162;1277),20,12.90001474708745,20346
