N,K,S,diameter,averageShortestPathLength,edges
6736,3,C(6736;1;578;2731),19,12.873793615441722,20208
6736,3,C(6736;1;794;957),19,12.873793615441722,20208
