N,K,S,diameter,averageShortestPathLength,edges
6495,3,C(6495;1;216;827),19,12.719125346473668,19485
6495,3,C(6495;1;322;1893),19,12.719125346473668,19485
6495,3,C(6495;1;1748;2543),19,12.719125346473668,19485
6495,3,C(6495;1;1874;2102),19,12.719125346473668,19485
6495,3,C(6495;1;1979;3058),19,12.719125346473668,19485
