N,K,S,diameter,averageShortestPathLength,edges
6926,3,C(6926;1;376;1841),20,12.995379061371841,20778
6926,3,C(6926;1;1334;2707),20,12.995379061371841,20778
6926,3,C(6926;1;2426;3321),20,12.995379061371841,20778
6926,3,C(6926;1;2957;3254),20,12.995379061371841,20778
