N,K,S,diameter,averageShortestPathLength,edges
6861,3,C(6861;1;180;937),19,12.958892128279883,20583
6861,3,C(6861;1;886;1677),19,12.958892128279883,20583
