N,K,S,diameter,averageShortestPathLength,edges
6672,3,C(6672;1;65;2102),20,12.839154549542798,20016
6672,3,C(6672;1;1610;1745),20,12.839154549542798,20016
