N,K,S,diameter,averageShortestPathLength,edges
6616,3,C(6616;1;807;2126),19,12.797430083144368,19848
6616,3,C(6616;1;951;2670),19,12.797430083144368,19848
