N,K,S,diameter,averageShortestPathLength,edges
6218,3,C(6218;1;753;1660),19,12.533858774328454,18654
6218,3,C(6218;1;1030;1891),19,12.533858774328454,18654
