N,K,S,diameter,averageShortestPathLength,edges
6168,3,C(6168;1;158;2975),19,12.495216474785147,18504
6168,3,C(6168;1;481;1982),19,12.495216474785147,18504
