N,K,S,diameter,averageShortestPathLength,edges
6692,3,C(6692;1;227;322),20,12.846659692123747,20076
6692,3,C(6692;1;737;3094),20,12.846659692123747,20076
