N,K,S,diameter,averageShortestPathLength,edges
6971,3,C(6971;1;112;935),20,13.028981348637016,20913
6971,3,C(6971;1;693;1805),20,13.028981348637016,20913
6971,3,C(6971;1;1260;1700),20,13.028981348637016,20913
