N,K,S,diameter,averageShortestPathLength,edges
6817,3,C(6817;1;70;2147),20,12.932511737089202,20451
6817,3,C(6817;1;1051;1251),20,12.932511737089202,20451
6817,3,C(6817;1;1266;1881),20,12.932511737089202,20451
