N,K,S,diameter,averageShortestPathLength,edges
6701,3,C(6701;1;181;2866),19,12.855820895522388,20103
6701,3,C(6701;1;1666;3057),19,12.855820895522388,20103
6701,3,C(6701;1;1798;2911),19,12.855820895522388,20103
