N,K,S,diameter,averageShortestPathLength,edges
6541,3,C(6541;1;319;1466),19,12.756574923547401,19623
6541,3,C(6541;1;1084;2628),19,12.756574923547401,19623
6541,3,C(6541;1;1768;2194),19,12.756574923547401,19623
