N,K,S,diameter,averageShortestPathLength,edges
6163,3,C(6163;1;198;833),19,12.501785134696528,18489
6163,3,C(6163;1;1021;1221),19,12.501785134696528,18489
6163,3,C(6163;1;2019;2957),19,12.501785134696528,18489
