N,K,S,diameter,averageShortestPathLength,edges
6900,3,C(6900;1;342;2011),20,12.975938541817655,20700
6900,3,C(6900;1;2491;3222),20,12.975938541817655,20700
