N,K,S,diameter,averageShortestPathLength,edges
6751,3,C(6751;1;796;1660),19,12.884740740740741,20253
6751,3,C(6751;1;1338;1610),19,12.884740740740741,20253
6751,3,C(6751;1;2926;3191),19,12.884740740740741,20253
