N,K,S,diameter,averageShortestPathLength,edges
6884,3,C(6884;1;1731;2428),20,12.968327764056371,20652
6884,3,C(6884;1;1893;2308),20,12.968327764056371,20652
