N,K,S,diameter,averageShortestPathLength,edges
6317,3,C(6317;1;408;2390),20,12.610196326789106,18951
6317,3,C(6317;1;449;780),20,12.610196326789106,18951
6317,3,C(6317;1;785;1887),20,12.610196326789106,18951
