N,K,S,diameter,averageShortestPathLength,edges
6721,3,C(6721;1;141;1498),20,12.863988095238096,20163
6721,3,C(6721;1;1512;1880),20,12.863988095238096,20163
