N,K,S,diameter,averageShortestPathLength,edges
6955,3,C(6955;1;665;2927),19,13.010353753235547,20865
6955,3,C(6955;1;820;3348),19,13.010353753235547,20865
