N,K,S,diameter,averageShortestPathLength,edges
6308,3,C(6308;1;606;3125),19,12.593784683684795,18924
6308,3,C(6308;1;1326;2719),19,12.593784683684795,18924
