N,K,S,diameter,averageShortestPathLength,edges
6908,3,C(6908;1;677;2886),20,12.983495005067322,20724
6908,3,C(6908;1;2494;2653),20,12.983495005067322,20724
