N,K,S,diameter,averageShortestPathLength,edges
6333,3,C(6333;1;678;1624),19,12.614655716993051,18999
6333,3,C(6333;1;1049;1926),19,12.614655716993051,18999
