N,K,S,diameter,averageShortestPathLength,edges
6100,3,C(6100;1;213;302),19,12.457779963928513,18300
6100,3,C(6100;1;1946;2377),19,12.457779963928513,18300
