N,K,S,diameter,averageShortestPathLength,edges
6269,3,C(6269;1;320;1036),19,12.577536694320358,18807
6269,3,C(6269;1;1301;2566),19,12.577536694320358,18807
6269,3,C(6269;1;2426;2919),19,12.577536694320358,18807
