N,K,S,diameter,averageShortestPathLength,edges
6775,3,C(6775;1;1913;2530),19,12.897254207263064,20325
6775,3,C(6775;1;2360;2727),19,12.897254207263064,20325
