N,K,S,diameter,averageShortestPathLength,edges
6982,3,C(6982;1;366;1035),19,13.020627417275461,20946
6982,3,C(6982;1;823;992),19,13.020627417275461,20946
