N,K,S,diameter,averageShortestPathLength,edges
6205,3,C(6205;1;472;1294),19,12.522566086395873,18615
6205,3,C(6205;1;1233;2248),19,12.522566086395873,18615
6205,3,C(6205;1;2201;2637),19,12.522566086395873,18615
