N,K,S,diameter,averageShortestPathLength,edges
6364,3,C(6364;1;62;2005),19,12.631777463460631,19092
6364,3,C(6364;1;2717;2990),19,12.631777463460631,19092
