N,K,S,diameter,averageShortestPathLength,edges
6027,3,C(6027;1;911;1414),19,12.403252572187188,18081
6027,3,C(6027;1;2198;2428),19,12.403252572187188,18081
