N,K,S,diameter,averageShortestPathLength,edges
6111,3,C(6111;1;552;1006),19,12.46481178396072,18333
6111,3,C(6111;1;2363;2733),19,12.46481178396072,18333
