N,K,S,diameter,averageShortestPathLength,edges
6196,3,C(6196;1;130;1381),19,12.518482647296207,18588
6196,3,C(6196;1;534;1005),19,12.518482647296207,18588
6196,3,C(6196;1;802;1512),19,12.518482647296207,18588
