N,K,S,diameter,averageShortestPathLength,edges
6872,3,C(6872;1;705;3244),20,12.967981370979478,20616
6872,3,C(6872;1;718;1400),20,12.967981370979478,20616
6872,3,C(6872;1;1969;3348),20,12.967981370979478,20616
