N,K,S,diameter,averageShortestPathLength,edges
6724,3,C(6724;1;372;1427),19,12.86018146660717,20172
6724,3,C(6724;1;928;2045),19,12.86018146660717,20172
