N,K,S,diameter,averageShortestPathLength,edges
6765,3,C(6765;1;106;3203),20,12.894441159077468,20295
6765,3,C(6765;1;2488;2657),20,12.894441159077468,20295
6765,3,C(6765;1;2489;3097),20,12.894441159077468,20295
