N,K,S,diameter,averageShortestPathLength,edges
6305,3,C(6305;1;355;2537),19,12.600253807106599,18915
6305,3,C(6305;1;1705;2438),19,12.600253807106599,18915
