N,K,S,diameter,averageShortestPathLength,edges
6356,3,C(6356;1;198;1425),19,12.620456333595595,19068
6356,3,C(6356;1;522;2025),19,12.620456333595595,19068
