N,K,S,diameter,averageShortestPathLength,edges
6444,3,C(6444;1;103;2230),19,12.682911687102282,19332
6444,3,C(6444;1;1001;2606),19,12.682911687102282,19332
