N,K,S,diameter,averageShortestPathLength,edges
6969,3,C(6969;1;406;2336),20,13.017508610792193,20907
6969,3,C(6969;1;746;1787),20,13.017508610792193,20907
6969,3,C(6969;1;1768;2569),20,13.017508610792193,20907
