N,K,S,diameter,averageShortestPathLength,edges
6959,3,C(6959;1;360;2419),20,13.01609657947686,20877
6959,3,C(6959;1;374;2339),20,13.01609657947686,20877
6959,3,C(6959;1;397;3219),20,13.01609657947686,20877
