N,K,S,diameter,averageShortestPathLength,edges
6094,3,C(6094;1;738;1627),19,12.442474971278516,18282
6094,3,C(6094;1;802;2311),19,12.442474971278516,18282
