N,K,S,diameter,averageShortestPathLength,edges
6637,3,C(6637;1;626;1840),20,12.810427968655818,19911
6637,3,C(6637;1;786;1634),20,12.810427968655818,19911
6637,3,C(6637;1;2187;2852),20,12.810427968655818,19911
