N,K,S,diameter,averageShortestPathLength,edges
6753,3,C(6753;1;295;1417),19,12.879739336492891,20259
6753,3,C(6753;1;1277;1973),19,12.879739336492891,20259
6753,3,C(6753;1;1900;2147),19,12.879739336492891,20259
