N,K,S,diameter,averageShortestPathLength,edges
6677,3,C(6677;1;331;1946),19,12.831036548831635,20031
6677,3,C(6677;1;573;2707),19,12.831036548831635,20031
6677,3,C(6677;1;1660;3046),19,12.831036548831635,20031
