N,K,S,diameter,averageShortestPathLength,edges
6417,3,C(6417;1;370;1443),19,12.663341645885287,19251
6417,3,C(6417;1;1162;1929),19,12.663341645885287,19251
