N,K,S,diameter,averageShortestPathLength,edges
6421,3,C(6421;1;475;2811),19,12.665420560747664,19263
6421,3,C(6421;1;757;2576),19,12.665420560747664,19263
6421,3,C(6421;1;845;2435),19,12.665420560747664,19263
