N,K,S,diameter,averageShortestPathLength,edges
6881,3,C(6881;1;509;1992),19,12.971220930232558,20643
6881,3,C(6881;1;1116;2760),19,12.971220930232558,20643
6881,3,C(6881;1;1153;3258),19,12.971220930232558,20643
