N,K,S,diameter,averageShortestPathLength,edges
6904,3,C(6904;1;2449;2934),20,12.978270317253369,20712
6904,3,C(6904;1;3039;3362),20,12.978270317253369,20712
