N,K,S,diameter,averageShortestPathLength,edges
6005,3,C(6005;1;95;1926),19,12.392071952031978,18015
6005,3,C(6005;1;2435;2566),19,12.392071952031978,18015
