N,K,S,diameter,averageShortestPathLength,edges
6664,3,C(6664;1;191;1490),19,12.825904247336036,19992
6664,3,C(6664;1;690;3175),19,12.825904247336036,19992
