N,K,S,diameter,averageShortestPathLength,edges
6963,3,C(6963;1;649;2456),20,13.020396437805228,20889
6963,3,C(6963;1;1874;2299),20,13.020396437805228,20889
