N,K,S,diameter,averageShortestPathLength,edges
6369,3,C(6369;1;172;2724),19,12.63285175879397,19107
6369,3,C(6369;1;1497;2555),19,12.63285175879397,19107
