N,K,S,diameter,averageShortestPathLength,edges
6350,3,C(6350;1;137;1422),19,12.62435029138447,19050
6350,3,C(6350;1;927;2606),19,12.62435029138447,19050
