N,K,S,diameter,averageShortestPathLength,edges
6795,3,C(6795;1;376;1442),19,12.905210479835148,20385
6795,3,C(6795;1;1027;2587),19,12.905210479835148,20385
6795,3,C(6795;1;1052;3271),19,12.905210479835148,20385
