N,K,S,diameter,averageShortestPathLength,edges
6733,3,C(6733;1;1486;3186),19,12.87789661319073,20199
6733,3,C(6733;1;1629;2415),19,12.87789661319073,20199
6733,3,C(6733;1;2265;2779),19,12.87789661319073,20199
