N,K,S,diameter,averageShortestPathLength,edges
6280,3,C(6280;1;2277;2448),19,12.581143494186973,18840
6280,3,C(6280;1;2384;2667),19,12.581143494186973,18840
