N,K,S,diameter,averageShortestPathLength,edges
6915,3,C(6915;1;302;1451),20,12.989875614694823,20745
6915,3,C(6915;1;443;1444),20,12.989875614694823,20745
6915,3,C(6915;1;893;2638),20,12.989875614694823,20745
