N,K,S,diameter,averageShortestPathLength,edges
6267,3,C(6267;1;199;339),19,12.568464730290456,18801
6267,3,C(6267;1;852;2110),19,12.568464730290456,18801
