N,K,S,diameter,averageShortestPathLength,edges
6445,3,C(6445;1;553;2613),19,12.679702048417132,19335
6445,3,C(6445;1;1068;2336),19,12.679702048417132,19335
6445,3,C(6445;1;2839;2902),19,12.679702048417132,19335
