N,K,S,diameter,averageShortestPathLength,edges
6481,3,C(6481;1;166;3126),19,12.700925925925926,19443
6481,3,C(6481;1;175;2772),19,12.700925925925926,19443
6481,3,C(6481;1;1074;2349),19,12.700925925925926,19443
