N,K,S,diameter,averageShortestPathLength,edges
6694,3,C(6694;1;522;2151),19,12.840878529807261,20082
6694,3,C(6694;1;812;1861),19,12.840878529807261,20082
