N,K,S,diameter,averageShortestPathLength,edges
6261,3,C(6261;1;553;1324),19,12.566773162939297,18783
6261,3,C(6261;1;926;2638),19,12.566773162939297,18783
6261,3,C(6261;1;2180;2833),19,12.566773162939297,18783
