N,K,S,diameter,averageShortestPathLength,edges
6731,3,C(6731;1;1338;1601),19,12.874294205052006,20193
6731,3,C(6731;1;1806;2924),19,12.874294205052006,20193
6731,3,C(6731;1;2573;3133),19,12.874294205052006,20193
