N,K,S,diameter,averageShortestPathLength,edges
6518,3,C(6518;1;182;2651),20,12.741598895197177,19554
6518,3,C(6518;1;1131;2734),20,12.741598895197177,19554
6518,3,C(6518;1;1642;2213),20,12.741598895197177,19554
6518,3,C(6518;1;2047;2114),20,12.741598895197177,19554
