N,K,S,diameter,averageShortestPathLength,edges
6180,3,C(6180;1;488;679),19,12.506554458650267,18540
6180,3,C(6180;1;1228;2239),19,12.506554458650267,18540
