N,K,S,diameter,averageShortestPathLength,edges
6166,3,C(6166;1;418;1861),19,12.500405515004054,18498
6166,3,C(6166;1;2147;2790),19,12.500405515004054,18498
