N,K,S,diameter,averageShortestPathLength,edges
6062,3,C(6062;1;649;1260),19,12.433591816531925,18186
6062,3,C(6062;1;2167;2520),19,12.433591816531925,18186
