N,K,S,diameter,averageShortestPathLength,edges
6718,3,C(6718;1;333;1958),19,12.858270061039155,20154
6718,3,C(6718;1;2568;3127),19,12.858270061039155,20154
