N,K,S,diameter,averageShortestPathLength,edges
6839,3,C(6839;1;562;2744),20,12.941795846738813,20517
6839,3,C(6839;1;864;2317),20,12.941795846738813,20517
