N,K,S,diameter,averageShortestPathLength,edges
6838,3,C(6838;1;1081;1650),19,12.939739651894106,20514
6838,3,C(6838;1;1254;3283),19,12.939739651894106,20514
