N,K,S,diameter,averageShortestPathLength,edges
6241,3,C(6241;1;631;2227),19,12.548397435897435,18723
6241,3,C(6241;1;633;775),19,12.548397435897435,18723
6241,3,C(6241;1;1522;2312),19,12.548397435897435,18723
