N,K,S,diameter,averageShortestPathLength,edges
6433,3,C(6433;1;487;3065),19,12.676616915422885,19299
6433,3,C(6433;1;552;1362),19,12.676616915422885,19299
6433,3,C(6433;1;1955;2952),19,12.676616915422885,19299
