N,K,S,diameter,averageShortestPathLength,edges
6707,3,C(6707;1;239;339),20,12.854160453325381,20121
6707,3,C(6707;1;449;2050),20,12.854160453325381,20121
6707,3,C(6707;1;1168;1286),20,12.854160453325381,20121
