N,K,S,diameter,averageShortestPathLength,edges
6170,3,C(6170;1;158;2976),19,12.486302480142649,18510
6170,3,C(6170;1;352;2854),19,12.486302480142649,18510
