N,K,S,diameter,averageShortestPathLength,edges
6086,3,C(6086;1;1545;2556),19,12.445686113393592,18258
6086,3,C(6086;1;2525;2740),19,12.445686113393592,18258
