N,K,S,diameter,averageShortestPathLength,edges
6278,3,C(6278;1;650;2991),19,12.567787159471084,18834
6278,3,C(6278;1;2227;2668),19,12.567787159471084,18834
