N,K,S,diameter,averageShortestPathLength,edges
6281,3,C(6281;1;830;2796),19,12.57515923566879,18843
6281,3,C(6281;1;1413;1757),19,12.57515923566879,18843
6281,3,C(6281;1;2187;2842),19,12.57515923566879,18843
