N,K,S,diameter,averageShortestPathLength,edges
6262,3,C(6262;1;100;2167),19,12.564286855134963,18786
6262,3,C(6262;1;393;1728),19,12.564286855134963,18786
