N,K,S,diameter,averageShortestPathLength,edges
6464,3,C(6464;1;98;3055),19,12.706947238124711,19392
6464,3,C(6464;1;1022;2319),19,12.706947238124711,19392
