N,K,S,diameter,averageShortestPathLength,edges
6118,3,C(6118;1;236;1455),19,12.46329900277914,18354
6118,3,C(6118;1;349;2830),19,12.46329900277914,18354
