N,K,S,diameter,averageShortestPathLength,edges
6766,3,C(6766;1;453;2068),20,12.894752402069475,20298
6766,3,C(6766;1;1867;2430),20,12.894752402069475,20298
