N,K,S,diameter,averageShortestPathLength,edges
6651,3,C(6651;1;784;945),19,12.815037593984963,19953
6651,3,C(6651;1;1790;2196),19,12.815037593984963,19953
