N,K,S,diameter,averageShortestPathLength,edges
6913,3,C(6913;1;1625;2202),19,12.990451388888889,20739
6913,3,C(6913;1;1686;2561),19,12.990451388888889,20739
6913,3,C(6913;1;1718;3130),19,12.990451388888889,20739
