N,K,S,diameter,averageShortestPathLength,edges
6544,3,C(6544;1;478;1645),20,12.753935503591624,19632
6544,3,C(6544;1;2363;2598),20,12.753935503591624,19632
