N,K,S,diameter,averageShortestPathLength,edges
6322,3,C(6322;1;2415;2894),19,12.604176554342667,18966
6322,3,C(6322;1;2792;2911),19,12.604176554342667,18966
