N,K,S,diameter,averageShortestPathLength,edges
6942,3,C(6942;1;158;3343),20,13.011237573836622,20826
6942,3,C(6942;1;461;3418),20,13.011237573836622,20826
