N,K,S,diameter,averageShortestPathLength,edges
6154,3,C(6154;1;660;719),18,12.490004875670405,18462
6154,3,C(6154;1;1942;2679),18,12.490004875670405,18462
