N,K,S,diameter,averageShortestPathLength,edges
6585,3,C(6585;1;1730;3037),20,12.777642770352369,19755
6585,3,C(6585;1;1817;2365),20,12.777642770352369,19755
