N,K,S,diameter,averageShortestPathLength,edges
6830,3,C(6830;1;1522;2588),20,12.939376189778883,20490
6830,3,C(6830;1;1964;2754),20,12.939376189778883,20490
