N,K,S,diameter,averageShortestPathLength,edges
6353,3,C(6353;1;522;2549),19,12.627518891687657,19059
6353,3,C(6353;1;1202;2949),19,12.627518891687657,19059
6353,3,C(6353;1;1533;1792),19,12.627518891687657,19059
6353,3,C(6353;1;1747;2130),19,12.627518891687657,19059
6353,3,C(6353;1;2131;2988),19,12.627518891687657,19059
6353,3,C(6353;1;2271;2641),19,12.627518891687657,19059
