N,K,S,diameter,averageShortestPathLength,edges
6675,3,C(6675;1;787;2855),19,12.830985915492958,20025
6675,3,C(6675;1;3160;3223),19,12.830985915492958,20025
