N,K,S,diameter,averageShortestPathLength,edges
6237,3,C(6237;1;482;679),19,12.54842847979474,18711
6237,3,C(6237;1;1721;2240),19,12.54842847979474,18711
