N,K,S,diameter,averageShortestPathLength,edges
6711,3,C(6711;1;1040;1649),20,12.8602086438152,20133
6711,3,C(6711;1;2123;2315),20,12.8602086438152,20133
6711,3,C(6711;1;2954;3268),20,12.8602086438152,20133
