N,K,S,diameter,averageShortestPathLength,edges
6502,3,C(6502;1;683;746),19,12.722350407629595,19506
6502,3,C(6502;1;1685;2124),19,12.722350407629595,19506
