N,K,S,diameter,averageShortestPathLength,edges
6953,3,C(6953;1;150;1557),20,13.012658227848101,20859
6953,3,C(6953;1;788;3188),20,13.012658227848101,20859
6953,3,C(6953;1;2157;3184),20,13.012658227848101,20859
