N,K,S,diameter,averageShortestPathLength,edges
6539,3,C(6539;1;940;2639),19,12.756806362802081,19617
6539,3,C(6539;1;1248;2233),19,12.756806362802081,19617
