N,K,S,diameter,averageShortestPathLength,edges
6107,3,C(6107;1;923;2325),19,12.457255158860137,18321
6107,3,C(6107;1;2697;2812),19,12.457255158860137,18321
