N,K,S,diameter,averageShortestPathLength,edges
6279,3,C(6279;1;153;3034),19,12.573431028990123,18837
6279,3,C(6279;1;180;863),19,12.573431028990123,18837
