N,K,S,diameter,averageShortestPathLength,edges
6202,3,C(6202;1;978;2879),19,12.525237864860506,18606
6202,3,C(6202;1;1327;1588),19,12.525237864860506,18606
