N,K,S,diameter,averageShortestPathLength,edges
6211,3,C(6211;1;390;2612),19,12.530112721417069,18633
6211,3,C(6211;1;1139;2982),19,12.530112721417069,18633
6211,3,C(6211;1;1927;2414),19,12.530112721417069,18633
