N,K,S,diameter,averageShortestPathLength,edges
6643,3,C(6643;1;1203;1997),19,12.81541704305932,19929
6643,3,C(6643;1;1620;2461),19,12.81541704305932,19929
6643,3,C(6643;1;2343;2507),19,12.81541704305932,19929
