N,K,S,diameter,averageShortestPathLength,edges
6194,3,C(6194;1;315;1322),19,12.526400775068625,18582
6194,3,C(6194;1;2045;2906),19,12.526400775068625,18582
