N,K,S,diameter,averageShortestPathLength,edges
6383,3,C(6383;1;76;2754),20,12.657474146035726,19149
6383,3,C(6383;1;84;1548),20,12.657474146035726,19149
6383,3,C(6383;1;1138;2874),20,12.657474146035726,19149
