N,K,S,diameter,averageShortestPathLength,edges
6939,3,C(6939;1;1869;2087),20,13.001441337561257,20817
6939,3,C(6939;1;2004;3142),20,13.001441337561257,20817
