N,K,S,diameter,averageShortestPathLength,edges
6150,3,C(6150;1;884;2482),19,12.483005366726298,18450
6150,3,C(6150;1;1562;2264),19,12.483005366726298,18450
