N,K,S,diameter,averageShortestPathLength,edges
6695,3,C(6695;1;187;2723),20,12.853002688975202,20085
6695,3,C(6695;1;659;3258),20,12.853002688975202,20085
6695,3,C(6695;1;1458;1849),20,12.853002688975202,20085
