N,K,S,diameter,averageShortestPathLength,edges
6127,3,C(6127;1;1288;2641),19,12.466862553052563,18381
6127,3,C(6127;1;1649;2023),19,12.466862553052563,18381
6127,3,C(6127;1;2212;2861),19,12.466862553052563,18381
