N,K,S,diameter,averageShortestPathLength,edges
6565,3,C(6565;1;704;767),19,12.763254113345521,19695
6565,3,C(6565;1;774;2808),19,12.763254113345521,19695
