N,K,S,diameter,averageShortestPathLength,edges
6054,3,C(6054;1;155;2920),19,12.419296216752024,18162
6054,3,C(6054;1;800;2695),19,12.419296216752024,18162
