N,K,S,diameter,averageShortestPathLength,edges
6754,3,C(6754;1;169;2900),19,12.878572486302383,20262
6754,3,C(6754;1;1119;3180),19,12.878572486302383,20262
