N,K,S,diameter,averageShortestPathLength,edges
6440,3,C(6440;1;247;2374),19,12.683335921726977,19320
6440,3,C(6440;1;1998;2503),19,12.683335921726977,19320
