N,K,S,diameter,averageShortestPathLength,edges
6028,3,C(6028;1;470;1937),18,12.403019744483158,18084
6028,3,C(6028;1;1438;2639),18,12.403019744483158,18084
