N,K,S,diameter,averageShortestPathLength,edges
6681,3,C(6681;1;679;985),20,12.845808383233534,20043
6681,3,C(6681;1;1684;2942),20,12.845808383233534,20043
6681,3,C(6681;1;2279;2551),20,12.845808383233534,20043
