N,K,S,diameter,averageShortestPathLength,edges
6805,3,C(6805;1;431;2624),20,12.921810699588477,20415
6805,3,C(6805;1;436;1421),20,12.921810699588477,20415
6805,3,C(6805;1;796;1486),20,12.921810699588477,20415
