N,K,S,diameter,averageShortestPathLength,edges
6191,3,C(6191;1;730;2648),19,12.520840064620355,18573
6191,3,C(6191;1;1930;2875),19,12.520840064620355,18573
6191,3,C(6191;1;2146;2677),19,12.520840064620355,18573
