N,K,S,diameter,averageShortestPathLength,edges
6332,3,C(6332;1;88;1533),19,12.616174380034749,18996
6332,3,C(6332;1;95;2028),19,12.616174380034749,18996
