N,K,S,diameter,averageShortestPathLength,edges
6542,3,C(6542;1;586;739),20,12.752637211435561,19626
6542,3,C(6542;1;707;3110),20,12.752637211435561,19626
6542,3,C(6542;1;731;3206),20,12.752637211435561,19626
6542,3,C(6542;1;1212;3001),20,12.752637211435561,19626
