N,K,S,diameter,averageShortestPathLength,edges
6273,3,C(6273;1;2071;2943),19,12.566326530612244,18819
6273,3,C(6273;1;2970;3032),19,12.566326530612244,18819
