N,K,S,diameter,averageShortestPathLength,edges
6161,3,C(6161;1;1021;2233),19,12.494155844155845,18483
6161,3,C(6161;1;1056;1615),19,12.494155844155845,18483
6161,3,C(6161;1;1065;3029),19,12.494155844155845,18483
