N,K,S,diameter,averageShortestPathLength,edges
6631,3,C(6631;1;347;2935),19,12.809351432880845,19893
6631,3,C(6631;1;637;3285),19,12.809351432880845,19893
6631,3,C(6631;1;1499;2618),19,12.809351432880845,19893
