N,K,S,diameter,averageShortestPathLength,edges
6473,3,C(6473;1;1634;2924),19,12.706427688504327,19419
6473,3,C(6473;1;1644;2383),19,12.706427688504327,19419
6473,3,C(6473;1;1714;2061),19,12.706427688504327,19419
