N,K,S,diameter,averageShortestPathLength,edges
6974,3,C(6974;1;232;329),20,13.02294564749749,20922
6974,3,C(6974;1;826;1717),20,13.02294564749749,20922
