N,K,S,diameter,averageShortestPathLength,edges
6106,3,C(6106;1;59;1264),19,12.465028665028665,18318
6106,3,C(6106;1;207;910),19,12.465028665028665,18318
