N,K,S,diameter,averageShortestPathLength,edges
6593,3,C(6593;1;147;1117),20,12.78640776699029,19779
6593,3,C(6593;1;187;897),20,12.78640776699029,19779
6593,3,C(6593;1;242;2609),20,12.78640776699029,19779
