N,K,S,diameter,averageShortestPathLength,edges
6843,3,C(6843;1;613;773),20,12.94855305466238,20529
6843,3,C(6843;1;1352;1574),20,12.94855305466238,20529
6843,3,C(6843;1;2461;3133),20,12.94855305466238,20529
