N,K,S,diameter,averageShortestPathLength,edges
6876,3,C(6876;1;65;1328),19,12.965236363636363,20628
6876,3,C(6876;1;232;1481),19,12.965236363636363,20628
