N,K,S,diameter,averageShortestPathLength,edges
6801,3,C(6801;1;728;1744),19,12.908823529411764,20403
6801,3,C(6801;1;1127;2465),19,12.908823529411764,20403
6801,3,C(6801;1;3223;3286),19,12.908823529411764,20403
