N,K,S,diameter,averageShortestPathLength,edges
6781,3,C(6781;1;103;3216),19,12.898525073746313,20343
6781,3,C(6781;1;395;2273),19,12.898525073746313,20343
6781,3,C(6781;1;1963;2351),19,12.898525073746313,20343
