N,K,S,diameter,averageShortestPathLength,edges
6709,3,C(6709;1;221;1462),20,12.864937388193201,20127
6709,3,C(6709;1;425;2587),20,12.864937388193201,20127
6709,3,C(6709;1;540;681),20,12.864937388193201,20127
6709,3,C(6709;1;856;2373),20,12.864937388193201,20127
6709,3,C(6709;1;917;2325),20,12.864937388193201,20127
6709,3,C(6709;1;1014;1574),20,12.864937388193201,20127
