N,K,S,diameter,averageShortestPathLength,edges
6808,3,C(6808;1;548;691),20,12.924636403702072,20424
6808,3,C(6808;1;2069;3124),20,12.924636403702072,20424
