N,K,S,diameter,averageShortestPathLength,edges
6293,3,C(6293;1;150;3025),19,12.588684043229497,18879
6293,3,C(6293;1;312;2771),19,12.588684043229497,18879
6293,3,C(6293;1;1069;1804),19,12.588684043229497,18879
