N,K,S,diameter,averageShortestPathLength,edges
6863,3,C(6863;1;1299;3374),19,12.951617604197027,20589
6863,3,C(6863;1;1931;2182),19,12.951617604197027,20589
6863,3,C(6863;1;3021;3342),19,12.951617604197027,20589
