N,K,S,diameter,averageShortestPathLength,edges
6488,3,C(6488;1;158;3135),19,12.712501926930784,19464
6488,3,C(6488;1;625;1430),19,12.712501926930784,19464
