N,K,S,diameter,averageShortestPathLength,edges
6960,3,C(6960;1;1757;3144),19,13.020405230636586,20880
6960,3,C(6960;1;2232;3173),19,13.020405230636586,20880
