N,K,S,diameter,averageShortestPathLength,edges
6890,3,C(6890;1;397;906),20,12.970097256495864,20670
6890,3,C(6890;1;1282;1857),20,12.970097256495864,20670
