N,K,S,diameter,averageShortestPathLength,edges
6453,3,C(6453;1;1629;2915),19,12.69125852448853,19359
6453,3,C(6453;1;2574;2807),19,12.69125852448853,19359
