N,K,S,diameter,averageShortestPathLength,edges
6752,3,C(6752;1;280;2581),20,12.881795289586728,20256
6752,3,C(6752;1;1533;2888),20,12.881795289586728,20256
