N,K,S,diameter,averageShortestPathLength,edges
6967,3,C(6967;1;217;1562),19,13.018087855297157,20901
6967,3,C(6967;1;281;1726),19,13.018087855297157,20901
6967,3,C(6967;1;553;2119),19,13.018087855297157,20901
