N,K,S,diameter,averageShortestPathLength,edges
6391,3,C(6391;1;265;2443),19,12.645070422535211,19173
6391,3,C(6391;1;2267;2716),19,12.645070422535211,19173
