N,K,S,diameter,averageShortestPathLength,edges
6478,3,C(6478;1;322;1033),19,12.706345530338119,19434
6478,3,C(6478;1;2383;2922),19,12.706345530338119,19434
