N,K,S,diameter,averageShortestPathLength,edges
6380,3,C(6380;1;353;1354),19,12.630976642106914,19140
6380,3,C(6380;1;683;1636),19,12.630976642106914,19140
6380,3,C(6380;1;1268;2793),19,12.630976642106914,19140
6380,3,C(6380;1;1717;2498),19,12.630976642106914,19140
