N,K,S,diameter,averageShortestPathLength,edges
6777,3,C(6777;1;296;1422),19,12.898760330578513,20331
6777,3,C(6777;1;2404;2880),19,12.898760330578513,20331
