N,K,S,diameter,averageShortestPathLength,edges
6026,3,C(6026;1;1688;2849),19,12.412282157676348,18078
6026,3,C(6026;1;1774;2223),19,12.412282157676348,18078
