N,K,S,diameter,averageShortestPathLength,edges
6764,3,C(6764;1;468;3178),19,12.893686233919858,20292
6764,3,C(6764;1;568;1300),19,12.893686233919858,20292
