N,K,S,diameter,averageShortestPathLength,edges
6576,3,C(6576;1;575;3268),19,12.775665399239545,19728
6576,3,C(6576;1;772;1441),19,12.775665399239545,19728
