N,K,S,diameter,averageShortestPathLength,edges
6639,3,C(6639;1;1674;1928),19,12.811087677011148,19917
6639,3,C(6639;1;1881;2345),19,12.811087677011148,19917
