N,K,S,diameter,averageShortestPathLength,edges
6004,3,C(6004;1;187;1346),19,12.395468932200567,18012
6004,3,C(6004;1;899;2754),19,12.395468932200567,18012
