N,K,S,diameter,averageShortestPathLength,edges
6093,3,C(6093;1;2056;2960),19,12.455351280367696,18279
6093,3,C(6093;1;2356;2725),19,12.455351280367696,18279
6093,3,C(6093;1;2888;2947),19,12.455351280367696,18279
