N,K,S,diameter,averageShortestPathLength,edges
6217,3,C(6217;1;247;2642),19,12.53925353925354,18651
6217,3,C(6217;1;405;3024),19,12.53925353925354,18651
6217,3,C(6217;1;407;1182),19,12.53925353925354,18651
6217,3,C(6217;1;407;1386),19,12.53925353925354,18651
6217,3,C(6217;1;1729;2276),19,12.53925353925354,18651
6217,3,C(6217;1;2276;2517),19,12.53925353925354,18651
