N,K,S,diameter,averageShortestPathLength,edges
6997,3,C(6997;1;441;2549),20,13.043453401943967,20991
6997,3,C(6997;1;549;2786),20,13.043453401943967,20991
6997,3,C(6997;1;1640;2253),20,13.043453401943967,20991
