N,K,S,diameter,averageShortestPathLength,edges
6862,3,C(6862;1;236;1613),19,12.952193557790409,20586
6862,3,C(6862;1;868;2795),19,12.952193557790409,20586
