N,K,S,diameter,averageShortestPathLength,edges
6151,3,C(6151;1;1187;2526),19,12.489430894308944,18453
6151,3,C(6151;1;1444;2101),19,12.489430894308944,18453
6151,3,C(6151;1;1821;3047),19,12.489430894308944,18453
