N,K,S,diameter,averageShortestPathLength,edges
6734,3,C(6734;1;756;2461),20,12.872567948908362,20202
6734,3,C(6734;1;1297;2632),20,12.872567948908362,20202
