N,K,S,diameter,averageShortestPathLength,edges
6029,3,C(6029;1;81;2759),19,12.415726609157266,18087
6029,3,C(6029;1;625;2985),19,12.415726609157266,18087
6029,3,C(6029;1;1746;2754),19,12.415726609157266,18087
