N,K,S,diameter,averageShortestPathLength,edges
6257,3,C(6257;1;660;719),19,12.554667519181585,18771
6257,3,C(6257;1;671;731),19,12.554667519181585,18771
6257,3,C(6257;1;1204;2210),19,12.554667519181585,18771
