N,K,S,diameter,averageShortestPathLength,edges
6851,3,C(6851;1;660;1510),20,12.952116788321169,20553
6851,3,C(6851;1;681;1774),20,12.952116788321169,20553
6851,3,C(6851;1;737;3008),20,12.952116788321169,20553
