N,K,S,diameter,averageShortestPathLength,edges
6288,3,C(6288;1;158;3035),19,12.582789883887386,18864
6288,3,C(6288;1;985;1426),19,12.582789883887386,18864
6288,3,C(6288;1;1042;2279),19,12.582789883887386,18864
6288,3,C(6288;1;1210;2221),19,12.582789883887386,18864
