N,K,S,diameter,averageShortestPathLength,edges
6917,3,C(6917;1;173;2970),20,12.990167727009831,20751
6917,3,C(6917;1;1902;2319),20,12.990167727009831,20751
6917,3,C(6917;1;1982;3370),20,12.990167727009831,20751
