N,K,S,diameter,averageShortestPathLength,edges
6095,3,C(6095;1;713;1331),19,12.446340662947161,18285
6095,3,C(6095;1;751;897),19,12.446340662947161,18285
