N,K,S,diameter,averageShortestPathLength,edges
6811,3,C(6811;1;1288;1990),20,12.919236417033774,20433
6811,3,C(6811;1;2506;3118),20,12.919236417033774,20433
