N,K,S,diameter,averageShortestPathLength,edges
6756,3,C(6756;1;103;2334),19,12.887046632124353,20268
6756,3,C(6756;1;1158;1771),19,12.887046632124353,20268
