N,K,S,diameter,averageShortestPathLength,edges
6189,3,C(6189;1;242;1054),19,12.520038784744667,18567
6189,3,C(6189;1;1192;2419),19,12.520038784744667,18567
6189,3,C(6189;1;1202;1837),19,12.520038784744667,18567
