N,K,S,diameter,averageShortestPathLength,edges
6349,3,C(6349;1;483;1324),19,12.623818525519848,19047
6349,3,C(6349;1;820;2422),19,12.623818525519848,19047
