N,K,S,diameter,averageShortestPathLength,edges
6776,3,C(6776;1;375;1438),19,12.899630996309963,20328
6776,3,C(6776;1;1825;2038),19,12.899630996309963,20328
