N,K,S,diameter,averageShortestPathLength,edges
6009,3,C(6009;1;289;1486),18,12.390146471371505,18027
6009,3,C(6009;1;352;2681),18,12.390146471371505,18027
6009,3,C(6009;1;1102;2885),18,12.390146471371505,18027
