N,K,S,diameter,averageShortestPathLength,edges
6226,3,C(6226;1;923;2474),18,12.5370281124498,18678
6226,3,C(6226;1;1198;2199),18,12.5370281124498,18678
