N,K,S,diameter,averageShortestPathLength,edges
6436,3,C(6436;1;1625;2116),20,12.682051282051281,19308
6436,3,C(6436;1;2313;2948),20,12.682051282051281,19308
