N,K,S,diameter,averageShortestPathLength,edges
6471,3,C(6471;1;670;3083),19,12.691499227202472,19413
6471,3,C(6471;1;763;3115),19,12.691499227202472,19413
6471,3,C(6471;1;785;1799),19,12.691499227202472,19413
