N,K,S,diameter,averageShortestPathLength,edges
6931,3,C(6931;1;412;1748),20,13.001154401154402,20793
6931,3,C(6931;1;936;3295),20,13.001154401154402,20793
6931,3,C(6931;1;1207;1329),20,13.001154401154402,20793
