N,K,S,diameter,averageShortestPathLength,edges
6759,3,C(6759;1;580;1431),20,12.887836638058598,20277
6759,3,C(6759;1;1177;1296),20,12.887836638058598,20277
