N,K,S,diameter,averageShortestPathLength,edges
6197,3,C(6197;1;495;1284),19,12.528728211749517,18591
6197,3,C(6197;1;651;711),19,12.528728211749517,18591
6197,3,C(6197;1;767;2640),19,12.528728211749517,18591
