N,K,S,diameter,averageShortestPathLength,edges
6041,3,C(6041;1;163;2908),19,12.418543046357616,18123
6041,3,C(6041;1;1094;1816),19,12.418543046357616,18123
6041,3,C(6041;1;1423;2391),19,12.418543046357616,18123
