N,K,S,diameter,averageShortestPathLength,edges
6277,3,C(6277;1;312;1001),19,12.576481835564053,18831
6277,3,C(6277;1;1187;1834),19,12.576481835564053,18831
6277,3,C(6277;1;1304;2571),19,12.576481835564053,18831
