N,K,S,diameter,averageShortestPathLength,edges
6970,3,C(6970;1;277;2962),20,13.021236906299325,20910
6970,3,C(6970;1;2013;3156),20,13.021236906299325,20910
