N,K,S,diameter,averageShortestPathLength,edges
6013,3,C(6013;1;394;1892),19,12.399534264803727,18039
6013,3,C(6013;1;960;1249),19,12.399534264803727,18039
6013,3,C(6013;1;1735;2335),19,12.399534264803727,18039
