N,K,S,diameter,averageShortestPathLength,edges
6008,3,C(6008;1;765;962),18,12.386049608789746,18024
6008,3,C(6008;1;1326;2843),18,12.386049608789746,18024
