N,K,S,diameter,averageShortestPathLength,edges
6494,3,C(6494;1;1562;1705),19,12.721546280609887,19482
6494,3,C(6494;1;2251;2808),19,12.721546280609887,19482
