N,K,S,diameter,averageShortestPathLength,edges
6794,3,C(6794;1;174;3277),20,12.907257470925954,20382
6794,3,C(6794;1;2886;3029),20,12.907257470925954,20382
