N,K,S,diameter,averageShortestPathLength,edges
6743,3,C(6743;1;795;3246),19,12.877187778107386,20229
6743,3,C(6743;1;866;1585),19,12.877187778107386,20229
6743,3,C(6743;1;1162;2515),19,12.877187778107386,20229
