N,K,S,diameter,averageShortestPathLength,edges
6037,3,C(6037;1;646;1978),19,12.409211398277005,18111
6037,3,C(6037;1;1953;2872),19,12.409211398277005,18111
6037,3,C(6037;1;2408;2626),19,12.409211398277005,18111
