N,K,S,diameter,averageShortestPathLength,edges
6791,3,C(6791;1;1542;2107),19,12.907216494845361,20373
6791,3,C(6791;1;1946;2124),19,12.907216494845361,20373
6791,3,C(6791;1;2409;2886),19,12.907216494845361,20373
