N,K,S,diameter,averageShortestPathLength,edges
6745,3,C(6745;1;272;1671),19,12.881079478054566,20235
6745,3,C(6745;1;1013;3096),19,12.881079478054566,20235
6745,3,C(6745;1;1618;2207),19,12.881079478054566,20235
