N,K,S,diameter,averageShortestPathLength,edges
6441,3,C(6441;1;100;2234),19,12.683229813664596,19323
6441,3,C(6441;1;1456;2543),19,12.683229813664596,19323
6441,3,C(6441;1;1697;2512),19,12.683229813664596,19323
