N,K,S,diameter,averageShortestPathLength,edges
6579,3,C(6579;1;513;2114),19,12.770446944359987,19737
6579,3,C(6579;1;694;756),19,12.770446944359987,19737
