N,K,S,diameter,averageShortestPathLength,edges
6304,3,C(6304;1;153;3028),19,12.591940345867048,18912
6304,3,C(6304;1;2988;3049),19,12.591940345867048,18912
