N,K,S,diameter,averageShortestPathLength,edges
6112,3,C(6112;1;536;923),19,12.468663066601211,18336
6112,3,C(6112;1;1331;1688),19,12.468663066601211,18336
