N,K,S,diameter,averageShortestPathLength,edges
6357,3,C(6357;1;684;2621),19,12.63215859030837,19071
6357,3,C(6357;1;2430;2959),19,12.63215859030837,19071
