N,K,S,diameter,averageShortestPathLength,edges
6922,3,C(6922;1;1280;3118),20,12.990463805808409,20766
6922,3,C(6922;1;2646;3222),20,12.990463805808409,20766
