N,K,S,diameter,averageShortestPathLength,edges
6047,3,C(6047;1;460;1261),19,12.418127687727424,18141
6047,3,C(6047;1;1354;2140),19,12.418127687727424,18141
6047,3,C(6047;1;1913;2086),19,12.418127687727424,18141
