N,K,S,diameter,averageShortestPathLength,edges
6560,3,C(6560;1;62;1267),19,12.759262082634548,19680
6560,3,C(6560;1;2506;3003),19,12.759262082634548,19680
