N,K,S,diameter,averageShortestPathLength,edges
6899,3,C(6899;1;543;3298),20,12.975355175413164,20697
6899,3,C(6899;1;592;2797),20,12.975355175413164,20697
6899,3,C(6899;1;1423;1734),20,12.975355175413164,20697
