N,K,S,diameter,averageShortestPathLength,edges
6425,3,C(6425;1;64;2027),19,12.671232876712329,19275
6425,3,C(6425;1;1737;1943),19,12.671232876712329,19275
6425,3,C(6425;1;2309;2943),19,12.671232876712329,19275
