N,K,S,diameter,averageShortestPathLength,edges
6625,3,C(6625;1;1313;1580),19,12.803140096618357,19875
6625,3,C(6625;1;1877;2340),19,12.803140096618357,19875
