N,K,S,diameter,averageShortestPathLength,edges
6819,3,C(6819;1;1236;3217),19,12.932531534174245,20457
6819,3,C(6819;1;1995;2887),19,12.932531534174245,20457
