N,K,S,diameter,averageShortestPathLength,edges
6894,3,C(6894;1;510;3018),19,12.969824459596692,20682
6894,3,C(6894;1;738;3246),19,12.969824459596692,20682
