N,K,S,diameter,averageShortestPathLength,edges
6323,3,C(6323;1;105;2024),19,12.614046187915216,18969
6323,3,C(6323;1;225;1515),19,12.614046187915216,18969
6323,3,C(6323;1;814;2308),19,12.614046187915216,18969
6323,3,C(6323;1;1043;1927),19,12.614046187915216,18969
6323,3,C(6323;1;1184;2140),19,12.614046187915216,18969
6323,3,C(6323;1;2473;2944),19,12.614046187915216,18969
