N,K,S,diameter,averageShortestPathLength,edges
6419,3,C(6419;1;1735;2153),19,12.678716110937987,19257
6419,3,C(6419;1;2041;2575),19,12.678716110937987,19257
6419,3,C(6419;1;2277;2728),19,12.678716110937987,19257
