N,K,S,diameter,averageShortestPathLength,edges
6877,3,C(6877;1;674;2873),19,12.964223385689355,20631
6877,3,C(6877;1;1255;2067),19,12.964223385689355,20631
