N,K,S,diameter,averageShortestPathLength,edges
6105,3,C(6105;1;210;1435),18,12.451507208387943,18315
6105,3,C(6105;1;320;905),18,12.451507208387943,18315
