N,K,S,diameter,averageShortestPathLength,edges
6946,3,C(6946;1;288;1039),20,13.006911447084233,20838
6946,3,C(6946;1;1317;2734),20,13.006911447084233,20838
