N,K,S,diameter,averageShortestPathLength,edges
6556,3,C(6556;1;485;2870),19,12.75163996948894,19668
6556,3,C(6556;1;1541;2630),19,12.75163996948894,19668
