N,K,S,diameter,averageShortestPathLength,edges
6748,3,C(6748;1;754;3307),20,12.885282347710094,20244
6748,3,C(6748;1;1522;2669),20,12.885282347710094,20244
