N,K,S,diameter,averageShortestPathLength,edges
6251,3,C(6251;1;1071;1177),19,12.55552,18753
6251,3,C(6251;1;1603;2374),19,12.55552,18753
