N,K,S,diameter,averageShortestPathLength,edges
6290,3,C(6290;1;457;754),19,12.583399586579743,18870
6290,3,C(6290;1;757;1612),19,12.583399586579743,18870
