N,K,S,diameter,averageShortestPathLength,edges
6381,3,C(6381;1;550;1035),19,12.641065830721002,19143
6381,3,C(6381;1;756;2564),19,12.641065830721002,19143
