N,K,S,diameter,averageShortestPathLength,edges
6287,3,C(6287;1;321;1039),19,12.583837098313714,18861
6287,3,C(6287;1;593;1743),19,12.583837098313714,18861
6287,3,C(6287;1;1371;2680),19,12.583837098313714,18861
