N,K,S,diameter,averageShortestPathLength,edges
6239,3,C(6239;1;414;2988),19,12.553061878807309,18717
6239,3,C(6239;1;821;2366),19,12.553061878807309,18717
6239,3,C(6239;1;854;2067),19,12.553061878807309,18717
