N,K,S,diameter,averageShortestPathLength,edges
6785,3,C(6785;1;101;3210),20,12.912146226415095,20355
6785,3,C(6785;1;640;1881),20,12.912146226415095,20355
