N,K,S,diameter,averageShortestPathLength,edges
6229,3,C(6229;1;639;1567),19,12.545600513808607,18687
6229,3,C(6229;1;1238;2727),19,12.545600513808607,18687
6229,3,C(6229;1;1503;1757),19,12.545600513808607,18687
