N,K,S,diameter,averageShortestPathLength,edges
6698,3,C(6698;1;68;1389),19,12.856054949977603,20094
6698,3,C(6698;1;2305;2686),19,12.856054949977603,20094
