N,K,S,diameter,averageShortestPathLength,edges
6310,3,C(6310;1;536;1417),19,12.601363132033603,18930
6310,3,C(6310;1;2467;2788),19,12.601363132033603,18930
