N,K,S,diameter,averageShortestPathLength,edges
6398,3,C(6398;1;1397;1566),19,12.651711739878067,19194
6398,3,C(6398;1;1951;2978),19,12.651711739878067,19194
6398,3,C(6398;1;2263;2432),19,12.651711739878067,19194
6398,3,C(6398;1;2354;2929),19,12.651711739878067,19194
