N,K,S,diameter,averageShortestPathLength,edges
6601,3,C(6601;1;1023;1622),20,12.790606060606061,19803
6601,3,C(6601;1;1034;1497),20,12.790606060606061,19803
6601,3,C(6601;1;2804;2943),20,12.790606060606061,19803
