N,K,S,diameter,averageShortestPathLength,edges
6920,3,C(6920;1;227;322),20,12.987570458158693,20760
6920,3,C(6920;1;2806;2957),20,12.987570458158693,20760
