N,K,S,diameter,averageShortestPathLength,edges
6214,3,C(6214;1;355;1984),19,12.536938676967649,18642
6214,3,C(6214;1;362;2083),19,12.536938676967649,18642
