N,K,S,diameter,averageShortestPathLength,edges
6676,3,C(6676;1;171;3220),19,12.835205992509364,20028
6676,3,C(6676;1;1913;2088),19,12.835205992509364,20028
