N,K,S,diameter,averageShortestPathLength,edges
6465,3,C(6465;1;1067;1285),19,12.694925742574258,19395
6465,3,C(6465;1;1642;2380),19,12.694925742574258,19395
