N,K,S,diameter,averageShortestPathLength,edges
6547,3,C(6547;1;664;813),19,12.750381912618392,19641
6547,3,C(6547;1;721;3027),19,12.750381912618392,19641
6547,3,C(6547;1;790;1675),19,12.750381912618392,19641
