N,K,S,diameter,averageShortestPathLength,edges
6581,3,C(6581;1;413;1816),19,12.770516717325227,19743
6581,3,C(6581;1;1308;2881),19,12.770516717325227,19743
6581,3,C(6581;1;1605;2438),19,12.770516717325227,19743
