N,K,S,diameter,averageShortestPathLength,edges
6493,3,C(6493;1;682;745),19,12.719654959950709,19479
6493,3,C(6493;1;695;1665),19,12.719654959950709,19479
6493,3,C(6493;1;1072;2605),19,12.719654959950709,19479
