N,K,S,diameter,averageShortestPathLength,edges
6626,3,C(6626;1;378;3065),19,12.80377358490566,19878
6626,3,C(6626;1;521;1842),19,12.80377358490566,19878
