N,K,S,diameter,averageShortestPathLength,edges
6512,3,C(6512;1;986;2531),19,12.730302564890186,19536
6512,3,C(6512;1;1253;1822),19,12.730302564890186,19536
