N,K,S,diameter,averageShortestPathLength,edges
6367,3,C(6367;1;163;3071),19,12.629594721960414,19101
6367,3,C(6367;1;624;2660),19,12.629594721960414,19101
6367,3,C(6367;1;1153;1914),19,12.629594721960414,19101
