N,K,S,diameter,averageShortestPathLength,edges
6895,3,C(6895;1;832;1764),20,12.973020017406441,20685
6895,3,C(6895;1;2422;3058),20,12.973020017406441,20685
