N,K,S,diameter,averageShortestPathLength,edges
6387,3,C(6387;1;199;1432),19,12.652990917632321,19161
6387,3,C(6387;1;674;731),19,12.652990917632321,19161
6387,3,C(6387;1;2297;2761),19,12.652990917632321,19161
