N,K,S,diameter,averageShortestPathLength,edges
6868,3,C(6868;1;450;2161),19,12.956749672346003,20604
6868,3,C(6868;1;553;1602),19,12.956749672346003,20604
