N,K,S,diameter,averageShortestPathLength,edges
6980,3,C(6980;1;823;3360),19,13.024645364665425,20940
6980,3,C(6980;1;1760;2027),19,13.024645364665425,20940
