N,K,S,diameter,averageShortestPathLength,edges
6404,3,C(6404;1;65;1328),19,12.659222239575199,19212
6404,3,C(6404;1;316;2069),19,12.659222239575199,19212
