N,K,S,diameter,averageShortestPathLength,edges
6227,3,C(6227;1;136;2340),19,12.542563443623514,18681
6227,3,C(6227;1;2730;2793),19,12.542563443623514,18681
