N,K,S,diameter,averageShortestPathLength,edges
6644,3,C(6644;1;221;846),19,12.814541622760801,19932
6644,3,C(6644;1;280;2135),19,12.814541622760801,19932
6644,3,C(6644;1;417;2832),19,12.814541622760801,19932
6644,3,C(6644;1;2375;2762),19,12.814541622760801,19932
