N,K,S,diameter,averageShortestPathLength,edges
6339,3,C(6339;1;218;1490),19,12.608709372041654,19017
6339,3,C(6339;1;1706;2093),19,12.608709372041654,19017
6339,3,C(6339;1;1796;2239),19,12.608709372041654,19017
