N,K,S,diameter,averageShortestPathLength,edges
6530,3,C(6530;1;144;827),20,12.742073824475417,19590
6530,3,C(6530;1;987;1532),20,12.742073824475417,19590
