N,K,S,diameter,averageShortestPathLength,edges
6260,3,C(6260;1;1776;2913),19,12.569420035149385,18780
6260,3,C(6260;1;1803;2992),19,12.569420035149385,18780
