N,K,S,diameter,averageShortestPathLength,edges
6772,3,C(6772;1;2101;2632),19,12.895288731354306,20316
6772,3,C(6772;1;2137;2948),19,12.895288731354306,20316
