N,K,S,diameter,averageShortestPathLength,edges
6334,3,C(6334;1;332;939),19,12.609032054318648,19002
6334,3,C(6334;1;371;2826),19,12.609032054318648,19002
