N,K,S,diameter,averageShortestPathLength,edges
6767,3,C(6767;1;106;3204),20,12.901271061188295,20301
6767,3,C(6767;1;371;3099),20,12.901271061188295,20301
6767,3,C(6767;1;456;1159),20,12.901271061188295,20301
6767,3,C(6767;1;666;3293),20,12.901271061188295,20301
6767,3,C(6767;1;1596;2268),20,12.901271061188295,20301
6767,3,C(6767;1;1829;2507),20,12.901271061188295,20301
