N,K,S,diameter,averageShortestPathLength,edges
6517,3,C(6517;1;803;959),19,12.730816451810927,19551
6517,3,C(6517;1;1484;2873),19,12.730816451810927,19551
