N,K,S,diameter,averageShortestPathLength,edges
6147,3,C(6147;1;337;2815),19,12.485519036771883,18441
6147,3,C(6147;1;530;1244),19,12.485519036771883,18441
6147,3,C(6147;1;907;1241),19,12.485519036771883,18441
6147,3,C(6147;1;1552;2021),19,12.485519036771883,18441
6147,3,C(6147;1;1688;1897),19,12.485519036771883,18441
6147,3,C(6147;1;2662;3020),19,12.485519036771883,18441
