N,K,S,diameter,averageShortestPathLength,edges
6074,3,C(6074;1;97;2102),19,12.433229046599704,18222
6074,3,C(6074;1;460;1315),19,12.433229046599704,18222
