N,K,S,diameter,averageShortestPathLength,edges
6167,3,C(6167;1;136;781),19,12.49918910152449,18501
6167,3,C(6167;1;958;2494),19,12.49918910152449,18501
6167,3,C(6167;1;1066;3032),19,12.49918910152449,18501
