N,K,S,diameter,averageShortestPathLength,edges
6351,3,C(6351;1;506;1929),19,12.620472440944882,19053
6351,3,C(6351;1;561;1343),19,12.620472440944882,19053
