N,K,S,diameter,averageShortestPathLength,edges
6345,3,C(6345;1;362;2935),19,12.613177805800756,19035
6345,3,C(6345;1;2795;2857),19,12.613177805800756,19035
