N,K,S,diameter,averageShortestPathLength,edges
6574,3,C(6574;1;705;768),19,12.76799026319793,19722
6574,3,C(6574;1;2555;3188),19,12.76799026319793,19722
