N,K,S,diameter,averageShortestPathLength,edges
6968,3,C(6968;1;193;1860),20,13.025549016793455,20904
6968,3,C(6968;1;1047;3348),20,13.025549016793455,20904
