N,K,S,diameter,averageShortestPathLength,edges
6739,3,C(6739;1;349;2952),19,12.880083110715345,20217
6739,3,C(6739;1;811;1727),19,12.880083110715345,20217
6739,3,C(6739;1;1276;2970),19,12.880083110715345,20217
