N,K,S,diameter,averageShortestPathLength,edges
6951,3,C(6951;1;405;2330),20,13.01410071942446,20853
6951,3,C(6951;1;713;3177),20,13.01410071942446,20853
