N,K,S,diameter,averageShortestPathLength,edges
6461,3,C(6461;1;1629;2000),19,12.696594427244582,19383
6461,3,C(6461;1;2204;2467),19,12.696594427244582,19383
6461,3,C(6461;1;2225;2775),19,12.696594427244582,19383
