N,K,S,diameter,averageShortestPathLength,edges
6328,3,C(6328;1;2474;2796),19,12.605658289868817,18984
6328,3,C(6328;1;2566;2704),19,12.605658289868817,18984
