N,K,S,diameter,averageShortestPathLength,edges
6330,3,C(6330;1;322;1351),19,12.609890978037605,18990
6330,3,C(6330;1;2249;2558),19,12.609890978037605,18990
