N,K,S,diameter,averageShortestPathLength,edges
6723,3,C(6723;1;365;1787),20,12.867598928890212,20169
6723,3,C(6723;1;478;2009),20,12.867598928890212,20169
6723,3,C(6723;1;2602;3076),20,12.867598928890212,20169
