N,K,S,diameter,averageShortestPathLength,edges
6031,3,C(6031;1;312;1379),19,12.411276948590382,18093
6031,3,C(6031;1;1417;1841),19,12.411276948590382,18093
6031,3,C(6031;1;1484;1991),19,12.411276948590382,18093
