N,K,S,diameter,averageShortestPathLength,edges
6587,3,C(6587;1;216;368),19,12.781961737017916,19761
6587,3,C(6587;1;429;3204),19,12.781961737017916,19761
6587,3,C(6587;1;1950;3263),19,12.781961737017916,19761
