N,K,S,diameter,averageShortestPathLength,edges
6885,3,C(6885;1;239;1954),20,12.973561882626379,20655
6885,3,C(6885;1;356;1871),20,12.973561882626379,20655
6885,3,C(6885;1;749;2959),20,12.973561882626379,20655
