N,K,S,diameter,averageShortestPathLength,edges
6097,3,C(6097;1;136;1033),19,12.454396325459317,18291
6097,3,C(6097;1;1328;2302),19,12.454396325459317,18291
6097,3,C(6097;1;1756;2914),19,12.454396325459317,18291
