N,K,S,diameter,averageShortestPathLength,edges
6921,3,C(6921;1;883;2448),20,12.990173410404624,20763
6921,3,C(6921;1;1557;1936),20,12.990173410404624,20763
