N,K,S,diameter,averageShortestPathLength,edges
6091,3,C(6091;1;497;2448),19,12.440065681444992,18273
6091,3,C(6091;1;525;988),19,12.440065681444992,18273
6091,3,C(6091;1;538;1288),19,12.440065681444992,18273
6091,3,C(6091;1;733;1561),19,12.440065681444992,18273
6091,3,C(6091;1;1103;1831),19,12.440065681444992,18273
6091,3,C(6091;1;2887;2946),19,12.440065681444992,18273
