N,K,S,diameter,averageShortestPathLength,edges
6455,3,C(6455;1;957;2565),19,12.691973969631237,19365
6455,3,C(6455;1;2037;2810),19,12.691973969631237,19365
