N,K,S,diameter,averageShortestPathLength,edges
6175,3,C(6175;1;322;2823),19,12.511499838030451,18525
6175,3,C(6175;1;1984;2167),19,12.511499838030451,18525
6175,3,C(6175;1;2463;2686),19,12.511499838030451,18525
