N,K,S,diameter,averageShortestPathLength,edges
6122,3,C(6122;1;1040;1755),19,12.464793334422479,18366
6122,3,C(6122;1;1493;2268),19,12.464793334422479,18366
