N,K,S,diameter,averageShortestPathLength,edges
6598,3,C(6598;1;227;322),19,12.776868273457632,19794
6598,3,C(6598;1;2382;3081),19,12.776868273457632,19794
