N,K,S,diameter,averageShortestPathLength,edges
6535,3,C(6535;1;271;2498),19,12.736149372513008,19605
6535,3,C(6535;1;516;718),19,12.736149372513008,19605
6535,3,C(6535;1;537;2622),19,12.736149372513008,19605
6535,3,C(6535;1;844;2493),19,12.736149372513008,19605
6535,3,C(6535;1;1138;1253),19,12.736149372513008,19605
6535,3,C(6535;1;1797;2191),19,12.736149372513008,19605
