N,K,S,diameter,averageShortestPathLength,edges
6975,3,C(6975;1;386;936),20,13.025236593059937,20925
6975,3,C(6975;1;1701;2584),20,13.025236593059937,20925
