N,K,S,diameter,averageShortestPathLength,edges
6232,3,C(6232;1;190;2557),19,12.551275878671161,18696
6232,3,C(6232;1;563;1026),19,12.551275878671161,18696
