N,K,S,diameter,averageShortestPathLength,edges
6506,3,C(6506;1;321;2102),19,12.725749423520369,19518
6506,3,C(6506;1;1135;1932),19,12.725749423520369,19518
