N,K,S,diameter,averageShortestPathLength,edges
6297,3,C(6297;1;924;1622),19,12.592121982210928,18891
6297,3,C(6297;1;1437;2077),19,12.592121982210928,18891
