N,K,S,diameter,averageShortestPathLength,edges
6249,3,C(6249;1;1524;2315),19,12.541613316261204,18747
6249,3,C(6249;1;2256;2918),19,12.541613316261204,18747
