N,K,S,diameter,averageShortestPathLength,edges
6607,3,C(6607;1;239;339),20,12.787163184983349,19821
6607,3,C(6607;1;1132;1244),20,12.787163184983349,19821
6607,3,C(6607;1;1500;2826),20,12.787163184983349,19821
