N,K,S,diameter,averageShortestPathLength,edges
6422,3,C(6422;1;1046;1251),19,12.673415355863572,19266
6422,3,C(6422;1;2115;3122),19,12.673415355863572,19266
