N,K,S,diameter,averageShortestPathLength,edges
6892,3,C(6892;1;237;1620),19,12.966332897982877,20676
6892,3,C(6892;1;727;792),19,12.966332897982877,20676
