N,K,S,diameter,averageShortestPathLength,edges
6730,3,C(6730;1;227;322),20,12.872492197949175,20190
6730,3,C(6730;1;384;3113),20,12.872492197949175,20190
