N,K,S,diameter,averageShortestPathLength,edges
6522,3,C(6522;1;67;2054),20,12.737156877779482,19566
6522,3,C(6522;1;128;3115),20,12.737156877779482,19566
