N,K,S,diameter,averageShortestPathLength,edges
6266,3,C(6266;1;1694;1895),19,12.564565043894653,18798
6266,3,C(6266;1;1855;3104),19,12.564565043894653,18798
