N,K,S,diameter,averageShortestPathLength,edges
6632,3,C(6632;1;444;2027),20,12.803046297692656,19896
6632,3,C(6632;1;2323;3180),20,12.803046297692656,19896
