N,K,S,diameter,averageShortestPathLength,edges
6173,3,C(6173;1;605;2579),19,12.509397278029812,18519
6173,3,C(6173;1;967;1400),19,12.509397278029812,18519
6173,3,C(6173;1;1045;1857),19,12.509397278029812,18519
