N,K,S,diameter,averageShortestPathLength,edges
6139,3,C(6139;1;222;315),19,12.486151840990551,18417
6139,3,C(6139;1;1355;2905),19,12.486151840990551,18417
