N,K,S,diameter,averageShortestPathLength,edges
6418,3,C(6418;1;466;1465),19,12.671341748480598,19254
6418,3,C(6418;1;2182;3163),19,12.671341748480598,19254
