N,K,S,diameter,averageShortestPathLength,edges
6435,3,C(6435;1;161;2763),19,12.672987255206714,19305
6435,3,C(6435;1;1062;1279),19,12.672987255206714,19305
