N,K,S,diameter,averageShortestPathLength,edges
6837,3,C(6837;1;1133;2478),20,12.933001755412523,20511
6837,3,C(6837;1;1959;3331),20,12.933001755412523,20511
