N,K,S,diameter,averageShortestPathLength,edges
6652,3,C(6652;1;719;1206),20,12.826041196812509,19956
6652,3,C(6652;1;942;1323),20,12.826041196812509,19956
