N,K,S,diameter,averageShortestPathLength,edges
6674,3,C(6674;1;704;767),19,12.827663719466507,20022
6674,3,C(6674;1;1106;2419),19,12.827663719466507,20022
