N,K,S,diameter,averageShortestPathLength,edges
6069,3,C(6069;1;449;1757),19,12.427818061964404,18207
6069,3,C(6069;1;811;1288),19,12.427818061964404,18207
