N,K,S,diameter,averageShortestPathLength,edges
6897,3,C(6897;1;191;1841),20,12.976798143851509,20691
6897,3,C(6897;1;857;3286),20,12.976798143851509,20691
6897,3,C(6897;1;1682;2555),20,12.976798143851509,20691
