N,K,S,diameter,averageShortestPathLength,edges
6343,3,C(6343;1;1256;2294),19,12.627877641122675,19029
6343,3,C(6343;1;1611;2335),19,12.627877641122675,19029
6343,3,C(6343;1;2290;2436),19,12.627877641122675,19029
