N,K,S,diameter,averageShortestPathLength,edges
6690,3,C(6690;1;533;2032),19,12.843175362535506,20070
6690,3,C(6690;1;1874;3163),19,12.843175362535506,20070
