N,K,S,diameter,averageShortestPathLength,edges
6238,3,C(6238;1;464;1893),19,12.548180214846882,18714
6238,3,C(6238;1;491;2982),19,12.548180214846882,18714
