N,K,S,diameter,averageShortestPathLength,edges
6646,3,C(6646;1;207;1490),19,12.811888638073739,19938
6646,3,C(6646;1;1509;2062),19,12.811888638073739,19938
