N,K,S,diameter,averageShortestPathLength,edges
6172,3,C(6172;1;158;2977),19,12.503970183114568,18516
6172,3,C(6172;1;2490;2633),19,12.503970183114568,18516
