N,K,S,diameter,averageShortestPathLength,edges
6319,3,C(6319;1;124;3018),19,12.601772712883824,18957
6319,3,C(6319;1;622;3075),19,12.601772712883824,18957
6319,3,C(6319;1;643;1533),19,12.601772712883824,18957
6319,3,C(6319;1;1274;2980),19,12.601772712883824,18957
6319,3,C(6319;1;1651;2936),19,12.601772712883824,18957
6319,3,C(6319;1;2165;3126),19,12.601772712883824,18957
