N,K,S,diameter,averageShortestPathLength,edges
6497,3,C(6497;1;323;1036),19,12.719519704433498,19491
6497,3,C(6497;1;560;1931),19,12.719519704433498,19491
6497,3,C(6497;1;1311;2289),19,12.719519704433498,19491
