N,K,S,diameter,averageShortestPathLength,edges
6621,3,C(6621;1;1374;2710),19,12.804833836858005,19863
6621,3,C(6621;1;2043;3203),19,12.804833836858005,19863
