N,K,S,diameter,averageShortestPathLength,edges
6671,3,C(6671;1;234;2898),19,12.834482758620689,20013
6671,3,C(6671;1;1682;2065),19,12.834482758620689,20013
