N,K,S,diameter,averageShortestPathLength,edges
6685,3,C(6685;1;1035;3218),19,12.837223219628966,20055
6685,3,C(6685;1;3168;3230),19,12.837223219628966,20055
