N,K,S,diameter,averageShortestPathLength,edges
6761,3,C(6761;1;59;1611),19,12.894674556213017,20283
6761,3,C(6761;1;1301;2388),19,12.894674556213017,20283
6761,3,C(6761;1;1577;3094),19,12.894674556213017,20283
