N,K,S,diameter,averageShortestPathLength,edges
6012,3,C(6012;1;1618;1985),18,12.387622691731824,18036
6012,3,C(6012;1;1793;2722),18,12.387622691731824,18036
