N,K,S,diameter,averageShortestPathLength,edges
6484,3,C(6484;1;158;3133),19,12.706463057226593,19452
6484,3,C(6484;1;1041;2378),19,12.706463057226593,19452
