N,K,S,diameter,averageShortestPathLength,edges
6549,3,C(6549;1;248;1057),19,12.758094074526573,19647
6549,3,C(6549;1;506;713),19,12.758094074526573,19647
6549,3,C(6549;1;1487;2032),19,12.758094074526573,19647
