N,K,S,diameter,averageShortestPathLength,edges
6338,3,C(6338;1;958;1487),19,12.613381726368944,19014
6338,3,C(6338;1;2220;3039),19,12.613381726368944,19014
