N,K,S,diameter,averageShortestPathLength,edges
6925,3,C(6925;1;1512;1695),20,12.996533795493933,20775
6925,3,C(6925;1;3285;3348),20,12.996533795493933,20775
