N,K,S,diameter,averageShortestPathLength,edges
6633,3,C(6633;1;540;1871),19,12.805488540410133,19899
6633,3,C(6633;1;1099;3123),19,12.805488540410133,19899
