N,K,S,diameter,averageShortestPathLength,edges
6248,3,C(6248;1;454;749),19,12.548583319993597,18744
6248,3,C(6248;1;659;718),19,12.548583319993597,18744
