N,K,S,diameter,averageShortestPathLength,edges
6379,3,C(6379;1;866;1791),19,12.650047036688617,19137
6379,3,C(6379;1;1182;2771),19,12.650047036688617,19137
6379,3,C(6379;1;2013;2777),19,12.650047036688617,19137
