N,K,S,diameter,averageShortestPathLength,edges
6268,3,C(6268;1;98;2957),19,12.572363172171693,18804
6268,3,C(6268;1;301;1842),19,12.572363172171693,18804
