N,K,S,diameter,averageShortestPathLength,edges
6589,3,C(6589;1;630;2773),19,12.779295689131756,19767
6589,3,C(6589;1;839;1055),19,12.779295689131756,19767
6589,3,C(6589;1;1140;1500),19,12.779295689131756,19767
