N,K,S,diameter,averageShortestPathLength,edges
6388,3,C(6388;1;465;1490),19,12.650540159699389,19164
6388,3,C(6388;1;1714;2775),19,12.650540159699389,19164
