N,K,S,diameter,averageShortestPathLength,edges
6810,3,C(6810;1;587;2024),20,12.922749302393891,20430
6810,3,C(6810;1;1717;2108),20,12.922749302393891,20430
