N,K,S,diameter,averageShortestPathLength,edges
6869,3,C(6869;1;57;1637),19,12.959522422830519,20607
6869,3,C(6869;1;214;1540),19,12.959522422830519,20607
6869,3,C(6869;1;241;2984),19,12.959522422830519,20607
