N,K,S,diameter,averageShortestPathLength,edges
6662,3,C(6662;1;59;1146),19,12.834409247860682,19986
6662,3,C(6662;1;584;1355),19,12.834409247860682,19986
