N,K,S,diameter,averageShortestPathLength,edges
6797,3,C(6797;1;588;2449),20,12.922012948793407,20391
6797,3,C(6797;1;763;2484),20,12.922012948793407,20391
