N,K,S,diameter,averageShortestPathLength,edges
6479,3,C(6479;1;150;3118),19,12.711330657610374,19437
6479,3,C(6479;1;1339;2526),19,12.711330657610374,19437
6479,3,C(6479;1;1521;2213),19,12.711330657610374,19437
