N,K,S,diameter,averageShortestPathLength,edges
6990,3,C(6990;1;944;3323),20,13.038059808270139,20970
6990,3,C(6990;1;2758;2987),20,13.038059808270139,20970
