N,K,S,diameter,averageShortestPathLength,edges
6358,3,C(6358;1;1781;3006),19,12.622935346861727,19074
6358,3,C(6358;1;3013;3072),19,12.622935346861727,19074
