N,K,S,diameter,averageShortestPathLength,edges
6303,3,C(6303;1;1363;2826),19,12.590606156775626,18909
6303,3,C(6303;1;1431;2696),19,12.590606156775626,18909
