N,K,S,diameter,averageShortestPathLength,edges
6947,3,C(6947;1;239;339),20,13.003167290526921,20841
6947,3,C(6947;1;436;1917),20,13.003167290526921,20841
6947,3,C(6947;1;819;2787),20,13.003167290526921,20841
