N,K,S,diameter,averageShortestPathLength,edges
6309,3,C(6309;1;217;1483),19,12.591629676601141,18927
6309,3,C(6309;1;1157;3029),19,12.591629676601141,18927
6309,3,C(6309;1;1505;2762),19,12.591629676601141,18927
