N,K,S,diameter,averageShortestPathLength,edges
6867,3,C(6867;1;360;1018),19,12.951645790853481,20601
6867,3,C(6867;1;540;1909),19,12.951645790853481,20601
