N,K,S,diameter,averageShortestPathLength,edges
6431,3,C(6431;1;436;1941),19,12.679626749611197,19293
6431,3,C(6431;1;2071;3078),19,12.679626749611197,19293
