N,K,S,diameter,averageShortestPathLength,edges
6888,3,C(6888;1;186;2946),19,12.966313343981414,20664
6888,3,C(6888;1;1938;2190),19,12.966313343981414,20664
