N,K,S,diameter,averageShortestPathLength,edges
6443,3,C(6443;1;169;2668),20,12.691710648866811,19329
6443,3,C(6443;1;305;1922),20,12.691710648866811,19329
6443,3,C(6443;1;1036;1123),20,12.691710648866811,19329
