N,K,S,diameter,averageShortestPathLength,edges
6034,3,C(6034;1;533;1276),19,12.407425824631195,18102
6034,3,C(6034;1;2658;2717),19,12.407425824631195,18102
