N,K,S,diameter,averageShortestPathLength,edges
6679,3,C(6679;1;975;2741),20,12.836777478286912,20037
6679,3,C(6679;1;1776;2098),20,12.836777478286912,20037
6679,3,C(6679;1;2373;2699),20,12.836777478286912,20037
