N,K,S,diameter,averageShortestPathLength,edges
6089,3,C(6089;1;645;1134),19,12.448423127463863,18267
6089,3,C(6089;1;1265;2494),19,12.448423127463863,18267
6089,3,C(6089;1;1272;1584),19,12.448423127463863,18267
