N,K,S,diameter,averageShortestPathLength,edges
6878,3,C(6878;1;697;2574),19,12.96510106150938,20634
6878,3,C(6878;1;1664;2467),19,12.96510106150938,20634
