N,K,S,diameter,averageShortestPathLength,edges
6952,3,C(6952;1;1992;3387),20,13.006042296072508,20856
6952,3,C(6952;1;2773;3024),20,13.006042296072508,20856
