N,K,S,diameter,averageShortestPathLength,edges
6949,3,C(6949;1;1658;1797),20,13.006908462867012,20847
6949,3,C(6949;1;2434;3332),20,13.006908462867012,20847
6949,3,C(6949;1;2441;3082),20,13.006908462867012,20847
