N,K,S,diameter,averageShortestPathLength,edges
6503,3,C(6503;1;227;322),19,12.716702553060596,19509
6503,3,C(6503;1;371;3008),19,12.716702553060596,19509
