N,K,S,diameter,averageShortestPathLength,edges
6882,3,C(6882;1;264;2537),19,12.964830693213196,20646
6882,3,C(6882;1;3258;3323),19,12.964830693213196,20646
