N,K,S,diameter,averageShortestPathLength,edges
6219,3,C(6219;1;332;1365),19,12.535541974911547,18657
6219,3,C(6219;1;1176;1817),19,12.535541974911547,18657
