N,K,S,diameter,averageShortestPathLength,edges
6898,3,C(6898;1;168;3333),19,12.977671451355661,20694
6898,3,C(6898;1;950;3003),19,12.977671451355661,20694
