N,K,S,diameter,averageShortestPathLength,edges
6040,3,C(6040;1;2082;2119),19,12.418612353038583,18120
6040,3,C(6040;1;2362;2839),19,12.418612353038583,18120
