N,K,S,diameter,averageShortestPathLength,edges
6957,3,C(6957;1;243;1399),20,13.01063829787234,20871
6957,3,C(6957;1;2014;2412),20,13.01063829787234,20871
