N,K,S,diameter,averageShortestPathLength,edges
6071,3,C(6071;1;617;895),19,12.436573311367381,18213
6071,3,C(6071;1;1504;2637),19,12.436573311367381,18213
6071,3,C(6071;1;2347;2870),19,12.436573311367381,18213
