N,K,S,diameter,averageShortestPathLength,edges
6629,3,C(6629;1;1732;3080),20,12.813820156910078,19887
6629,3,C(6629;1;1818;2065),20,12.813820156910078,19887
