N,K,S,diameter,averageShortestPathLength,edges
6276,3,C(6276;1;227;322),19,12.567649402390439,18828
6276,3,C(6276;1;358;2903),19,12.567649402390439,18828
