N,K,S,diameter,averageShortestPathLength,edges
6183,3,C(6183;1;1659;2686),19,12.513426075703656,18549
6183,3,C(6183;1;1784;2001),19,12.513426075703656,18549
