N,K,S,diameter,averageShortestPathLength,edges
6703,3,C(6703;1;1714;2542),19,12.852879737391824,20109
6703,3,C(6703;1;2420;3130),19,12.852879737391824,20109
6703,3,C(6703;1;3177;3242),19,12.852879737391824,20109
