N,K,S,diameter,averageShortestPathLength,edges
6207,3,C(6207;1;143;895),19,12.526587173702868,18621
6207,3,C(6207;1;749;1588),19,12.526587173702868,18621
6207,3,C(6207;1;1606;2654),19,12.526587173702868,18621
