N,K,S,diameter,averageShortestPathLength,edges
6993,3,C(6993;1;1406;2575),20,13.039759725400458,20979
6993,3,C(6993;1;1882;2738),20,13.039759725400458,20979
