N,K,S,diameter,averageShortestPathLength,edges
6653,3,C(6653;1;147;1218),20,12.822008418520745,19959
6653,3,C(6653;1;344;1808),20,12.822008418520745,19959
6653,3,C(6653;1;2625;2843),20,12.822008418520745,19959
