N,K,S,diameter,averageShortestPathLength,edges
6142,3,C(6142;1;1653;2028),19,12.482820387559029,18426
6142,3,C(6142;1;1760;1921),19,12.482820387559029,18426
