N,K,S,diameter,averageShortestPathLength,edges
6212,3,C(6212;1;1476;1611),19,12.534535501529545,18636
6212,3,C(6212;1;1632;2865),19,12.534535501529545,18636
