N,K,S,diameter,averageShortestPathLength,edges
6039,3,C(6039;1;387;2033),18,12.400463729711825,18117
6039,3,C(6039;1;496;1924),18,12.400463729711825,18117
6039,3,C(6039;1;637;694),18,12.400463729711825,18117
6039,3,C(6039;1;769;967),18,12.400463729711825,18117
6039,3,C(6039;1;1711;2133),18,12.400463729711825,18117
