N,K,S,diameter,averageShortestPathLength,edges
6693,3,C(6693;1;163;3234),19,12.843395098625225,20079
6693,3,C(6693;1;1212;2012),19,12.843395098625225,20079
