N,K,S,diameter,averageShortestPathLength,edges
6233,3,C(6233;1;64;1963),19,12.539152759948653,18699
6233,3,C(6233;1;139;1056),19,12.539152759948653,18699
6233,3,C(6233;1;242;2473),19,12.539152759948653,18699
6233,3,C(6233;1;852;2160),19,12.539152759948653,18699
6233,3,C(6233;1;1740;1975),19,12.539152759948653,18699
6233,3,C(6233;1;2240;2855),19,12.539152759948653,18699
