N,K,S,diameter,averageShortestPathLength,edges
6129,3,C(6129;1;687;1153),19,12.473563968668408,18387
6129,3,C(6129;1;984;3014),19,12.473563968668408,18387
