N,K,S,diameter,averageShortestPathLength,edges
6325,3,C(6325;1;197;1418),19,12.598039215686274,18975
6325,3,C(6325;1;956;2408),19,12.598039215686274,18975
6325,3,C(6325;1;1396;2993),19,12.598039215686274,18975
