N,K,S,diameter,averageShortestPathLength,edges
6145,3,C(6145;1;659;718),19,12.4873046875,18435
6145,3,C(6145;1;1377;2268),19,12.4873046875,18435
6145,3,C(6145;1;1809;2267),19,12.4873046875,18435
