N,K,S,diameter,averageShortestPathLength,edges
6741,3,C(6741;1;232;329),20,12.879525222551928,20223
6741,3,C(6741;1;1771;3109),20,12.879525222551928,20223
