N,K,S,diameter,averageShortestPathLength,edges
6454,3,C(6454;1;222;1517),19,12.685727568572757,19362
6454,3,C(6454;1;1574;2391),19,12.685727568572757,19362
