N,K,S,diameter,averageShortestPathLength,edges
6663,3,C(6663;1;748;2435),19,12.826778745121585,19989
6663,3,C(6663;1;1324;2414),19,12.826778745121585,19989
6663,3,C(6663;1;2605;2944),19,12.826778745121585,19989
