N,K,S,diameter,averageShortestPathLength,edges
6374,3,C(6374;1;571;720),19,12.637847167738899,19122
6374,3,C(6374;1;702;2947),19,12.637847167738899,19122
