N,K,S,diameter,averageShortestPathLength,edges
6153,3,C(6153;1;110;792),19,12.496098829648895,18459
6153,3,C(6153;1;853;1633),19,12.496098829648895,18459
6153,3,C(6153;1;1787;2806),19,12.496098829648895,18459
6153,3,C(6153;1;2152;2419),19,12.496098829648895,18459
6153,3,C(6153;1;2454;2629),19,12.496098829648895,18459
