N,K,S,diameter,averageShortestPathLength,edges
6285,3,C(6285;1;325;1708),19,12.574156588160408,18855
6285,3,C(6285;1;563;710),19,12.574156588160408,18855
6285,3,C(6285;1;1313;1635),19,12.574156588160408,18855
6285,3,C(6285;1;2312;2835),19,12.574156588160408,18855
