N,K,S,diameter,averageShortestPathLength,edges
6101,3,C(6101;1;461;1345),19,12.463278688524591,18303
6101,3,C(6101;1;1887;2536),19,12.463278688524591,18303
6101,3,C(6101;1;2316;2591),19,12.463278688524591,18303
