N,K,S,diameter,averageShortestPathLength,edges
6844,3,C(6844;1;1976;2175),20,12.947391494958351,20532
6844,3,C(6844;1;2517;2688),20,12.947391494958351,20532
6844,3,C(6844;1;3264;3301),20,12.947391494958351,20532
