N,K,S,diameter,averageShortestPathLength,edges
6437,3,C(6437;1;1035;1122),19,12.683032939714108,19311
6437,3,C(6437;1;1249;2382),19,12.683032939714108,19311
6437,3,C(6437;1;2553;3185),19,12.683032939714108,19311
