N,K,S,diameter,averageShortestPathLength,edges
6929,3,C(6929;1;946;1833),20,12.999711316397228,20787
6929,3,C(6929;1;1941;3276),20,12.999711316397228,20787
