N,K,S,diameter,averageShortestPathLength,edges
6007,3,C(6007;1;1486;2692),19,12.391275391275391,18021
6007,3,C(6007;1;1621;2650),19,12.391275391275391,18021
6007,3,C(6007;1;2396;2613),19,12.391275391275391,18021
