N,K,S,diameter,averageShortestPathLength,edges
6365,3,C(6365;1;163;3070),19,12.626964173475802,19095
6365,3,C(6365;1;645;2382),19,12.626964173475802,19095
