N,K,S,diameter,averageShortestPathLength,edges
6665,3,C(6665;1;147;844),19,12.828331332533013,19995
6665,3,C(6665;1;493;2267),19,12.828331332533013,19995
6665,3,C(6665;1;703;766),19,12.828331332533013,19995
