N,K,S,diameter,averageShortestPathLength,edges
6553,3,C(6553;1;897;2171),19,12.757936507936508,19659
6553,3,C(6553;1;1802;2197),19,12.757936507936508,19659
6553,3,C(6553;1;1897;2272),19,12.757936507936508,19659
