N,K,S,diameter,averageShortestPathLength,edges
6141,3,C(6141;1;65;1272),19,12.483387622149838,18423
6141,3,C(6141;1;303;1984),19,12.483387622149838,18423
