N,K,S,diameter,averageShortestPathLength,edges
6081,3,C(6081;1;1368;1701),19,12.434868421052631,18243
6081,3,C(6081;1;1644;1839),19,12.434868421052631,18243
