N,K,S,diameter,averageShortestPathLength,edges
6617,3,C(6617;1;146;838),20,12.794740024183797,19851
6617,3,C(6617;1;774;1445),20,12.794740024183797,19851
6617,3,C(6617;1;2351;2674),20,12.794740024183797,19851
