N,K,S,diameter,averageShortestPathLength,edges
6320,3,C(6320;1;100;2027),19,12.605633802816902,18960
6320,3,C(6320;1;2220;2803),19,12.605633802816902,18960
