N,K,S,diameter,averageShortestPathLength,edges
6242,3,C(6242;1;392;2625),19,12.551674411152058,18726
6242,3,C(6242;1;409;1964),19,12.551674411152058,18726
