N,K,S,diameter,averageShortestPathLength,edges
6903,3,C(6903;1;2637;3160),19,12.973630831643002,20709
6903,3,C(6903;1;3043;3105),19,12.973630831643002,20709
