N,K,S,diameter,averageShortestPathLength,edges
6657,3,C(6657;1;805;2454),19,12.825420673076923,19971
6657,3,C(6657;1;1309;1837),19,12.825420673076923,19971
6657,3,C(6657;1;2233;3131),19,12.825420673076923,19971
