N,K,S,diameter,averageShortestPathLength,edges
6747,3,C(6747;1;1277;3317),19,12.884672398458346,20241
6747,3,C(6747;1;2866;3008),19,12.884672398458346,20241
6747,3,C(6747;1;2972;3038),19,12.884672398458346,20241
