N,K,S,diameter,averageShortestPathLength,edges
6505,3,C(6505;1;510;1740),19,12.731857318573185,19515
6505,3,C(6505;1;2285;2885),19,12.731857318573185,19515
