N,K,S,diameter,averageShortestPathLength,edges
6668,3,C(6668;1;180;2852),19,12.831708414579271,20004
6668,3,C(6668;1;1876;2120),19,12.831708414579271,20004
