N,K,S,diameter,averageShortestPathLength,edges
6848,3,C(6848;1;733;1756),19,12.942748649043377,20544
6848,3,C(6848;1;3020;3083),19,12.942748649043377,20544
