N,K,S,diameter,averageShortestPathLength,edges
6253,3,C(6253;1;311;1305),19,12.552143314139474,18759
6253,3,C(6253;1;346;1327),19,12.552143314139474,18759
6253,3,C(6253;1;1500;2046),19,12.552143314139474,18759
