N,K,S,diameter,averageShortestPathLength,edges
6108,3,C(6108;1;878;2465),19,12.455870312755854,18324
6108,3,C(6108;1;1457;2674),19,12.455870312755854,18324
