N,K,S,diameter,averageShortestPathLength,edges
6770,3,C(6770;1;142;1509),20,12.892746343625351,20310
6770,3,C(6770;1;1651;2508),20,12.892746343625351,20310
