N,K,S,diameter,averageShortestPathLength,edges
6057,3,C(6057;1;784;1478),19,12.427344782034346,18171
6057,3,C(6057;1;1148;2381),19,12.427344782034346,18171
6057,3,C(6057;1;2675;2789),19,12.427344782034346,18171
