N,K,S,diameter,averageShortestPathLength,edges
6620,3,C(6620;1;267;1640),19,12.79996978395528,19860
6620,3,C(6620;1;843;1060),19,12.79996978395528,19860
