N,K,S,diameter,averageShortestPathLength,edges
6363,3,C(6363;1;557;1707),19,12.633448601068846,19089
6363,3,C(6363;1;674;1185),19,12.633448601068846,19089
