N,K,S,diameter,averageShortestPathLength,edges
6784,3,C(6784;1;823;1886),19,12.896800825593395,20352
6784,3,C(6784;1;2706;2951),19,12.896800825593395,20352
