N,K,S,diameter,averageShortestPathLength,edges
6117,3,C(6117;1;548;691),19,12.464682799215174,18351
6117,3,C(6117;1;1306;2870),19,12.464682799215174,18351
6117,3,C(6117;1;1859;2807),19,12.464682799215174,18351
