N,K,S,diameter,averageShortestPathLength,edges
6907,3,C(6907;1;375;1836),20,12.986099044309297,20721
6907,3,C(6907;1;792;3265),20,12.986099044309297,20721
6907,3,C(6907;1;2276;2968),20,12.986099044309297,20721
