N,K,S,diameter,averageShortestPathLength,edges
6987,3,C(6987;1;1056;2660),20,13.032922988834812,20961
6987,3,C(6987;1;1358;1713),20,13.032922988834812,20961
