N,K,S,diameter,averageShortestPathLength,edges
6538,3,C(6538;1;611;1260),19,12.751873948294325,19614
6538,3,C(6538;1;826;2215),19,12.751873948294325,19614
