N,K,S,diameter,averageShortestPathLength,edges
6916,3,C(6916;1;716;3295),20,12.98524945770065,20748
6916,3,C(6916;1;1744;3161),20,12.98524945770065,20748
