N,K,S,diameter,averageShortestPathLength,edges
6244,3,C(6244;1;493;686),19,12.550696780394041,18732
6244,3,C(6244;1;546;3103),19,12.550696780394041,18732
