N,K,S,diameter,averageShortestPathLength,edges
6463,3,C(6463;1;218;1392),19,12.701640359021974,19389
6463,3,C(6463;1;504;2899),19,12.701640359021974,19389
6463,3,C(6463;1;622;3199),19,12.701640359021974,19389
