N,K,S,diameter,averageShortestPathLength,edges
6284,3,C(6284;1;362;2811),19,12.578226961642528,18852
6284,3,C(6284;1;1138;1889),19,12.578226961642528,18852
