N,K,S,diameter,averageShortestPathLength,edges
6181,3,C(6181;1;227;322),19,12.508414239482201,18543
6181,3,C(6181;1;546;1307),19,12.508414239482201,18543
