N,K,S,diameter,averageShortestPathLength,edges
6865,3,C(6865;1;295;2227),20,12.960372960372961,20595
6865,3,C(6865;1;1082;3400),20,12.960372960372961,20595
