N,K,S,diameter,averageShortestPathLength,edges
6406,3,C(6406;1;95;2218),19,12.659953161592506,19218
6406,3,C(6406;1;1844;2967),19,12.659953161592506,19218
