N,K,S,diameter,averageShortestPathLength,edges
6806,3,C(6806;1;460;1445),20,12.918883174136663,20418
6806,3,C(6806;1;584;1441),20,12.918883174136663,20418
6806,3,C(6806;1;1267;2496),20,12.918883174136663,20418
6806,3,C(6806;1;2371;3046),20,12.918883174136663,20418
