N,K,S,diameter,averageShortestPathLength,edges
6966,3,C(6966;1;708;1027),20,13.023546302943288,20898
6966,3,C(6966;1;1187;2490),20,13.023546302943288,20898
