N,K,S,diameter,averageShortestPathLength,edges
6255,3,C(6255;1;62;1206),18,12.56028141989127,18765
6255,3,C(6255;1;423;908),18,12.56028141989127,18765
