N,K,S,diameter,averageShortestPathLength,edges
6889,3,C(6889;1;707;779),20,12.97938443670151,20667
6889,3,C(6889;1;734;2263),20,12.97938443670151,20667
6889,3,C(6889;1;1218;1860),20,12.97938443670151,20667
