N,K,S,diameter,averageShortestPathLength,edges
6116,3,C(6116;1;463;2914),19,12.462142273098937,18348
6116,3,C(6116;1;958;1387),19,12.462142273098937,18348
