N,K,S,diameter,averageShortestPathLength,edges
6131,3,C(6131;1;422;1728),19,12.484502446982056,18393
6131,3,C(6131;1;461;2253),19,12.484502446982056,18393
6131,3,C(6131;1;1787;2088),19,12.484502446982056,18393
