N,K,S,diameter,averageShortestPathLength,edges
6133,3,C(6133;1;191;1375),19,12.470319634703197,18399
6133,3,C(6133;1;305;1280),19,12.470319634703197,18399
6133,3,C(6133;1;635;2922),19,12.470319634703197,18399
6133,3,C(6133;1;744;1705),19,12.470319634703197,18399
6133,3,C(6133;1;781;982),19,12.470319634703197,18399
6133,3,C(6133;1;1463;2685),19,12.470319634703197,18399
