N,K,S,diameter,averageShortestPathLength,edges
6533,3,C(6533;1;141;1463),20,12.744947948560931,19599
6533,3,C(6533;1;893;2264),20,12.744947948560931,19599
