N,K,S,diameter,averageShortestPathLength,edges
6102,3,C(6102;1;1184;2258),19,12.455990821176856,18306
6102,3,C(6102;1;1550;2014),19,12.455990821176856,18306
