N,K,S,diameter,averageShortestPathLength,edges
6569,3,C(6569;1;173;3179),20,12.773751522533496,19707
6569,3,C(6569;1;467;1963),20,12.773751522533496,19707
6569,3,C(6569;1;512;2620),20,12.773751522533496,19707
