N,K,S,diameter,averageShortestPathLength,edges
6760,3,C(6760;1;797;2712),19,12.882231099275041,20280
6760,3,C(6760;1;933;2056),19,12.882231099275041,20280
