N,K,S,diameter,averageShortestPathLength,edges
6315,3,C(6315;1;1082;1189),19,12.592334494773519,18945
6315,3,C(6315;1;1519;1658),19,12.592334494773519,18945
6315,3,C(6315;1;1903;2373),19,12.592334494773519,18945
6315,3,C(6315;1;2212;3028),19,12.592334494773519,18945
6315,3,C(6315;1;2303;2544),19,12.592334494773519,18945
