N,K,S,diameter,averageShortestPathLength,edges
6143,3,C(6143;1;479;1974),19,12.480950830348421,18429
6143,3,C(6143;1;744;1640),19,12.480950830348421,18429
6143,3,C(6143;1;2706;2766),19,12.480950830348421,18429
