N,K,S,diameter,averageShortestPathLength,edges
6457,3,C(6457;1;144;1094),20,12.696096654275093,19371
6457,3,C(6457;1;354;2957),20,12.696096654275093,19371
6457,3,C(6457;1;456;1121),20,12.696096654275093,19371
