N,K,S,diameter,averageShortestPathLength,edges
6460,3,C(6460;1;1640;2713),19,12.699334262269701,19380
6460,3,C(6460;1;1740;1943),19,12.699334262269701,19380
