N,K,S,diameter,averageShortestPathLength,edges
6138,3,C(6138;1;1013;1220),19,12.473195372331759,18414
6138,3,C(6138;1;1739;2168),19,12.473195372331759,18414
