N,K,S,diameter,averageShortestPathLength,edges
6995,3,C(6995;1;58;1667),20,13.040606233914785,20985
6995,3,C(6995;1;603;2079),20,13.040606233914785,20985
6995,3,C(6995;1;1968;2224),20,13.040606233914785,20985
