N,K,S,diameter,averageShortestPathLength,edges
6158,3,C(6158;1;747;1712),19,12.489524118889069,18474
6158,3,C(6158;1;1564;2267),19,12.489524118889069,18474
