N,K,S,diameter,averageShortestPathLength,edges
6935,3,C(6935;1;333;2038),19,12.993654456302279,20805
6935,3,C(6935;1;718;3304),19,12.993654456302279,20805
6935,3,C(6935;1;2651;3228),19,12.993654456302279,20805
