N,K,S,diameter,averageShortestPathLength,edges
6572,3,C(6572;1;375;3040),19,12.773550448942322,19716
6572,3,C(6572;1;972;2769),19,12.773550448942322,19716
