N,K,S,diameter,averageShortestPathLength,edges
6222,3,C(6222;1;62;1963),19,12.536891175052242,18666
6222,3,C(6222;1;355;2878),19,12.536891175052242,18666
