N,K,S,diameter,averageShortestPathLength,edges
6499,3,C(6499;1;454;850),19,12.727300707910127,19497
6499,3,C(6499;1;1178;3066),19,12.727300707910127,19497
6499,3,C(6499;1;1462;1818),19,12.727300707910127,19497
