N,K,S,diameter,averageShortestPathLength,edges
6816,3,C(6816;1;2500;3247),20,12.930741012472486,20448
6816,3,C(6816;1;2852;3281),20,12.930741012472486,20448
