N,K,S,diameter,averageShortestPathLength,edges
6115,3,C(6115;1;421;2017),19,12.472358521426235,18345
6115,3,C(6115;1;458;2962),19,12.472358521426235,18345
6115,3,C(6115;1;581;2203),19,12.472358521426235,18345
