N,K,S,diameter,averageShortestPathLength,edges
6359,3,C(6359;1;63;1226),19,12.634476250393206,19077
6359,3,C(6359;1;1615;2341),19,12.634476250393206,19077
6359,3,C(6359;1;2277;2806),19,12.634476250393206,19077
