N,K,S,diameter,averageShortestPathLength,edges
6061,3,C(6061;1;1063;1987),19,12.431353135313531,18183
6061,3,C(6061;1;1376;2868),19,12.431353135313531,18183
6061,3,C(6061;1;1394;2938),19,12.431353135313531,18183
