N,K,S,diameter,averageShortestPathLength,edges
6684,3,C(6684;1;232;317),19,12.847224300463864,20052
6684,3,C(6684;1;991;2656),19,12.847224300463864,20052
