N,K,S,diameter,averageShortestPathLength,edges
6426,3,C(6426;1;1335;2632),19,12.668171206225681,19278
6426,3,C(6426;1;1372;3015),19,12.668171206225681,19278
