N,K,S,diameter,averageShortestPathLength,edges
6401,3,C(6401;1;434;1932),19,12.665312500000001,19203
6401,3,C(6401;1;510;2243),19,12.665312500000001,19203
6401,3,C(6401;1;615;3171),19,12.665312500000001,19203
