N,K,S,diameter,averageShortestPathLength,edges
6628,3,C(6628;1;190;911),19,12.802022031084956,19884
6628,3,C(6628;1;713;2910),19,12.802022031084956,19884
