N,K,S,diameter,averageShortestPathLength,edges
6779,3,C(6779;1;260;2499),19,12.901150781941576,20337
6779,3,C(6779;1;505;1069),19,12.901150781941576,20337
6779,3,C(6779;1;727;792),19,12.901150781941576,20337
