N,K,S,diameter,averageShortestPathLength,edges
6531,3,C(6531;1;1623;2957),19,12.742725880551301,19593
6531,3,C(6531;1;1990;3075),19,12.742725880551301,19593
