N,K,S,diameter,averageShortestPathLength,edges
6609,3,C(6609;1;779;939),19,12.791162227602905,19827
6609,3,C(6609;1;1212;3173),19,12.791162227602905,19827
