N,K,S,diameter,averageShortestPathLength,edges
6375,3,C(6375;1;316;1858),19,12.634138688421713,19125
6375,3,C(6375;1;464;1487),19,12.634138688421713,19125
6375,3,C(6375;1;772;1702),19,12.634138688421713,19125
