N,K,S,diameter,averageShortestPathLength,edges
6527,3,C(6527;1;332;1393),20,12.744100520992951,19581
6527,3,C(6527;1;909;1546),20,12.744100520992951,19581
6527,3,C(6527;1;924;1313),20,12.744100520992951,19581
