N,K,S,diameter,averageShortestPathLength,edges
6825,3,C(6825;1;227;322),20,12.925849941383353,20475
6825,3,C(6825;1;2464;3187),20,12.925849941383353,20475
