N,K,S,diameter,averageShortestPathLength,edges
7391,3,C(7391;1;163;936),20,13.278484438430311,22173
7391,3,C(7391;1;258;366),20,13.278484438430311,22173
7391,3,C(7391;1;487;858),20,13.278484438430311,22173
7391,3,C(7391;1;1353;1697),20,13.278484438430311,22173
7391,3,C(7391;1;1451;1808),20,13.278484438430311,22173
7391,3,C(7391;1;1524;2882),20,13.278484438430311,22173
