N,K,S,diameter,averageShortestPathLength,edges
7896,3,C(7896;1;557;3480),20,13.575174160861305,23688
7896,3,C(7896;1;1531;1920),20,13.575174160861305,23688
