N,K,S,diameter,averageShortestPathLength,edges
7135,3,C(7135;1;234;332),20,13.128118867395571,21405
7135,3,C(7135;1;368;1410),20,13.128118867395571,21405
7135,3,C(7135;1;1182;1677),20,13.128118867395571,21405
7135,3,C(7135;1;1799;2072),20,13.128118867395571,21405
7135,3,C(7135;1;3393;3455),20,13.128118867395571,21405
