N,K,S,diameter,averageShortestPathLength,edges
7624,3,C(7624;1;1318;1439),20,13.421618785255149,22872
7624,3,C(7624;1;1366;2257),20,13.421618785255149,22872
