N,K,S,diameter,averageShortestPathLength,edges
7743,3,C(7743;1;324;1427),20,13.490570911909067,23229
7743,3,C(7743;1;499;3678),20,13.490570911909067,23229
7743,3,C(7743;1;1947;2731),20,13.490570911909067,23229
7743,3,C(7743;1;2295;2789),20,13.490570911909067,23229
