N,K,S,diameter,averageShortestPathLength,edges
7197,3,C(7197;1;68;1390),20,13.169260700389104,21591
7197,3,C(7197;1;290;1486),20,13.169260700389104,21591
7197,3,C(7197;1;2308;3281),20,13.169260700389104,21591
