N,K,S,diameter,averageShortestPathLength,edges
7150,3,C(7150;1;246;349),20,13.132326199468457,21450
7150,3,C(7150;1;799;3504),20,13.132326199468457,21450
