N,K,S,diameter,averageShortestPathLength,edges
7784,3,C(7784;1;310;1611),20,13.508544263137608,23352
7784,3,C(7784;1;517;3194),20,13.508544263137608,23352
