N,K,S,diameter,averageShortestPathLength,edges
7742,3,C(7742;1;1345;2262),20,13.481333161090298,23226
7742,3,C(7742;1;3688;3753),20,13.481333161090298,23226
