N,K,S,diameter,averageShortestPathLength,edges
7353,3,C(7353;1;2477;3159),20,13.262241566920565,22059
7353,3,C(7353;1;3488;3555),20,13.262241566920565,22059
