N,K,S,diameter,averageShortestPathLength,edges
7282,3,C(7282;1;318;1811),20,13.218651284164263,21846
7282,3,C(7282;1;575;800),20,13.218651284164263,21846
