N,K,S,diameter,averageShortestPathLength,edges
7892,3,C(7892;1;1478;2391),20,13.579394246610063,23676
7892,3,C(7892;1;1855;3166),20,13.579394246610063,23676
