N,K,S,diameter,averageShortestPathLength,edges
7017,3,C(7017;1;163;3396),20,13.057012542759407,21051
7017,3,C(7017;1;711;2626),20,13.057012542759407,21051
