N,K,S,diameter,averageShortestPathLength,edges
7988,3,C(7988;1;115;1754),21,13.632027043946414,23964
7988,3,C(7988;1;903;2238),21,13.632027043946414,23964
