N,K,S,diameter,averageShortestPathLength,edges
7445,3,C(7445;1;429;979),20,13.308436324556689,22335
7445,3,C(7445;1;586;3559),20,13.308436324556689,22335
7445,3,C(7445;1;1334;2204),20,13.308436324556689,22335
