N,K,S,diameter,averageShortestPathLength,edges
7655,3,C(7655;1;606;2384),20,13.433760125424614,22965
7655,3,C(7655;1;1461;2614),20,13.433760125424614,22965
7655,3,C(7655;1;1579;1924),20,13.433760125424614,22965
