N,K,S,diameter,averageShortestPathLength,edges
7376,3,C(7376;1;189;2996),20,13.270915254237288,22128
7376,3,C(7376;1;1483;2716),20,13.270915254237288,22128
