N,K,S,diameter,averageShortestPathLength,edges
7277,3,C(7277;1;779;1866),20,13.203683342495877,21831
7277,3,C(7277;1;1501;1829),20,13.203683342495877,21831
