N,K,S,diameter,averageShortestPathLength,edges
7917,3,C(7917;1;638;3928),20,13.589944416371905,23751
7917,3,C(7917;1;1189;3634),20,13.589944416371905,23751
