N,K,S,diameter,averageShortestPathLength,edges
7682,3,C(7682;1;985;3488),21,13.453196198411666,23046
7682,3,C(7682;1;2624;3065),21,13.453196198411666,23046
