N,K,S,diameter,averageShortestPathLength,edges
7347,3,C(7347;1;179;3550),20,13.25210999183229,22041
7347,3,C(7347;1;296;1517),20,13.25210999183229,22041
7347,3,C(7347;1;1663;2750),20,13.25210999183229,22041
