N,K,S,diameter,averageShortestPathLength,edges
7219,3,C(7219;1;423;2795),20,13.180105292324743,21657
7219,3,C(7219;1;1196;3399),20,13.180105292324743,21657
7219,3,C(7219;1;2321;2686),20,13.180105292324743,21657
