N,K,S,diameter,averageShortestPathLength,edges
7660,3,C(7660;1;969;3120),20,13.440135787961875,22980
7660,3,C(7660;1;1249;2060),20,13.440135787961875,22980
