N,K,S,diameter,averageShortestPathLength,edges
7046,3,C(7046;1;1163;3322),20,13.072107877927609,21138
7046,3,C(7046;1;1572;3005),20,13.072107877927609,21138
