N,K,S,diameter,averageShortestPathLength,edges
7313,3,C(7313;1;183;3140),20,13.228938730853391,21939
7313,3,C(7313;1;862;1039),20,13.228938730853391,21939
7313,3,C(7313;1;892;2350),20,13.228938730853391,21939
