N,K,S,diameter,averageShortestPathLength,edges
7759,3,C(7759;1;258;988),20,13.501675689610725,23277
7759,3,C(7759;1;1560;2857),20,13.501675689610725,23277
7759,3,C(7759;1;2301;3785),20,13.501675689610725,23277
