N,K,S,diameter,averageShortestPathLength,edges
7385,3,C(7385;1;258;1485),20,13.27139761646804,22155
7385,3,C(7385;1;3515;3578),20,13.27139761646804,22155
