N,K,S,diameter,averageShortestPathLength,edges
7497,3,C(7497;1;566;2031),20,13.343383137673426,22491
7497,3,C(7497;1;755;3480),20,13.343383137673426,22491
