N,K,S,diameter,averageShortestPathLength,edges
7873,3,C(7873;1;833;1777),20,13.563262195121951,23619
7873,3,C(7873;1;1361;1486),20,13.563262195121951,23619
7873,3,C(7873;1;1404;2295),20,13.563262195121951,23619
