N,K,S,diameter,averageShortestPathLength,edges
7943,3,C(7943;1;320;1640),20,13.597582472928734,23829
7943,3,C(7943;1;581;3647),20,13.597582472928734,23829
7943,3,C(7943;1;998;1812),20,13.597582472928734,23829
