N,K,S,diameter,averageShortestPathLength,edges
7185,3,C(7185;1;239;339),20,13.151169265033408,21555
7185,3,C(7185;1;481;2196),20,13.151169265033408,21555
