N,K,S,diameter,averageShortestPathLength,edges
7075,3,C(7075;1;191;3026),20,13.088775798699462,21225
7075,3,C(7075;1;889;1614),20,13.088775798699462,21225
7075,3,C(7075;1;2766;3126),20,13.088775798699462,21225
