N,K,S,diameter,averageShortestPathLength,edges
7162,3,C(7162;1;158;907),20,13.140483172741238,21486
7162,3,C(7162;1;1358;2819),20,13.140483172741238,21486
