N,K,S,diameter,averageShortestPathLength,edges
7845,3,C(7845;1;521;3219),21,13.552269250382459,23535
7845,3,C(7845;1;744;2876),21,13.552269250382459,23535
