N,K,S,diameter,averageShortestPathLength,edges
7849,3,C(7849;1;172;1678),21,13.551987767584098,23547
7849,3,C(7849;1;856;1899),21,13.551987767584098,23547
7849,3,C(7849;1;2637;3240),21,13.551987767584098,23547
