N,K,S,diameter,averageShortestPathLength,edges
7942,3,C(7942;1;1491;1794),20,13.603828233219998,23826
7942,3,C(7942;1;2220;3441),20,13.603828233219998,23826
