N,K,S,diameter,averageShortestPathLength,edges
7851,3,C(7851;1;1902;2056),20,13.554394904458599,23553
7851,3,C(7851;1;3494;3642),20,13.554394904458599,23553
