N,K,S,diameter,averageShortestPathLength,edges
7307,3,C(7307;1;378;2540),20,13.225294278675062,21921
7307,3,C(7307;1;386;994),20,13.225294278675062,21921
7307,3,C(7307;1;1654;2735),20,13.225294278675062,21921
7307,3,C(7307;1;1782;2707),20,13.225294278675062,21921
7307,3,C(7307;1;2455;2829),20,13.225294278675062,21921
7307,3,C(7307;1;2638;3412),20,13.225294278675062,21921
