N,K,S,diameter,averageShortestPathLength,edges
7205,3,C(7205;1;760;828),20,13.161854525263742,21615
7205,3,C(7205;1;1635;2567),20,13.161854525263742,21615
