N,K,S,diameter,averageShortestPathLength,edges
7070,3,C(7070;1;2512;2857),20,13.086858112887255,21210
7070,3,C(7070;1;2633;3424),20,13.086858112887255,21210
