N,K,S,diameter,averageShortestPathLength,edges
7299,3,C(7299;1;119;2772),20,13.220882433543437,21897
7299,3,C(7299;1;184;882),20,13.220882433543437,21897
