N,K,S,diameter,averageShortestPathLength,edges
7779,3,C(7779;1;2228;3528),20,13.516070969400873,23337
7779,3,C(7779;1;2252;2697),20,13.516070969400873,23337
