N,K,S,diameter,averageShortestPathLength,edges
7516,3,C(7516;1;174;3617),20,13.358349966733201,22548
7516,3,C(7516;1;613;1438),20,13.358349966733201,22548
