N,K,S,diameter,averageShortestPathLength,edges
7658,3,C(7658;1;447;2780),20,13.443646336685386,22974
7658,3,C(7658;1;1450;3375),20,13.443646336685386,22974
