N,K,S,diameter,averageShortestPathLength,edges
7722,3,C(7722;1;1246;1349),21,13.474161378059836,23166
7722,3,C(7722;1;1516;1889),21,13.474161378059836,23166
