N,K,S,diameter,averageShortestPathLength,edges
7910,3,C(7910;1;501;3050),20,13.586420533569351,23730
7910,3,C(7910;1;821;3420),20,13.586420533569351,23730
