N,K,S,diameter,averageShortestPathLength,edges
7860,3,C(7860;1;2761;3486),21,13.555668660134877,23580
7860,3,C(7860;1;2874;3419),21,13.555668660134877,23580
