N,K,S,diameter,averageShortestPathLength,edges
7763,3,C(7763;1;272;2838),20,13.497294511723782,23289
7763,3,C(7763;1;410;1056),20,13.497294511723782,23289
7763,3,C(7763;1;982;3162),20,13.497294511723782,23289
