N,K,S,diameter,averageShortestPathLength,edges
7079,3,C(7079;1;977;2153),20,13.085052274653856,21237
7079,3,C(7079;1;2157;3333),20,13.085052274653856,21237
7079,3,C(7079;1;2706;3295),20,13.085052274653856,21237
