N,K,S,diameter,averageShortestPathLength,edges
7363,3,C(7363;1;365;2146),20,13.264330345014942,22089
7363,3,C(7363;1;1850;3389),20,13.264330345014942,22089
