N,K,S,diameter,averageShortestPathLength,edges
7153,3,C(7153;1;1599;2049),20,13.144015659955258,21459
7153,3,C(7153;1;2693;2994),20,13.144015659955258,21459
7153,3,C(7153;1;2984;3093),20,13.144015659955258,21459
