N,K,S,diameter,averageShortestPathLength,edges
7916,3,C(7916;1;1141;2456),20,13.586734049273531,23748
7916,3,C(7916;1;1561;2472),20,13.586734049273531,23748
