N,K,S,diameter,averageShortestPathLength,edges
7001,3,C(7001;1;270;1665),20,13.050285714285714,21003
7001,3,C(7001;1;1173;1841),20,13.050285714285714,21003
7001,3,C(7001;1;1892;3326),20,13.050285714285714,21003
