N,K,S,diameter,averageShortestPathLength,edges
7348,3,C(7348;1;379;1452),20,13.256839526337281,22044
7348,3,C(7348;1;1012;3199),20,13.256839526337281,22044
