N,K,S,diameter,averageShortestPathLength,edges
7142,3,C(7142;1;174;3451),20,13.122111749054755,21426
7142,3,C(7142;1;180;863),20,13.122111749054755,21426
