N,K,S,diameter,averageShortestPathLength,edges
7218,3,C(7218;1;1359;2332),20,13.168768186226965,21654
7218,3,C(7218;1;2109;3058),20,13.168768186226965,21654
