N,K,S,diameter,averageShortestPathLength,edges
7287,3,C(7287;1;377;2533),20,13.215481745813889,21861
7287,3,C(7287;1;1378;2129),20,13.215481745813889,21861
7287,3,C(7287;1;1469;2680),20,13.215481745813889,21861
