N,K,S,diameter,averageShortestPathLength,edges
7947,3,C(7947;1;112;3489),21,13.610873395419079,23841
7947,3,C(7947;1;1317;3193),21,13.610873395419079,23841
