N,K,S,diameter,averageShortestPathLength,edges
7806,3,C(7806;1;1182;2975),20,13.523382447149263,23418
7806,3,C(7806;1;2023;2550),20,13.523382447149263,23418
