N,K,S,diameter,averageShortestPathLength,edges
7409,3,C(7409;1;1414;2530),20,13.288876889848812,22227
7409,3,C(7409;1;1427;1661),20,13.288876889848812,22227
7409,3,C(7409;1;1842;3380),20,13.288876889848812,22227
