N,K,S,diameter,averageShortestPathLength,edges
7103,3,C(7103;1;1173;2570),20,13.110673049845113,21309
7103,3,C(7103;1;1330;2404),20,13.110673049845113,21309
7103,3,C(7103;1;1960;2551),20,13.110673049845113,21309
