N,K,S,diameter,averageShortestPathLength,edges
7650,3,C(7650;1;251;356),21,13.433912929794744,22950
7650,3,C(7650;1;701;2894),21,13.433912929794744,22950
