N,K,S,diameter,averageShortestPathLength,edges
7829,3,C(7829;1;1363;2437),21,13.542667347981604,23487
7829,3,C(7829;1;1660;2173),21,13.542667347981604,23487
7829,3,C(7829;1;3030;3582),21,13.542667347981604,23487
