N,K,S,diameter,averageShortestPathLength,edges
7175,3,C(7175;1;969;3411),20,13.145804293281294,21525
7175,3,C(7175;1;1629;3069),20,13.145804293281294,21525
7175,3,C(7175;1;1809;2221),20,13.145804293281294,21525
