N,K,S,diameter,averageShortestPathLength,edges
7855,3,C(7855;1;424;2160),20,13.553603259485612,23565
7855,3,C(7855;1;2080;2501),20,13.553603259485612,23565
