N,K,S,diameter,averageShortestPathLength,edges
7698,3,C(7698;1;1343;2286),20,13.457580875665844,23094
7698,3,C(7698;1;3426;3571),20,13.457580875665844,23094
