N,K,S,diameter,averageShortestPathLength,edges
7411,3,C(7411;1;1409;2413),20,13.297435897435898,22233
7411,3,C(7411;1;1742;2973),20,13.297435897435898,22233
7411,3,C(7411;1;3212;3503),20,13.297435897435898,22233
