N,K,S,diameter,averageShortestPathLength,edges
7979,3,C(7979;1;866;1879),20,13.625470042617197,23937
7979,3,C(7979;1;1375;2976),20,13.625470042617197,23937
7979,3,C(7979;1;2068;3592),20,13.625470042617197,23937
