N,K,S,diameter,averageShortestPathLength,edges
7546,3,C(7546;1;251;356),20,13.368986083499006,22638
7546,3,C(7546;1;1413;2554),20,13.368986083499006,22638
