N,K,S,diameter,averageShortestPathLength,edges
7271,3,C(7271;1;1101;2826),20,13.212104539202201,21813
7271,3,C(7271;1;1253;1937),20,13.212104539202201,21813
7271,3,C(7271;1;1651;2256),20,13.212104539202201,21813
