N,K,S,diameter,averageShortestPathLength,edges
7279,3,C(7279;1;161;3509),20,13.211596592470459,21837
7279,3,C(7279;1;3210;3277),20,13.211596592470459,21837
