N,K,S,diameter,averageShortestPathLength,edges
7274,3,C(7274;1;466;1519),20,13.207892204042349,21822
7274,3,C(7274;1;1269;2160),20,13.207892204042349,21822
