N,K,S,diameter,averageShortestPathLength,edges
7792,3,C(7792;1;2166;3630),20,13.517263509177257,23376
7792,3,C(7792;1;2178;3376),20,13.517263509177257,23376
