N,K,S,diameter,averageShortestPathLength,edges
7771,3,C(7771;1;68;1254),20,13.512741312741312,23313
7771,3,C(7771;1;247;2857),20,13.512741312741312,23313
