N,K,S,diameter,averageShortestPathLength,edges
7791,3,C(7791;1;1493;2200),21,13.520410783055199,23373
7791,3,C(7791;1;1649;2806),21,13.520410783055199,23373
7791,3,C(7791;1;2440;3268),21,13.520410783055199,23373
