N,K,S,diameter,averageShortestPathLength,edges
7244,3,C(7244;1;1088;3325),20,13.190804915090432,21732
7244,3,C(7244;1;2061;3272),20,13.190804915090432,21732
