N,K,S,diameter,averageShortestPathLength,edges
7262,3,C(7262;1;792;1757),20,13.202726897121609,21786
7262,3,C(7262;1;1831;2248),20,13.202726897121609,21786
