N,K,S,diameter,averageShortestPathLength,edges
7199,3,C(7199;1;914;2305),20,13.166712975826618,21597
7199,3,C(7199;1;1090;2798),20,13.166712975826618,21597
7199,3,C(7199;1;2166;3476),20,13.166712975826618,21597
