N,K,S,diameter,averageShortestPathLength,edges
7285,3,C(7285;1;239;339),20,13.2111477210324,21855
7285,3,C(7285;1;1654;3116),20,13.2111477210324,21855
7285,3,C(7285;1;2559;3231),20,13.2111477210324,21855
