N,K,S,diameter,averageShortestPathLength,edges
7528,3,C(7528;1;329;1116),20,13.365351401620831,22584
7528,3,C(7528;1;500;3089),20,13.365351401620831,22584
