N,K,S,diameter,averageShortestPathLength,edges
7665,3,C(7665;1;925;1961),20,13.439979123173277,22995
7665,3,C(7665;1;1735;2869),20,13.439979123173277,22995
