N,K,S,diameter,averageShortestPathLength,edges
7652,3,C(7652;1;855;3750),21,13.437981963142073,22956
7652,3,C(7652;1;3025;3486),21,13.437981963142073,22956
