N,K,S,diameter,averageShortestPathLength,edges
7048,3,C(7048;1;246;349),20,13.068965517241379,21144
7048,3,C(7048;1;1555;1938),20,13.068965517241379,21144
