N,K,S,diameter,averageShortestPathLength,edges
7250,3,C(7250;1;1349;1954),20,13.192854186784384,21750
7250,3,C(7250;1;1646;3101),20,13.192854186784384,21750
