N,K,S,diameter,averageShortestPathLength,edges
7835,3,C(7835;1;166;3783),20,13.541741128414603,23505
7835,3,C(7835;1;236;402),20,13.541741128414603,23505
7835,3,C(7835;1;2767;2943),20,13.541741128414603,23505
