N,K,S,diameter,averageShortestPathLength,edges
7540,3,C(7540;1;1297;3500),20,13.361321130123358,22620
7540,3,C(7540;1;1520;2773),20,13.361321130123358,22620
