N,K,S,diameter,averageShortestPathLength,edges
7014,3,C(7014;1;827;3000),20,13.049051761015257,21042
7014,3,C(7014;1;1357;2880),20,13.049051761015257,21042
