N,K,S,diameter,averageShortestPathLength,edges
7487,3,C(7487;1;1402;2534),20,13.330750734704782,22461
7487,3,C(7487;1;1700;2323),20,13.330750734704782,22461
7487,3,C(7487;1;1888;3422),20,13.330750734704782,22461
