N,K,S,diameter,averageShortestPathLength,edges
7255,3,C(7255;1;418;954),20,13.201819685690653,21765
7255,3,C(7255;1;1202;3156),20,13.201819685690653,21765
7255,3,C(7255;1;1753;3543),20,13.201819685690653,21765
