N,K,S,diameter,averageShortestPathLength,edges
7941,3,C(7941;1;236;407),21,13.60528967254408,23823
7941,3,C(7941;1;503;3062),21,13.60528967254408,23823
7941,3,C(7941;1;742;878),21,13.60528967254408,23823
