N,K,S,diameter,averageShortestPathLength,edges
7708,3,C(7708;1;474;1799),20,13.468145841442844,23124
7708,3,C(7708;1;1377;3536),20,13.468145841442844,23124
7708,3,C(7708;1;1520;2407),20,13.468145841442844,23124
7708,3,C(7708;1;2755;3218),20,13.468145841442844,23124
