N,K,S,diameter,averageShortestPathLength,edges
7556,3,C(7556;1;189;1564),20,13.379351422898743,22668
7556,3,C(7556;1;528;1879),20,13.379351422898743,22668
