N,K,S,diameter,averageShortestPathLength,edges
7465,3,C(7465;1;938;1703),20,13.32395498392283,22395
7465,3,C(7465;1;1389;2012),20,13.32395498392283,22395
7465,3,C(7465;1;2139;3637),20,13.32395498392283,22395
