N,K,S,diameter,averageShortestPathLength,edges
7143,3,C(7143;1;1275;3218),20,13.128535424250909,21429
7143,3,C(7143;1;2502;3425),20,13.128535424250909,21429
