N,K,S,diameter,averageShortestPathLength,edges
7999,3,C(7999;1;733;3026),21,13.635658914728682,23997
7999,3,C(7999;1;1203;1668),21,13.635658914728682,23997
7999,3,C(7999;1;1270;1375),21,13.635658914728682,23997
