N,K,S,diameter,averageShortestPathLength,edges
7762,3,C(7762;1;1216;2311),21,13.505733797191084,23286
7762,3,C(7762;1;2186;3043),21,13.505733797191084,23286
