N,K,S,diameter,averageShortestPathLength,edges
7065,3,C(7065;1;833;3401),20,13.084371460928653,21195
7065,3,C(7065;1;1498;1961),20,13.084371460928653,21195
7065,3,C(7065;1;2693;3418),20,13.084371460928653,21195
