N,K,S,diameter,averageShortestPathLength,edges
7214,3,C(7214;1;60;1166),20,13.172605018716206,21642
7214,3,C(7214;1;1142;1960),20,13.172605018716206,21642
