N,K,S,diameter,averageShortestPathLength,edges
7025,3,C(7025;1;1332;2765),20,13.057801822323462,21075
7025,3,C(7025;1;1482;2155),20,13.057801822323462,21075
