N,K,S,diameter,averageShortestPathLength,edges
7905,3,C(7905;1;637;3922),21,13.585526315789474,23715
7905,3,C(7905;1;1787;3121),21,13.585526315789474,23715
7905,3,C(7905;1;2203;3779),21,13.585526315789474,23715
