N,K,S,diameter,averageShortestPathLength,edges
7428,3,C(7428;1;2904;3282),20,13.302006193617881,22284
7428,3,C(7428;1;3012;3174),20,13.302006193617881,22284
