N,K,S,diameter,averageShortestPathLength,edges
7737,3,C(7737;1;1555;1980),20,13.487331954498449,23211
7737,3,C(7737;1;2647;3111),20,13.487331954498449,23211
