N,K,S,diameter,averageShortestPathLength,edges
7649,3,C(7649;1;713;2698),20,13.43723849372385,22947
7649,3,C(7649;1;933;2458),20,13.43723849372385,22947
7649,3,C(7649;1;951;3036),20,13.43723849372385,22947
