N,K,S,diameter,averageShortestPathLength,edges
7581,3,C(7581;1;1304;3519),20,13.398153034300792,22743
7581,3,C(7581;1;1317;2215),20,13.398153034300792,22743
