N,K,S,diameter,averageShortestPathLength,edges
7952,3,C(7952;1;489;1856),20,13.606967677021759,23856
7952,3,C(7952;1;2423;3744),20,13.606967677021759,23856
