N,K,S,diameter,averageShortestPathLength,edges
7400,3,C(7400;1;796;3249),20,13.284633058521422,22200
7400,3,C(7400;1;1649;2804),20,13.284633058521422,22200
