N,K,S,diameter,averageShortestPathLength,edges
7667,3,C(7667;1;405;1043),20,13.43934255152622,23001
7667,3,C(7667;1;1209;3559),20,13.43934255152622,23001
7667,3,C(7667;1;3323;3624),20,13.43934255152622,23001
