N,K,S,diameter,averageShortestPathLength,edges
7594,3,C(7594;1;1490;3231),21,13.405241669959173,22782
7594,3,C(7594;1;1979;2238),21,13.405241669959173,22782
