N,K,S,diameter,averageShortestPathLength,edges
7226,3,C(7226;1;781;1310),20,13.181868512110727,21678
7226,3,C(7226;1;1027;1334),20,13.181868512110727,21678
