N,K,S,diameter,averageShortestPathLength,edges
7178,3,C(7178;1;1821;2646),20,13.145743346802286,21534
7178,3,C(7178;1;2641;3286),20,13.145743346802286,21534
