N,K,S,diameter,averageShortestPathLength,edges
7756,3,C(7756;1;405;3604),20,13.48949065119278,23268
7756,3,C(7756;1;1504;3179),20,13.48949065119278,23268
