N,K,S,diameter,averageShortestPathLength,edges
7217,3,C(7217;1;240;919),20,13.173780487804878,21651
7217,3,C(7217;1;1390;1618),20,13.173780487804878,21651
7217,3,C(7217;1;2199;3398),20,13.173780487804878,21651
