N,K,S,diameter,averageShortestPathLength,edges
7565,3,C(7565;1;845;1828),20,13.377842411422527,22695
7565,3,C(7565;1;1030;2123),20,13.377842411422527,22695
