N,K,S,diameter,averageShortestPathLength,edges
7297,3,C(7297;1;166;3514),20,13.219572368421053,21891
7297,3,C(7297;1;197;3121),20,13.219572368421053,21891
7297,3,C(7297;1;971;2620),20,13.219572368421053,21891
7297,3,C(7297;1;1007;3174),20,13.219572368421053,21891
7297,3,C(7297;1;2053;2320),20,13.219572368421053,21891
7297,3,C(7297;1;2577;2741),20,13.219572368421053,21891
