N,K,S,diameter,averageShortestPathLength,edges
7109,3,C(7109;1;761;1823),20,13.101575689364097,21327
7109,3,C(7109;1;838;1010),20,13.101575689364097,21327
7109,3,C(7109;1;1121;3300),20,13.101575689364097,21327
