N,K,S,diameter,averageShortestPathLength,edges
7243,3,C(7243;1;874;1853),20,13.186136426401546,21729
7243,3,C(7243;1;1200;1435),20,13.186136426401546,21729
7243,3,C(7243;1;1616;3089),20,13.186136426401546,21729
