N,K,S,diameter,averageShortestPathLength,edges
7291,3,C(7291;1;803;3371),20,13.224142661179698,21873
7291,3,C(7291;1;906;2178),20,13.224142661179698,21873
7291,3,C(7291;1;1253;2374),20,13.224142661179698,21873
