N,K,S,diameter,averageShortestPathLength,edges
7388,3,C(7388;1;871;2964),20,13.27778529849736,22164
7388,3,C(7388;1;2621;3532),20,13.27778529849736,22164
