N,K,S,diameter,averageShortestPathLength,edges
7672,3,C(7672;1;335;1908),20,13.449224351453527,23016
7672,3,C(7672;1;1460;3023),20,13.449224351453527,23016
