N,K,S,diameter,averageShortestPathLength,edges
7586,3,C(7586;1;367;2672),20,13.401054713249835,22758
7586,3,C(7586;1;1881;3486),20,13.401054713249835,22758
