N,K,S,diameter,averageShortestPathLength,edges
7171,3,C(7171;1;166;3451),20,13.141143654114366,21513
7171,3,C(7171;1;216;368),20,13.141143654114366,21513
7171,3,C(7171;1;721;2026),20,13.141143654114366,21513
7171,3,C(7171;1;1889;3331),20,13.141143654114366,21513
7171,3,C(7171;1;2071;3247),20,13.141143654114366,21513
7171,3,C(7171;1;2589;2754),20,13.141143654114366,21513
