N,K,S,diameter,averageShortestPathLength,edges
7808,3,C(7808;1;311;1616),20,13.522351735621879,23424
7808,3,C(7808;1;432;1657),20,13.522351735621879,23424
