N,K,S,diameter,averageShortestPathLength,edges
7051,3,C(7051;1;219;373),20,13.078865248226951,21153
7051,3,C(7051;1;472;2155),20,13.078865248226951,21153
7051,3,C(7051;1;1071;1364),20,13.078865248226951,21153
7051,3,C(7051;1;1803;2674),20,13.078865248226951,21153
7051,3,C(7051;1;2324;3014),20,13.078865248226951,21153
