N,K,S,diameter,averageShortestPathLength,edges
7190,3,C(7190;1;116;3151),20,13.155515370705244,21570
7190,3,C(7190;1;251;356),20,13.155515370705244,21570
