N,K,S,diameter,averageShortestPathLength,edges
7915,3,C(7915;1;129;3006),21,13.592620672226435,23745
7915,3,C(7915;1;859;1864),21,13.592620672226435,23745
7915,3,C(7915;1;1414;3631),21,13.592620672226435,23745
