N,K,S,diameter,averageShortestPathLength,edges
7134,3,C(7134;1;234;332),20,13.117762512266928,21402
7134,3,C(7134;1;3092;3372),20,13.117762512266928,21402
