N,K,S,diameter,averageShortestPathLength,edges
7381,3,C(7381;1;1988;2220),20,13.273441734417345,22143
7381,3,C(7381;1;2590;3018),20,13.273441734417345,22143
7381,3,C(7381;1;3516;3578),20,13.273441734417345,22143
