N,K,S,diameter,averageShortestPathLength,edges
7982,3,C(7982;1;331;1194),21,13.630121538654304,23946
7982,3,C(7982;1;334;1471),21,13.630121538654304,23946
