N,K,S,diameter,averageShortestPathLength,edges
7777,3,C(7777;1;1646;2801),21,13.50925925925926,23331
7777,3,C(7777;1;1702;1772),21,13.50925925925926,23331
7777,3,C(7777;1;2764;3849),21,13.50925925925926,23331
