N,K,S,diameter,averageShortestPathLength,edges
7193,3,C(7193;1;591;2886),20,13.164627363737486,21579
7193,3,C(7193;1;1923;3218),20,13.164627363737486,21579
7193,3,C(7193;1;2385;2779),20,13.164627363737486,21579
