N,K,S,diameter,averageShortestPathLength,edges
7841,3,C(7841;1;583;2683),20,13.54438775510204,23523
7841,3,C(7841;1;2291;3322),20,13.54438775510204,23523
7841,3,C(7841;1;3732;3799),20,13.54438775510204,23523
