N,K,S,diameter,averageShortestPathLength,edges
7433,3,C(7433;1;213;1662),20,13.304090419806244,22299
7433,3,C(7433;1;1012;2086),20,13.304090419806244,22299
7433,3,C(7433;1;1212;1999),20,13.304090419806244,22299
