N,K,S,diameter,averageShortestPathLength,edges
7983,3,C(7983;1;466;2898),21,13.629165622650964,23949
7983,3,C(7983;1;1548;3272),21,13.629165622650964,23949
