N,K,S,diameter,averageShortestPathLength,edges
7637,3,C(7637;1;1685;2100),20,13.422996333158721,22911
7637,3,C(7637;1;1925;3363),20,13.422996333158721,22911
