N,K,S,diameter,averageShortestPathLength,edges
7343,3,C(7343;1;63;1747),20,13.250068101334787,22029
7343,3,C(7343;1;786;1883),20,13.250068101334787,22029
