N,K,S,diameter,averageShortestPathLength,edges
7614,3,C(7614;1;613;1776),20,13.406147379482464,22842
7614,3,C(7614;1;3624;3689),20,13.406147379482464,22842
