N,K,S,diameter,averageShortestPathLength,edges
7309,3,C(7309;1;771;840),20,13.234263820470717,21927
7309,3,C(7309;1;2184;2794),20,13.234263820470717,21927
7309,3,C(7309;1;2786;3536),20,13.234263820470717,21927
