N,K,S,diameter,averageShortestPathLength,edges
7511,3,C(7511;1;328;1868),20,13.351264980026631,22533
7511,3,C(7511;1;804;1926),20,13.351264980026631,22533
7511,3,C(7511;1;3578;3641),20,13.351264980026631,22533
