N,K,S,diameter,averageShortestPathLength,edges
7104,3,C(7104;1;1608;2659),20,13.101647191327608,21312
7104,3,C(7104;1;2520;3019),20,13.101647191327608,21312
