N,K,S,diameter,averageShortestPathLength,edges
7690,3,C(7690;1;484;3217),20,13.462738977760438,23070
7690,3,C(7690;1;2247;3258),20,13.462738977760438,23070
