N,K,S,diameter,averageShortestPathLength,edges
7610,3,C(7610;1;64;1307),20,13.408463661453542,22830
7610,3,C(7610;1;1048;3313),20,13.408463661453542,22830
