N,K,S,diameter,averageShortestPathLength,edges
7292,3,C(7292;1;416;3373),20,13.222603209436292,21876
7292,3,C(7292;1;696;2631),20,13.222603209436292,21876
