N,K,S,diameter,averageShortestPathLength,edges
7154,3,C(7154;1;1562;1751),20,13.132811407800922,21462
7154,3,C(7154;1;1854;2337),20,13.132811407800922,21462
