N,K,S,diameter,averageShortestPathLength,edges
7922,3,C(7922;1;522;2547),20,13.591213230652695,23766
7922,3,C(7922;1;812;2199),20,13.591213230652695,23766
