N,K,S,diameter,averageShortestPathLength,edges
7301,3,C(7301;1;569;2912),20,13.227945205479452,21903
7301,3,C(7301;1;2828;3118),20,13.227945205479452,21903
