N,K,S,diameter,averageShortestPathLength,edges
7311,3,C(7311;1;118;3204),20,13.234199726402188,21933
7311,3,C(7311;1;1212;2912),20,13.234199726402188,21933
