N,K,S,diameter,averageShortestPathLength,edges
7772,3,C(7772;1;832;1993),20,13.501608544588857,23316
7772,3,C(7772;1;916;2215),20,13.501608544588857,23316
