N,K,S,diameter,averageShortestPathLength,edges
7415,3,C(7415;1;874;1491),20,13.297545184785541,22245
7415,3,C(7415;1;2039;2486),20,13.297545184785541,22245
7415,3,C(7415;1;2384;2759),20,13.297545184785541,22245
