N,K,S,diameter,averageShortestPathLength,edges
7881,3,C(7881;1;687;2258),21,13.565228426395938,23643
7881,3,C(7881;1;2796;3403),21,13.565228426395938,23643
