N,K,S,diameter,averageShortestPathLength,edges
7839,3,C(7839;1;619;738),21,13.546312834906864,23517
7839,3,C(7839;1;3128;3798),21,13.546312834906864,23517
