N,K,S,diameter,averageShortestPathLength,edges
7327,3,C(7327;1;68;1923),20,13.247065247065247,21981
7327,3,C(7327;1;281;2701),20,13.247065247065247,21981
7327,3,C(7327;1;884;2168),20,13.247065247065247,21981
7327,3,C(7327;1;1709;3353),20,13.247065247065247,21981
7327,3,C(7327;1;2790;3634),20,13.247065247065247,21981
