N,K,S,diameter,averageShortestPathLength,edges
7529,3,C(7529;1;263;1514),20,13.35759829968119,22587
7529,3,C(7529;1;1437;2571),20,13.35759829968119,22587
7529,3,C(7529;1;1460;3086),20,13.35759829968119,22587
