N,K,S,diameter,averageShortestPathLength,edges
7013,3,C(7013;1;201;1568),19,13.04249857387336,21039
7013,3,C(7013;1;1060;2670),19,13.04249857387336,21039
7013,3,C(7013;1;1857;2233),19,13.04249857387336,21039
