N,K,S,diameter,averageShortestPathLength,edges
7129,3,C(7129;1;212;1960),20,13.120931537598205,21387
7129,3,C(7129;1;587;2126),20,13.120931537598205,21387
7129,3,C(7129;1;1291;2143),20,13.120931537598205,21387
7129,3,C(7129;1;1715;3488),20,13.120931537598205,21387
7129,3,C(7129;1;2684;2984),20,13.120931537598205,21387
7129,3,C(7129;1;3379;3448),20,13.120931537598205,21387
