N,K,S,diameter,averageShortestPathLength,edges
7399,3,C(7399;1;517;1840),20,13.284130846174643,22197
7399,3,C(7399;1;1275;2087),20,13.284130846174643,22197
7399,3,C(7399;1;3263;3331),20,13.284130846174643,22197
