N,K,S,diameter,averageShortestPathLength,edges
7701,3,C(7701;1;65;1838),20,13.464675324675325,23103
7701,3,C(7701;1;331;1588),20,13.464675324675325,23103
7701,3,C(7701;1;1450;2488),20,13.464675324675325,23103
