N,K,S,diameter,averageShortestPathLength,edges
7800,3,C(7800;1;412;1061),20,13.519425567380434,23400
7800,3,C(7800;1;581;1230),20,13.519425567380434,23400
7800,3,C(7800;1;941;2308),20,13.519425567380434,23400
7800,3,C(7800;1;1770;2779),20,13.519425567380434,23400
