N,K,S,diameter,averageShortestPathLength,edges
7746,3,C(7746;1;246;349),20,13.491801162040026,23238
7746,3,C(7746;1;1709;2130),20,13.491801162040026,23238
