N,K,S,diameter,averageShortestPathLength,edges
7335,3,C(7335;1;1216;3326),20,13.247613853286065,22005
7335,3,C(7335;1;1264;2069),20,13.247613853286065,22005
7335,3,C(7335;1;3476;3544),20,13.247613853286065,22005
