N,K,S,diameter,averageShortestPathLength,edges
7368,3,C(7368;1;1673;2286),20,13.260485950861952,22104
7368,3,C(7368;1;1951;2346),20,13.260485950861952,22104
