N,K,S,diameter,averageShortestPathLength,edges
7659,3,C(7659;1;785;2126),20,13.440062679550797,22977
7659,3,C(7659;1;793;3649),20,13.440062679550797,22977
7659,3,C(7659;1;1985;3448),20,13.440062679550797,22977
