N,K,S,diameter,averageShortestPathLength,edges
7312,3,C(7312;1;426;2451),20,13.231705649022022,21936
7312,3,C(7312;1;1605;3598),20,13.231705649022022,21936
