N,K,S,diameter,averageShortestPathLength,edges
7475,3,C(7475;1;960;1757),20,13.331281776826332,22425
7475,3,C(7475;1;2893;3420),20,13.331281776826332,22425
