N,K,S,diameter,averageShortestPathLength,edges
7503,3,C(7503;1;166;3617),20,13.344441482271394,22509
7503,3,C(7503;1;226;385),20,13.344441482271394,22509
7503,3,C(7503;1;838;1813),20,13.344441482271394,22509
