N,K,S,diameter,averageShortestPathLength,edges
7975,3,C(7975;1;261;361),21,13.621269124655129,23925
7975,3,C(7975;1;3799;3866),21,13.621269124655129,23925
