N,K,S,diameter,averageShortestPathLength,edges
7934,3,C(7934;1;284;349),20,13.60330265977562,23802
7934,3,C(7934;1;341;1636),20,13.60330265977562,23802
