N,K,S,diameter,averageShortestPathLength,edges
7342,3,C(7342;1;1427;1800),20,13.248739953684785,22026
7342,3,C(7342;1;1667;2278),20,13.248739953684785,22026
