N,K,S,diameter,averageShortestPathLength,edges
7245,3,C(7245;1;1009;1716),20,13.194091662065157,21735
7245,3,C(7245;1;2269;3039),20,13.194091662065157,21735
