N,K,S,diameter,averageShortestPathLength,edges
7551,3,C(7551;1;1251;1496),20,13.376423841059603,22653
7551,3,C(7551;1;1489;2358),20,13.376423841059603,22653
