N,K,S,diameter,averageShortestPathLength,edges
7671,3,C(7671;1;1152;3521),20,13.453194263363756,23013
7671,3,C(7671;1;1272;2183),20,13.453194263363756,23013
