N,K,S,diameter,averageShortestPathLength,edges
7539,3,C(7539;1;190;911),20,13.365614221278854,22617
7539,3,C(7539;1;811;3310),20,13.365614221278854,22617
7539,3,C(7539;1;2822;3214),20,13.365614221278854,22617
