N,K,S,diameter,averageShortestPathLength,edges
7631,3,C(7631;1;724;1879),20,13.41389252948886,22893
7631,3,C(7631;1;1574;1918),20,13.41389252948886,22893
7631,3,C(7631;1;1675;3755),20,13.41389252948886,22893
7631,3,C(7631;1;1892;2235),20,13.41389252948886,22893
7631,3,C(7631;1;2917;3552),20,13.41389252948886,22893
7631,3,C(7631;1;3359;3716),20,13.41389252948886,22893
