N,K,S,diameter,averageShortestPathLength,edges
7086,3,C(7086;1;246;2011),20,13.099364855328158,21258
7086,3,C(7086;1;504;895),20,13.099364855328158,21258
