N,K,S,diameter,averageShortestPathLength,edges
7789,3,C(7789;1;431;1653),20,13.512069851052901,23367
7789,3,C(7789;1;799;2512),20,13.512069851052901,23367
7789,3,C(7789;1;900;1550),20,13.512069851052901,23367
