N,K,S,diameter,averageShortestPathLength,edges
7909,3,C(7909;1;272;1859),20,13.583965604451189,23727
7909,3,C(7909;1;378;1199),20,13.583965604451189,23727
