N,K,S,diameter,averageShortestPathLength,edges
7447,3,C(7447;1;771;3548),20,13.31211388665055,22341
7447,3,C(7447;1;1014;3331),20,13.31211388665055,22341
7447,3,C(7447;1;1579;2067),20,13.31211388665055,22341
