N,K,S,diameter,averageShortestPathLength,edges
7464,3,C(7464;1;413;1584),20,13.310866943588369,22392
7464,3,C(7464;1;799;1914),20,13.310866943588369,22392
7464,3,C(7464;1;1121;3426),20,13.310866943588369,22392
7464,3,C(7464;1;3235;3528),20,13.310866943588369,22392
