N,K,S,diameter,averageShortestPathLength,edges
7530,3,C(7530;1;259;1770),20,13.362199495284898,22590
7530,3,C(7530;1;720;3169),20,13.362199495284898,22590
