N,K,S,diameter,averageShortestPathLength,edges
7683,3,C(7683;1;2345;2925),20,13.460557146576413,23049
7683,3,C(7683;1;2644;3081),20,13.460557146576413,23049
