N,K,S,diameter,averageShortestPathLength,edges
7037,3,C(7037;1;234;896),20,13.065946560545765,21111
7037,3,C(7037;1;1343;2403),20,13.065946560545765,21111
7037,3,C(7037;1;1654;2823),20,13.065946560545765,21111
