N,K,S,diameter,averageShortestPathLength,edges
7365,3,C(7365;1;493;2251),20,13.264530146659425,22095
7365,3,C(7365;1;593;1718),20,13.264530146659425,22095
7365,3,C(7365;1;2248;2804),20,13.264530146659425,22095
