N,K,S,diameter,averageShortestPathLength,edges
7976,3,C(7976;1;1089;2110),20,13.62319749216301,23928
7976,3,C(7976;1;3457;3770),20,13.62319749216301,23928
