N,K,S,diameter,averageShortestPathLength,edges
7366,3,C(7366;1;831;3584),20,13.260964019008826,22098
7366,3,C(7366;1;3129;3284),20,13.260964019008826,22098
