N,K,S,diameter,averageShortestPathLength,edges
7387,3,C(7387;1;270;965),20,13.279447603574329,22161
7387,3,C(7387;1;954;2818),20,13.279447603574329,22161
7387,3,C(7387;1;1087;1990),20,13.279447603574329,22161
