N,K,S,diameter,averageShortestPathLength,edges
7239,3,C(7239;1;1084;2103),20,13.191213042276871,21717
7239,3,C(7239;1;1369;2115),20,13.191213042276871,21717
