N,K,S,diameter,averageShortestPathLength,edges
7096,3,C(7096;1;305;2302),20,13.096969696969698,21288
7096,3,C(7096;1;310;1489),20,13.096969696969698,21288
7096,3,C(7096;1;901;2272),20,13.096969696969698,21288
7096,3,C(7096;1;1119;3294),20,13.096969696969698,21288
7096,3,C(7096;1;1176;2851),20,13.096969696969698,21288
7096,3,C(7096;1;1839;2318),20,13.096969696969698,21288
