N,K,S,diameter,averageShortestPathLength,edges
7069,3,C(7069;1;62;1213),20,13.082059988681381,21207
7069,3,C(7069;1;114;3098),20,13.082059988681381,21207
7069,3,C(7069;1;915;1725),20,13.082059988681381,21207
