N,K,S,diameter,averageShortestPathLength,edges
7856,3,C(7856;1;202;2093),21,13.5511139401655,23568
7856,3,C(7856;1;1250;1355),21,13.5511139401655,23568
