N,K,S,diameter,averageShortestPathLength,edges
7923,3,C(7923;1;68;1885),20,13.593284524110073,23769
7923,3,C(7923;1;1720;3845),20,13.593284524110073,23769
7923,3,C(7923;1;3434;3745),20,13.593284524110073,23769
