N,K,S,diameter,averageShortestPathLength,edges
7113,3,C(7113;1;178;3448),20,13.116422947131609,21339
7113,3,C(7113;1;295;2719),20,13.116422947131609,21339
7113,3,C(7113;1;620;2038),20,13.116422947131609,21339
