N,K,S,diameter,averageShortestPathLength,edges
7745,3,C(7745;1;1597;3020),21,13.489152892561984,23235
7745,3,C(7745;1;3290;3453),21,13.489152892561984,23235
