N,K,S,diameter,averageShortestPathLength,edges
7535,3,C(7535;1;395;1117),20,13.358906291478631,22605
7535,3,C(7535;1;398;1025),20,13.358906291478631,22605
