N,K,S,diameter,averageShortestPathLength,edges
7958,3,C(7958;1;225;388),20,13.613045117506598,23874
7958,3,C(7958;1;3040;3643),20,13.613045117506598,23874
