N,K,S,diameter,averageShortestPathLength,edges
7011,3,C(7011;1;400;3243),20,13.048216833095578,21033
7011,3,C(7011;1;1533;1595),20,13.048216833095578,21033
