N,K,S,diameter,averageShortestPathLength,edges
7826,3,C(7826;1;475;1492),21,13.537380191693291,23478
7826,3,C(7826;1;2043;3842),21,13.537380191693291,23478
