N,K,S,diameter,averageShortestPathLength,edges
7911,3,C(7911;1;1887;3881),21,13.591656131479141,23733
7911,3,C(7911;1;3398;3795),21,13.591656131479141,23733
