N,K,S,diameter,averageShortestPathLength,edges
7815,3,C(7815;1;261;361),21,13.530074225748656,23445
7815,3,C(7815;1;324;1169),21,13.530074225748656,23445
