N,K,S,diameter,averageShortestPathLength,edges
7653,3,C(7653;1;834;2741),21,13.434657605854678,22959
7653,3,C(7653;1;1929;3370),21,13.434657605854678,22959
