N,K,S,diameter,averageShortestPathLength,edges
7173,3,C(7173;1;2685;3058),20,13.144729503625209,21519
7173,3,C(7173;1;3047;3198),20,13.144729503625209,21519
