N,K,S,diameter,averageShortestPathLength,edges
7684,3,C(7684;1;1154;3527),20,13.446440192633085,23052
7684,3,C(7684;1;1549;2826),20,13.446440192633085,23052
