N,K,S,diameter,averageShortestPathLength,edges
7041,3,C(7041;1;446;2715),20,13.065056818181818,21123
7041,3,C(7041;1;1569;2668),20,13.065056818181818,21123
