N,K,S,diameter,averageShortestPathLength,edges
7005,3,C(7005;1;564;1634),20,13.042261564820103,21015
7005,3,C(7005;1;2529;3271),20,13.042261564820103,21015
