N,K,S,diameter,averageShortestPathLength,edges
7358,3,C(7358;1;826;2689),20,13.265053690362919,22074
7358,3,C(7358;1;851;3442),20,13.265053690362919,22074
