N,K,S,diameter,averageShortestPathLength,edges
7389,3,C(7389;1;72;2328),20,13.283974011911207,22167
7389,3,C(7389;1;2805;3138),20,13.283974011911207,22167
