N,K,S,diameter,averageShortestPathLength,edges
7456,3,C(7456;1;188;901),20,13.321529175050301,22368
7456,3,C(7456;1;2772;3277),20,13.321529175050301,22368
