N,K,S,diameter,averageShortestPathLength,edges
7729,3,C(7729;1;784;1885),20,13.480331262939959,23187
7729,3,C(7729;1;1114;2398),20,13.480331262939959,23187
7729,3,C(7729;1;1554;2846),20,13.480331262939959,23187
