N,K,S,diameter,averageShortestPathLength,edges
7446,3,C(7446;1;840;3623),20,13.31390194761585,22338
7446,3,C(7446;1;2970;3239),20,13.31390194761585,22338
