N,K,S,diameter,averageShortestPathLength,edges
7133,3,C(7133;1;411;938),20,13.117218171620864,21399
7133,3,C(7133;1;1319;3213),20,13.117218171620864,21399
