N,K,S,diameter,averageShortestPathLength,edges
7251,3,C(7251;1;678;3005),20,13.20496551724138,21753
7251,3,C(7251;1;818;3528),20,13.20496551724138,21753
