N,K,S,diameter,averageShortestPathLength,edges
7498,3,C(7498;1;888;1846),20,13.33813525410164,22494
7498,3,C(7498;1;2664;3030),20,13.33813525410164,22494
