N,K,S,diameter,averageShortestPathLength,edges
7441,3,C(7441;1;65;1773),20,13.304838709677419,22323
7441,3,C(7441;1;1280;3454),20,13.304838709677419,22323
7441,3,C(7441;1;1401;2404),20,13.304838709677419,22323
