N,K,S,diameter,averageShortestPathLength,edges
7543,3,C(7543;1;442;1946),20,13.368602492707504,22629
7543,3,C(7543;1;915;2097),20,13.368602492707504,22629
7543,3,C(7543;1;1041;3281),20,13.368602492707504,22629
