N,K,S,diameter,averageShortestPathLength,edges
7034,3,C(7034;1;1089;3386),20,13.054315370396701,21102
7034,3,C(7034;1;2687;3220),20,13.054315370396701,21102
