N,K,S,diameter,averageShortestPathLength,edges
7735,3,C(7735;1;420;2056),20,13.486164985777089,23205
7735,3,C(7735;1;696;1610),20,13.486164985777089,23205
