N,K,S,diameter,averageShortestPathLength,edges
7479,3,C(7479;1;1190;1290),20,13.32415084247125,22437
7479,3,C(7479;1;1698;3199),20,13.32415084247125,22437
