N,K,S,diameter,averageShortestPathLength,edges
7125,3,C(7125;1;817;3368),20,13.123806850084222,21375
7125,3,C(7125;1;1919;2143),20,13.123806850084222,21375
