N,K,S,diameter,averageShortestPathLength,edges
7744,3,C(7744;1;486;2137),20,13.48611649231564,23232
7744,3,C(7744;1;3689;3754),20,13.48611649231564,23232
