N,K,S,diameter,averageShortestPathLength,edges
7269,3,C(7269;1;219;373),20,13.206384149697303,21807
7269,3,C(7269;1;3235;3372),20,13.206384149697303,21807
