N,K,S,diameter,averageShortestPathLength,edges
7231,3,C(7231;1;1064;1948),20,13.179806362378976,21693
7231,3,C(7231;1;2565;3073),20,13.179806362378976,21693
