N,K,S,diameter,averageShortestPathLength,edges
7612,3,C(7612;1;1476;1851),20,13.405202995664171,22836
7612,3,C(7612;1;3623;3688),20,13.405202995664171,22836
