N,K,S,diameter,averageShortestPathLength,edges
7732,3,C(7732;1;65;1328),20,13.475488293881774,23196
7732,3,C(7732;1;2617;3708),20,13.475488293881774,23196
