N,K,S,diameter,averageShortestPathLength,edges
7058,3,C(7058;1;1438;2574),20,13.076378064333285,21174
7058,3,C(7058;1;1994;2502),20,13.076378064333285,21174
