N,K,S,diameter,averageShortestPathLength,edges
7750,3,C(7750;1;866;3798),21,13.488966318234612,23250
7750,3,C(7750;1;1954;2399),21,13.488966318234612,23250
7750,3,C(7750;1;2901;3304),21,13.488966318234612,23250
