N,K,S,diameter,averageShortestPathLength,edges
7616,3,C(7616;1;902;1875),20,13.413525935653317,22848
7616,3,C(7616;1;2526;3611),20,13.413525935653317,22848
