N,K,S,diameter,averageShortestPathLength,edges
7575,3,C(7575;1;317;1396),20,13.395827832057037,22725
7575,3,C(7575;1;331;1123),20,13.395827832057037,22725
7575,3,C(7575;1;1147;2887),20,13.395827832057037,22725
