N,K,S,diameter,averageShortestPathLength,edges
7953,3,C(7953;1;1748;2994),20,13.618712273641851,23859
7953,3,C(7953;1;2971;3720),20,13.618712273641851,23859
