N,K,S,diameter,averageShortestPathLength,edges
7395,3,C(7395;1;466;2694),20,13.282120638355423,22185
7395,3,C(7395;1;1189;1289),20,13.282120638355423,22185
7395,3,C(7395;1;1434;3031),20,13.282120638355423,22185
7395,3,C(7395;1;1876;2726),20,13.282120638355423,22185
