N,K,S,diameter,averageShortestPathLength,edges
7537,3,C(7537;1;1560;1867),20,13.375530785562633,22611
7537,3,C(7537;1;1598;2092),20,13.375530785562633,22611
7537,3,C(7537;1;1857;2712),20,13.375530785562633,22611
