N,K,S,diameter,averageShortestPathLength,edges
7638,3,C(7638;1;798;1556),21,13.430404609139714,22914
7638,3,C(7638;1;876;2210),21,13.430404609139714,22914
