N,K,S,diameter,averageShortestPathLength,edges
7973,3,C(7973;1;130;3028),21,13.619167084796789,23919
7973,3,C(7973;1;184;958),21,13.619167084796789,23919
7973,3,C(7973;1;258;366),21,13.619167084796789,23919
