N,K,S,diameter,averageShortestPathLength,edges
7736,3,C(7736;1;816;889),20,13.489334195216548,23208
7736,3,C(7736;1;905;3560),20,13.489334195216548,23208
