N,K,S,diameter,averageShortestPathLength,edges
7971,3,C(7971;1;67;1369),21,13.61831869510665,23913
7971,3,C(7971;1;2240;3926),21,13.61831869510665,23913
7971,3,C(7971;1;2329;3377),21,13.61831869510665,23913
