N,K,S,diameter,averageShortestPathLength,edges
7700,3,C(7700;1;558;2271),21,13.468762176906091,23100
7700,3,C(7700;1;2231;2502),21,13.468762176906091,23100
