N,K,S,diameter,averageShortestPathLength,edges
7455,3,C(7455;1;62;1205),20,13.318755030855916,22365
7455,3,C(7455;1;2785;3487),20,13.318755030855916,22365
