N,K,S,diameter,averageShortestPathLength,edges
7163,3,C(7163;1;344;2105),20,13.145769338173695,21489
7163,3,C(7163;1;1150;2627),20,13.145769338173695,21489
7163,3,C(7163;1;1389;2936),20,13.145769338173695,21489
7163,3,C(7163;1;1477;2793),20,13.145769338173695,21489
7163,3,C(7163;1;1581;3325),20,13.145769338173695,21489
