N,K,S,diameter,averageShortestPathLength,edges
7697,3,C(7697;1;155;970),20,13.457120582120583,23091
7697,3,C(7697;1;483;2124),20,13.457120582120583,23091
7697,3,C(7697;1;611;2341),20,13.457120582120583,23091
7697,3,C(7697;1;1156;3533),20,13.457120582120583,23091
7697,3,C(7697;1;1496;1887),20,13.457120582120583,23091
7697,3,C(7697;1;2586;2980),20,13.457120582120583,23091
