N,K,S,diameter,averageShortestPathLength,edges
7587,3,C(7587;1;651;3076),20,13.404956498813604,22761
7587,3,C(7587;1;2173;3441),20,13.404956498813604,22761
