N,K,S,diameter,averageShortestPathLength,edges
7814,3,C(7814;1;716;2956),21,13.527198259311405,23442
7814,3,C(7814;1;1888;3816),21,13.527198259311405,23442
