N,K,S,diameter,averageShortestPathLength,edges
7858,3,C(7858;1;415;3068),21,13.561282932416953,23574
7858,3,C(7858;1;2329;2450),21,13.561282932416953,23574
