N,K,S,diameter,averageShortestPathLength,edges
7176,3,C(7176;1;1297;1750),20,13.156515679442508,21528
7176,3,C(7176;1;1462;2617),20,13.156515679442508,21528
