N,K,S,diameter,averageShortestPathLength,edges
7977,3,C(7977;1;1322;3205),21,13.619859578736209,23931
7977,3,C(7977;1;1418;2200),21,13.619859578736209,23931
7977,3,C(7977;1;1573;2491),21,13.619859578736209,23931
