N,K,S,diameter,averageShortestPathLength,edges
7485,3,C(7485;1;757;1064),20,13.338588989845002,22455
7485,3,C(7485;1;809;1357),20,13.338588989845002,22455
7485,3,C(7485;1;2818;3133),20,13.338588989845002,22455
