N,K,S,diameter,averageShortestPathLength,edges
7383,3,C(7383;1;1143;3554),20,13.275806014630181,22149
7383,3,C(7383;1;3517;3579),20,13.275806014630181,22149
