N,K,S,diameter,averageShortestPathLength,edges
7089,3,C(7089;1;161;3033),20,13.10186230248307,21267
7089,3,C(7089;1;1170;1409),20,13.10186230248307,21267
