N,K,S,diameter,averageShortestPathLength,edges
7767,3,C(7767;1;172;2896),20,13.511202678341489,23301
7767,3,C(7767;1;2092;2336),20,13.511202678341489,23301
7767,3,C(7767;1;2303;2365),20,13.511202678341489,23301
