N,K,S,diameter,averageShortestPathLength,edges
7794,3,C(7794;1;1229;3618),20,13.514179391761838,23382
7794,3,C(7794;1;2765;3726),20,13.514179391761838,23382
