N,K,S,diameter,averageShortestPathLength,edges
7715,3,C(7715;1;261;361),21,13.468498833290122,23145
7715,3,C(7715;1;1744;3046),21,13.468498833290122,23145
7715,3,C(7715;1;2821;3356),21,13.468498833290122,23145
