N,K,S,diameter,averageShortestPathLength,edges
7186,3,C(7186;1;70;2264),20,13.157550452331245,21558
7186,3,C(7186;1;1136;1734),20,13.157550452331245,21558
