N,K,S,diameter,averageShortestPathLength,edges
7165,3,C(7165;1;530;3377),20,13.147124511446119,21495
7165,3,C(7165;1;2737;3280),20,13.147124511446119,21495
