N,K,S,diameter,averageShortestPathLength,edges
7345,3,C(7345;1;583;2234),20,13.248638344226579,22035
7345,3,C(7345;1;891;2042),20,13.248638344226579,22035
7345,3,C(7345;1;1852;2133),20,13.248638344226579,22035
