N,K,S,diameter,averageShortestPathLength,edges
7675,3,C(7675;1;1045;3433),20,13.445400052124056,23025
7675,3,C(7675;1;1160;2922),20,13.445400052124056,23025
