N,K,S,diameter,averageShortestPathLength,edges
7785,3,C(7785;1;68;1855),20,13.512332990750258,23355
7785,3,C(7785;1;1690;3778),20,13.512332990750258,23355
