N,K,S,diameter,averageShortestPathLength,edges
7563,3,C(7563;1;193;1482),20,13.386405712774398,22689
7563,3,C(7563;1;345;2312),20,13.386405712774398,22689
