N,K,S,diameter,averageShortestPathLength,edges
7124,3,C(7124;1;103;3376),20,13.116523936543592,21372
7124,3,C(7124;1;415;2388),20,13.116523936543592,21372
