N,K,S,diameter,averageShortestPathLength,edges
7156,3,C(7156;1;250;1439),20,13.129699510831585,21468
7156,3,C(7156;1;766;1835),20,13.129699510831585,21468
7156,3,C(7156;1;1340;2422),20,13.129699510831585,21468
