N,K,S,diameter,averageShortestPathLength,edges
7889,3,C(7889;1;377;1196),20,13.575304259634889,23667
7889,3,C(7889;1;1357;3662),20,13.575304259634889,23667
