N,K,S,diameter,averageShortestPathLength,edges
7521,3,C(7521;1;106;3302),20,13.369148936170212,22563
7521,3,C(7521;1;1246;1490),20,13.369148936170212,22563
7521,3,C(7521;1;1870;2674),20,13.369148936170212,22563
