N,K,S,diameter,averageShortestPathLength,edges
7867,3,C(7867;1;1753;2981),21,13.565725908975336,23601
7867,3,C(7867;1;2771;3624),21,13.565725908975336,23601
7867,3,C(7867;1;3110;3584),21,13.565725908975336,23601
