N,K,S,diameter,averageShortestPathLength,edges
7505,3,C(7505;1;471;2071),20,13.343550106609808,22515
7505,3,C(7505;1;1211;1311),20,13.343550106609808,22515
