N,K,S,diameter,averageShortestPathLength,edges
7646,3,C(7646;1;67;1312),20,13.431000654022236,22938
7646,3,C(7646;1;2853;3404),20,13.431000654022236,22938
