N,K,S,diameter,averageShortestPathLength,edges
7053,3,C(7053;1;148;1572),20,13.073170731707316,21159
7053,3,C(7053;1;180;1382),20,13.073170731707316,21159
