N,K,S,diameter,averageShortestPathLength,edges
7138,3,C(7138;1;1223;1344),20,13.125823175003504,21414
7138,3,C(7138;1;2610;3105),20,13.125823175003504,21414
