N,K,S,diameter,averageShortestPathLength,edges
7405,3,C(7405;1;415;1757),20,13.291734197730957,22215
7405,3,C(7405;1;659;1696),20,13.291734197730957,22215
7405,3,C(7405;1;1419;2091),20,13.291734197730957,22215
7405,3,C(7405;1;1969;2326),20,13.291734197730957,22215
7405,3,C(7405;1;2440;3182),20,13.291734197730957,22215
