N,K,S,diameter,averageShortestPathLength,edges
7882,3,C(7882;1;834;1779),21,13.566044918157594,23646
7882,3,C(7882;1;1980;2521),21,13.566044918157594,23646
