N,K,S,diameter,averageShortestPathLength,edges
7042,3,C(7042;1;1470;2767),20,13.069166311603466,21126
7042,3,C(7042;1;2517;2940),20,13.069166311603466,21126
