N,K,S,diameter,averageShortestPathLength,edges
7319,3,C(7319;1;490;2237),20,13.234490297895601,21957
7319,3,C(7319;1;638;2097),20,13.234490297895601,21957
7319,3,C(7319;1;1180;2499),20,13.234490297895601,21957
