N,K,S,diameter,averageShortestPathLength,edges
7720,3,C(7720;1;311;1594),20,13.467677160253919,23160
7720,3,C(7720;1;3346;3649),20,13.467677160253919,23160
