N,K,S,diameter,averageShortestPathLength,edges
7084,3,C(7084;1;839;1744),20,13.09459268671467,21252
7084,3,C(7084;1;895;2400),20,13.09459268671467,21252
7084,3,C(7084;1;1352;2419),20,13.09459268671467,21252
7084,3,C(7084;1;1948;2375),20,13.09459268671467,21252
