N,K,S,diameter,averageShortestPathLength,edges
7824,3,C(7824;1;115;3432),20,13.526780007669691,23472
7824,3,C(7824;1;1973;3576),20,13.526780007669691,23472
