N,K,S,diameter,averageShortestPathLength,edges
7747,3,C(7747;1;931;1500),20,13.49135037438678,23241
7747,3,C(7747;1;1140;2087),20,13.49135037438678,23241
7747,3,C(7747;1;1173;3011),20,13.49135037438678,23241
