N,K,S,diameter,averageShortestPathLength,edges
7902,3,C(7902;1;251;356),21,13.583090748006581,23706
7902,3,C(7902;1;1763;3370),21,13.583090748006581,23706
