N,K,S,diameter,averageShortestPathLength,edges
7261,3,C(7261;1;856;2913),20,13.198071625344353,21783
7261,3,C(7261;1;1351;1957),20,13.198071625344353,21783
7261,3,C(7261;1;3147;3432),20,13.198071625344353,21783
