N,K,S,diameter,averageShortestPathLength,edges
7253,3,C(7253;1;1592;3569),20,13.191119691119692,21759
7253,3,C(7253;1;1829;3315),20,13.191119691119692,21759
7253,3,C(7253;1;2893;3155),20,13.191119691119692,21759
