N,K,S,diameter,averageShortestPathLength,edges
7803,3,C(7803;1;65;1337),21,13.524224557805692,23409
7803,3,C(7803;1;677;2813),21,13.524224557805692,23409
7803,3,C(7803;1;2641;3742),21,13.524224557805692,23409
