N,K,S,diameter,averageShortestPathLength,edges
7757,3,C(7757;1;447;1020),20,13.493811242908716,23271
7757,3,C(7757;1;1300;2791),20,13.493811242908716,23271
7757,3,C(7757;1;2013;2345),20,13.493811242908716,23271
