N,K,S,diameter,averageShortestPathLength,edges
7639,3,C(7639;1;1352;3010),20,13.433359518198481,22917
7639,3,C(7639;1;1938;2816),20,13.433359518198481,22917
7639,3,C(7639;1;2710;3652),20,13.433359518198481,22917
