N,K,S,diameter,averageShortestPathLength,edges
7161,3,C(7161;1;804;2617),20,13.144692737430168,21483
7161,3,C(7161;1;813;2003),20,13.144692737430168,21483
