N,K,S,diameter,averageShortestPathLength,edges
7718,3,C(7718;1;1330;2177),20,13.467280031100168,23154
7718,3,C(7718;1;2656;3095),20,13.467280031100168,23154
