N,K,S,diameter,averageShortestPathLength,edges
7862,3,C(7862;1;843;1922),20,13.557562651062206,23586
7862,3,C(7862;1;1378;3059),20,13.557562651062206,23586
