N,K,S,diameter,averageShortestPathLength,edges
7209,3,C(7209;1;159;913),20,13.175638179800222,21627
7209,3,C(7209;1;924;1366),20,13.175638179800222,21627
