N,K,S,diameter,averageShortestPathLength,edges
7443,3,C(7443;1;113;3530),20,13.317119054017738,22329
7443,3,C(7443;1;988;3127),20,13.317119054017738,22329
7443,3,C(7443;1;1166;2216),20,13.317119054017738,22329
7443,3,C(7443;1;1943;3654),20,13.317119054017738,22329
7443,3,C(7443;1;2331;3122),20,13.317119054017738,22329
