N,K,S,diameter,averageShortestPathLength,edges
7022,3,C(7022;1;1967;3320),20,13.056829511465603,21066
7022,3,C(7022;1;3345;3404),20,13.056829511465603,21066
