N,K,S,diameter,averageShortestPathLength,edges
7097,3,C(7097;1;282;3016),20,13.099492671927846,21291
7097,3,C(7097;1;793;3478),20,13.099492671927846,21291
