N,K,S,diameter,averageShortestPathLength,edges
7081,3,C(7081;1;677;2980),20,13.088983050847459,21243
7081,3,C(7081;1;758;3334),20,13.088983050847459,21243
7081,3,C(7081;1;3069;3347),20,13.088983050847459,21243
