N,K,S,diameter,averageShortestPathLength,edges
7832,3,C(7832;1;312;1621),20,13.544502617801047,23496
7832,3,C(7832;1;459;2232),20,13.544502617801047,23496
7832,3,C(7832;1;1081;2382),20,13.544502617801047,23496
7832,3,C(7832;1;1186;2985),20,13.544502617801047,23496
