N,K,S,diameter,averageShortestPathLength,edges
7730,3,C(7730;1;2354;3119),21,13.48195109328503,23190
7730,3,C(7730;1;2604;3321),21,13.48195109328503,23190
