N,K,S,diameter,averageShortestPathLength,edges
7966,3,C(7966;1;533;2042),21,13.616070307595731,23898
7966,3,C(7966;1;1416;2197),21,13.616070307595731,23898
