N,K,S,diameter,averageShortestPathLength,edges
7444,3,C(7444;1;320;1535),20,13.30888082762327,22332
7444,3,C(7444;1;412;999),20,13.30888082762327,22332
