N,K,S,diameter,averageShortestPathLength,edges
7010,3,C(7010;1;444;2703),20,13.040804679697532,21030
7010,3,C(7010;1;3322;3387),20,13.040804679697532,21030
