N,K,S,diameter,averageShortestPathLength,edges
7355,3,C(7355;1;867;1045),20,13.24150122382377,22065
7355,3,C(7355;1;1670;2282),20,13.24150122382377,22065
