N,K,S,diameter,averageShortestPathLength,edges
7798,3,C(7798;1;1086;1847),21,13.521354367064255,23394
7798,3,C(7798;1;1380;1959),21,13.521354367064255,23394
