N,K,S,diameter,averageShortestPathLength,edges
7506,3,C(7506;1;1304;2193),20,13.342438374417055,22518
7506,3,C(7506;1;2583;3010),20,13.342438374417055,22518
