N,K,S,diameter,averageShortestPathLength,edges
7515,3,C(7515;1;1026;1988),20,13.354538195368646,22545
7515,3,C(7515;1;2098;3258),20,13.354538195368646,22545
