N,K,S,diameter,averageShortestPathLength,edges
7755,3,C(7755;1;173;2305),20,13.499097240134125,23265
7755,3,C(7755;1;2165;3362),20,13.499097240134125,23265
