N,K,S,diameter,averageShortestPathLength,edges
7258,3,C(7258;1;1119;1332),20,13.205043406366267,21774
7258,3,C(7258;1;2575;3134),20,13.205043406366267,21774
