N,K,S,diameter,averageShortestPathLength,edges
7621,3,C(7621;1;112;3343),20,13.408661417322834,22863
7621,3,C(7621;1;316;1140),20,13.408661417322834,22863
7621,3,C(7621;1;1210;1310),20,13.408661417322834,22863
7621,3,C(7621;1;1263;3062),20,13.408661417322834,22863
7621,3,C(7621;1;1418;2054),20,13.408661417322834,22863
7621,3,C(7621;1;2677;3380),20,13.408661417322834,22863
