N,K,S,diameter,averageShortestPathLength,edges
7121,3,C(7121;1;311;1771),20,13.117696629213484,21363
7121,3,C(7121;1;611;2887),20,13.117696629213484,21363
7121,3,C(7121;1;1557;1620),20,13.117696629213484,21363
