N,K,S,diameter,averageShortestPathLength,edges
7166,3,C(7166;1;666;2796),20,13.147522679692951,21498
7166,3,C(7166;1;2070;2578),20,13.147522679692951,21498
