N,K,S,diameter,averageShortestPathLength,edges
7677,3,C(7677;1;111;3638),20,13.446326211568525,23031
7677,3,C(7677;1;192;1589),20,13.446326211568525,23031
7677,3,C(7677;1;870;3520),20,13.446326211568525,23031
7677,3,C(7677;1;1461;3025),20,13.446326211568525,23031
