N,K,S,diameter,averageShortestPathLength,edges
7696,3,C(7696;1;310;1589),20,13.457439896036387,23088
7696,3,C(7696;1;2349;2930),20,13.457439896036387,23088
