N,K,S,diameter,averageShortestPathLength,edges
7201,3,C(7201;1;1082;3460),20,13.165555555555555,21603
7201,3,C(7201;1;1453;2537),20,13.165555555555555,21603
7201,3,C(7201;1;2336;3038),20,13.165555555555555,21603
