N,K,S,diameter,averageShortestPathLength,edges
7256,3,C(7256;1;392;2212),20,13.206064782908339,21768
7256,3,C(7256;1;1100;2920),20,13.206064782908339,21768
