N,K,S,diameter,averageShortestPathLength,edges
7330,3,C(7330;1;248;343),20,13.240960567608132,21990
7330,3,C(7330;1;577;3504),20,13.240960567608132,21990
