N,K,S,diameter,averageShortestPathLength,edges
7302,3,C(7302;1;64;1253),20,13.227229146692235,21906
7302,3,C(7302;1;169;3514),20,13.227229146692235,21906
