N,K,S,diameter,averageShortestPathLength,edges
7407,3,C(7407;1;200;3168),20,13.287604644882528,22221
7407,3,C(7407;1;873;2111),20,13.287604644882528,22221
