N,K,S,diameter,averageShortestPathLength,edges
7848,3,C(7848;1;158;989),21,13.544284439913342,23544
7848,3,C(7848;1;1246;1349),21,13.544284439913342,23544
