N,K,S,diameter,averageShortestPathLength,edges
7066,3,C(7066;1;1070;2693),20,13.088464260438784,21198
7066,3,C(7066;1;1695;2312),20,13.088464260438784,21198
