N,K,S,diameter,averageShortestPathLength,edges
7553,3,C(7553;1;949;1723),20,13.369173728813559,22659
7553,3,C(7553;1;1714;2691),20,13.369173728813559,22659
