N,K,S,diameter,averageShortestPathLength,edges
7989,3,C(7989;1;1079;3798),21,13.638958437656484,23967
7989,3,C(7989;1;1814;3054),21,13.638958437656484,23967
