N,K,S,diameter,averageShortestPathLength,edges
7396,3,C(7396;1;246;349),20,13.285192697768762,22188
7396,3,C(7396;1;806;2649),20,13.285192697768762,22188
