N,K,S,diameter,averageShortestPathLength,edges
7842,3,C(7842;1;731;2766),21,13.539344471368448,23526
7842,3,C(7842;1;744;1931),21,13.539344471368448,23526
