N,K,S,diameter,averageShortestPathLength,edges
7184,3,C(7184;1;310;1511),20,13.154809967979952,21552
7184,3,C(7184;1;314;1065),20,13.154809967979952,21552
