N,K,S,diameter,averageShortestPathLength,edges
7071,3,C(7071;1;232;329),20,13.085997171145687,21213
7071,3,C(7071;1;581;2837),20,13.085997171145687,21213
7071,3,C(7071;1;701;2714),20,13.085997171145687,21213
