N,K,S,diameter,averageShortestPathLength,edges
7739,3,C(7739;1;286;3329),20,13.493150684931507,23217
7739,3,C(7739;1;630;2183),20,13.493150684931507,23217
7739,3,C(7739;1;1431;3486),20,13.493150684931507,23217
7739,3,C(7739;1;1907;2950),20,13.493150684931507,23217
7739,3,C(7739;1;2001;2647),20,13.493150684931507,23217
7739,3,C(7739;1;2733;2907),20,13.493150684931507,23217
