N,K,S,diameter,averageShortestPathLength,edges
7354,3,C(7354;1;1608;1673),20,13.261253909968721,22062
7354,3,C(7354;1;2655;3434),20,13.261253909968721,22062
