N,K,S,diameter,averageShortestPathLength,edges
7108,3,C(7108;1;559;1976),19,13.10398198958773,21324
7108,3,C(7108;1;2476;2861),19,13.10398198958773,21324
