N,K,S,diameter,averageShortestPathLength,edges
7770,3,C(7770;1;611;2160),20,13.502767408932939,23310
7770,3,C(7770;1;1230;2111),20,13.502767408932939,23310
