N,K,S,diameter,averageShortestPathLength,edges
7333,3,C(7333;1;106;3475),20,13.242498636115657,21999
7333,3,C(7333;1;785;2547),20,13.242498636115657,21999
7333,3,C(7333;1;2698;3357),20,13.242498636115657,21999
