N,K,S,diameter,averageShortestPathLength,edges
7640,3,C(7640;1;666;2189),21,13.429244665532138,22920
7640,3,C(7640;1;1846;3731),21,13.429244665532138,22920
