N,K,S,diameter,averageShortestPathLength,edges
7541,3,C(7541;1;967;3424),21,13.375066312997347,22623
7541,3,C(7541;1;1363;1839),21,13.375066312997347,22623
7541,3,C(7541;1;1610;2823),21,13.375066312997347,22623
