N,K,S,diameter,averageShortestPathLength,edges
7963,3,C(7963;1;117;3493),21,13.612157749309219,23889
7963,3,C(7963;1;921;3725),21,13.612157749309219,23889
7963,3,C(7963;1;2080;3403),21,13.612157749309219,23889
