N,K,S,diameter,averageShortestPathLength,edges
7246,3,C(7246;1;459;2794),20,13.18191856452726,21738
7246,3,C(7246;1;530;3327),20,13.18191856452726,21738
7246,3,C(7246;1;1405;1762),20,13.18191856452726,21738
7246,3,C(7246;1;2768;3317),20,13.18191856452726,21738
