N,K,S,diameter,averageShortestPathLength,edges
7809,3,C(7809;1;65;1338),21,13.534836065573771,23427
7809,3,C(7809;1;381;3484),21,13.534836065573771,23427
