N,K,S,diameter,averageShortestPathLength,edges
7112,3,C(7112;1;108;3373),20,13.109970468288568,21336
7112,3,C(7112;1;116;2701),20,13.109970468288568,21336
