N,K,S,diameter,averageShortestPathLength,edges
7249,3,C(7249;1;278;913),20,13.196192052980132,21747
7249,3,C(7249;1;440;1382),20,13.196192052980132,21747
