N,K,S,diameter,averageShortestPathLength,edges
7847,3,C(7847;1;1406;2323),20,13.539892939077237,23541
7847,3,C(7847;1;3401;3709),20,13.539892939077237,23541
