N,K,S,diameter,averageShortestPathLength,edges
7431,3,C(7431;1;388;3453),20,13.304172274562584,22293
7431,3,C(7431;1;1407;3275),20,13.304172274562584,22293
