N,K,S,diameter,averageShortestPathLength,edges
7555,3,C(7555;1;396;1120),20,13.377548318771511,22665
7555,3,C(7555;1;1905;2194),20,13.377548318771511,22665
