N,K,S,diameter,averageShortestPathLength,edges
7033,3,C(7033;1;380;2144),20,13.071956769055745,21099
7033,3,C(7033;1;1063;1650),20,13.071956769055745,21099
7033,3,C(7033;1;1166;3189),20,13.071956769055745,21099
