N,K,S,diameter,averageShortestPathLength,edges
7635,3,C(7635;1;395;2654),20,13.422059208802725,22905
7635,3,C(7635;1;440;1004),20,13.422059208802725,22905
