N,K,S,diameter,averageShortestPathLength,edges
7937,3,C(7937;1;630;2414),20,13.594254032258064,23811
7937,3,C(7937;1;1539;1930),20,13.594254032258064,23811
7937,3,C(7937;1;1600;2919),20,13.594254032258064,23811
