N,K,S,diameter,averageShortestPathLength,edges
7827,3,C(7827;1;697;1513),21,13.538972655251724,23481
7827,3,C(7827;1;2287;3316),21,13.538972655251724,23481
7827,3,C(7827;1;2293;3571),21,13.538972655251724,23481
