N,K,S,diameter,averageShortestPathLength,edges
7417,3,C(7417;1;320;1560),20,13.295577130528587,22251
7417,3,C(7417;1;794;1902),20,13.295577130528587,22251
7417,3,C(7417;1;932;1692),20,13.295577130528587,22251
