N,K,S,diameter,averageShortestPathLength,edges
7997,3,C(7997;1;345;1682),20,13.639069534767383,23991
7997,3,C(7997;1;366;2967),20,13.639069534767383,23991
7997,3,C(7997;1;3466;3780),20,13.639069534767383,23991
