N,K,S,diameter,averageShortestPathLength,edges
7308,3,C(7308;1;111;3466),20,13.232106199534693,21924
7308,3,C(7308;1;1854;2694),20,13.232106199534693,21924
