N,K,S,diameter,averageShortestPathLength,edges
7641,3,C(7641;1;818;2654),20,13.428010471204189,22923
7641,3,C(7641;1;1205;3509),20,13.428010471204189,22923
7641,3,C(7641;1;1333;2269),20,13.428010471204189,22923
