N,K,S,diameter,averageShortestPathLength,edges
7027,3,C(7027;1;294;1295),20,13.06091659550242,21081
7027,3,C(7027;1;532;3348),20,13.06091659550242,21081
7027,3,C(7027;1;1697;1836),20,13.06091659550242,21081
