N,K,S,diameter,averageShortestPathLength,edges
7897,3,C(7897;1;233;892),20,13.576747720364741,23691
7897,3,C(7897;1;801;1926),20,13.576747720364741,23691
7897,3,C(7897;1;949;1529),20,13.576747720364741,23691
7897,3,C(7897;1;1266;2789),20,13.576747720364741,23691
7897,3,C(7897;1;1661;1964),20,13.576747720364741,23691
7897,3,C(7897;1;2376;3813),20,13.576747720364741,23691
