N,K,S,diameter,averageShortestPathLength,edges
7591,3,C(7591;1;420;1611),20,13.393675889328064,22773
7591,3,C(7591;1;1117;2045),20,13.393675889328064,22773
7591,3,C(7591;1;2693;3629),20,13.393675889328064,22773
