N,K,S,diameter,averageShortestPathLength,edges
7804,3,C(7804;1;3114;3781),20,13.52402921953095,23412
7804,3,C(7804;1;3702;3773),20,13.52402921953095,23412
