N,K,S,diameter,averageShortestPathLength,edges
7215,3,C(7215;1;457;2782),20,13.170501802051566,21645
7215,3,C(7215;1;3211;3347),20,13.170501802051566,21645
