N,K,S,diameter,averageShortestPathLength,edges
7728,3,C(7728;1;911;1098),20,13.470687200724731,23184
7728,3,C(7728;1;1247;1350),20,13.470687200724731,23184
