N,K,S,diameter,averageShortestPathLength,edges
7913,3,C(7913;1;1092;3442),21,13.584681496461071,23739
7913,3,C(7913;1;1293;2471),21,13.584681496461071,23739
7913,3,C(7913;1;1538;1940),21,13.584681496461071,23739
