N,K,S,diameter,averageShortestPathLength,edges
7115,3,C(7115;1;530;1122),19,13.103457970199607,21345
7115,3,C(7115;1;900;2898),19,13.103457970199607,21345
