N,K,S,diameter,averageShortestPathLength,edges
7047,3,C(7047;1;758;3094),20,13.074084586999716,21141
7047,3,C(7047;1;886;2123),20,13.074084586999716,21141
7047,3,C(7047;1;1067;2739),20,13.074084586999716,21141
7047,3,C(7047;1;2054;2400),20,13.074084586999716,21141
7047,3,C(7047;1;2692;3226),20,13.074084586999716,21141
