N,K,S,diameter,averageShortestPathLength,edges
7397,3,C(7397;1;246;349),20,13.280692266089778,22191
7397,3,C(7397;1;872;1051),20,13.280692266089778,22191
7397,3,C(7397;1;1632;2034),20,13.280692266089778,22191
