N,K,S,diameter,averageShortestPathLength,edges
7288,3,C(7288;1;734;3383),20,13.211884177302045,21864
7288,3,C(7288;1;995;1928),20,13.211884177302045,21864
7288,3,C(7288;1;1963;2192),20,13.211884177302045,21864
7288,3,C(7288;1;3214;3281),20,13.211884177302045,21864
