N,K,S,diameter,averageShortestPathLength,edges
7111,3,C(7111;1;526;3113),20,13.10548523206751,21333
7111,3,C(7111;1;1068;3264),20,13.10548523206751,21333
7111,3,C(7111;1;1793;2065),20,13.10548523206751,21333
