N,K,S,diameter,averageShortestPathLength,edges
7281,3,C(7281;1;787;1320),20,13.214835164835165,21843
7281,3,C(7281;1;2487;2905),20,13.214835164835165,21843
