N,K,S,diameter,averageShortestPathLength,edges
7494,3,C(7494;1;1242;3011),20,13.342853329774456,22482
7494,3,C(7494;1;2106;3691),20,13.342853329774456,22482
