N,K,S,diameter,averageShortestPathLength,edges
7885,3,C(7885;1;669;3096),21,13.572805682394723,23655
7885,3,C(7885;1;1006;2789),21,13.572805682394723,23655
7885,3,C(7885;1;1544;1914),21,13.572805682394723,23655
