N,K,S,diameter,averageShortestPathLength,edges
7600,3,C(7600;1;896;3049),20,13.406106066587709,22800
7600,3,C(7600;1;1351;2096),20,13.406106066587709,22800
