N,K,S,diameter,averageShortestPathLength,edges
7467,3,C(7467;1;435;2503),20,13.328690061612644,22401
7467,3,C(7467;1;889;1569),20,13.328690061612644,22401
