N,K,S,diameter,averageShortestPathLength,edges
7286,3,C(7286;1;539;3434),20,13.222100205902539,21858
7286,3,C(7286;1;1149;3346),20,13.222100205902539,21858
