N,K,S,diameter,averageShortestPathLength,edges
7507,3,C(7507;1;193;2000),21,13.351985078603784,22521
7507,3,C(7507;1;1128;3607),21,13.351985078603784,22521
7507,3,C(7507;1;1340;3382),21,13.351985078603784,22521
