N,K,S,diameter,averageShortestPathLength,edges
7813,3,C(7813;1;378;2752),20,13.526113671274961,23439
7813,3,C(7813;1;582;1232),20,13.526113671274961,23439
7813,3,C(7813;1;2625;3025),20,13.526113671274961,23439
