N,K,S,diameter,averageShortestPathLength,edges
7126,3,C(7126;1;477;2178),20,13.113403508771929,21378
7126,3,C(7126;1;1618;2211),20,13.113403508771929,21378
