N,K,S,diameter,averageShortestPathLength,edges
7950,3,C(7950;1;631;2418),20,13.601459303056988,23850
7950,3,C(7950;1;2671;3078),20,13.601459303056988,23850
