N,K,S,diameter,averageShortestPathLength,edges
7318,3,C(7318;1;405;982),20,13.233975673090065,21954
7318,3,C(7318;1;1154;3397),20,13.233975673090065,21954
