N,K,S,diameter,averageShortestPathLength,edges
7382,3,C(7382;1;249;1590),20,13.277198211624441,22146
7382,3,C(7382;1;2052;3439),20,13.277198211624441,22146
