N,K,S,diameter,averageShortestPathLength,edges
7174,3,C(7174;1;249;2036),20,13.151122264045727,21522
7174,3,C(7174;1;1527;2630),20,13.151122264045727,21522
