N,K,S,diameter,averageShortestPathLength,edges
7040,3,C(7040;1;598;1581),20,13.071885210967467,21120
7040,3,C(7040;1;1701;3438),20,13.071885210967467,21120
