N,K,S,diameter,averageShortestPathLength,edges
7558,3,C(7558;1;613;760),20,13.378060076750034,22674
7558,3,C(7558;1;778;1085),20,13.378060076750034,22674
