N,K,S,diameter,averageShortestPathLength,edges
7921,3,C(7921;1;248;343),21,13.595959595959595,23763
7921,3,C(7921;1;1054;2844),21,13.595959595959595,23763
7921,3,C(7921;1;1732;1802),21,13.595959595959595,23763
