N,K,S,diameter,averageShortestPathLength,edges
7760,3,C(7760;1;832;1897),20,13.502126562701379,23280
7760,3,C(7760;1;1824;3113),20,13.502126562701379,23280
