N,K,S,diameter,averageShortestPathLength,edges
7450,3,C(7450;1;899;1906),20,13.310914216673378,22350
7450,3,C(7450;1;2801;2944),20,13.310914216673378,22350
