N,K,S,diameter,averageShortestPathLength,edges
7375,3,C(7375;1;2068;2445),20,13.270409547057229,22125
7375,3,C(7375;1;2135;2557),20,13.270409547057229,22125
