N,K,S,diameter,averageShortestPathLength,edges
7273,3,C(7273;1;533;1660),20,13.212046204620462,21819
7273,3,C(7273;1;993;1924),20,13.212046204620462,21819
7273,3,C(7273;1;1126;3501),20,13.212046204620462,21819
