N,K,S,diameter,averageShortestPathLength,edges
7996,3,C(7996;1;200;1655),21,13.63552220137586,23988
7996,3,C(7996;1;1261;3672),21,13.63552220137586,23988
