N,K,S,diameter,averageShortestPathLength,edges
7938,3,C(7938;1;1596;2923),20,13.596069043719289,23814
7938,3,C(7938;1;1643;2688),20,13.596069043719289,23814
