N,K,S,diameter,averageShortestPathLength,edges
7830,3,C(7830;1;1403;2318),21,13.53250734448844,23490
7830,3,C(7830;1;2863;3406),21,13.53250734448844,23490
