N,K,S,diameter,averageShortestPathLength,edges
7247,3,C(7247;1;401;1538),20,13.18796577422026,21741
7247,3,C(7247;1;1500;2454),20,13.18796577422026,21741
7247,3,C(7247;1;3190;3529),20,13.18796577422026,21741
