N,K,S,diameter,averageShortestPathLength,edges
7738,3,C(7738;1;518;2365),21,13.489724699495929,23214
7738,3,C(7738;1;1757;2958),21,13.489724699495929,23214
