N,K,S,diameter,averageShortestPathLength,edges
7547,3,C(7547;1;251;961),20,13.375563212297907,22641
7547,3,C(7547;1;808;1774),20,13.375563212297907,22641
7547,3,C(7547;1;2034;2662),20,13.375563212297907,22641
