N,K,S,diameter,averageShortestPathLength,edges
7580,3,C(7580;1;60;1227),20,13.397018076263359,22740
7580,3,C(7580;1;1217;2780),20,13.397018076263359,22740
