N,K,S,diameter,averageShortestPathLength,edges
7221,3,C(7221;1;62;1718),20,13.178670360110804,21663
7221,3,C(7221;1;1118;3476),20,13.178670360110804,21663
7221,3,C(7221;1;1747;2590),20,13.178670360110804,21663
