N,K,S,diameter,averageShortestPathLength,edges
7393,3,C(7393;1;409;1569),20,13.283549783549784,22179
7393,3,C(7393;1;1193;1388),20,13.283549783549784,22179
7393,3,C(7393;1;1423;2040),20,13.283549783549784,22179
