N,K,S,diameter,averageShortestPathLength,edges
7275,3,C(7275;1;232;367),20,13.214187517184493,21825
7275,3,C(7275;1;1903;2279),20,13.214187517184493,21825
7275,3,C(7275;1;3106;3418),20,13.214187517184493,21825
