N,K,S,diameter,averageShortestPathLength,edges
7208,3,C(7208;1;311;1516),20,13.17177743860136,21624
7208,3,C(7208;1;3124;3407),20,13.17177743860136,21624
