N,K,S,diameter,averageShortestPathLength,edges
7569,3,C(7569;1;1655;1722),20,13.384249471458773,22707
7569,3,C(7569;1;2305;3054),20,13.384249471458773,22707
