N,K,S,diameter,averageShortestPathLength,edges
7294,3,C(7294;1;202;1947),20,13.221582339229398,21882
7294,3,C(7294;1;251;356),20,13.221582339229398,21882
