N,K,S,diameter,averageShortestPathLength,edges
7699,3,C(7699;1;1225;1328),20,13.459859703819173,23097
7699,3,C(7699;1;2206;3751),20,13.459859703819173,23097
7699,3,C(7699;1;2719;2892),20,13.459859703819173,23097
