N,K,S,diameter,averageShortestPathLength,edges
7525,3,C(7525;1;656;2156),21,13.360712387028176,22575
7525,3,C(7525;1;1701;2971),21,13.360712387028176,22575
