N,K,S,diameter,averageShortestPathLength,edges
7960,3,C(7960;1;66;1897),21,13.609875612514134,23880
7960,3,C(7960;1;898;3873),21,13.609875612514134,23880
