N,K,S,diameter,averageShortestPathLength,edges
7045,3,C(7045;1;1339;3460),20,13.075809199318568,21135
7045,3,C(7045;1;2194;3270),20,13.075809199318568,21135
