N,K,S,diameter,averageShortestPathLength,edges
7957,3,C(7957;1;1258;1920),20,13.60910005027652,23871
7957,3,C(7957;1;1284;1390),20,13.60910005027652,23871
7957,3,C(7957;1;1849;2930),20,13.60910005027652,23871
