N,K,S,diameter,averageShortestPathLength,edges
7149,3,C(7149;1;425;1803),20,13.133463905987689,21447
7149,3,C(7149;1;2540;2889),20,13.133463905987689,21447
