N,K,S,diameter,averageShortestPathLength,edges
7198,3,C(7198;1;566;2001),20,13.158955120188967,21594
7198,3,C(7198;1;878;2313),20,13.158955120188967,21594
