N,K,S,diameter,averageShortestPathLength,edges
7076,3,C(7076;1;105;2450),20,13.094840989399293,21228
7076,3,C(7076;1;2382;2763),20,13.094840989399293,21228
