N,K,S,diameter,averageShortestPathLength,edges
7451,3,C(7451;1;150;939),20,13.313825503355705,22353
7451,3,C(7451;1;1119;3420),20,13.313825503355705,22353
7451,3,C(7451;1;1931;2434),20,13.313825503355705,22353
