N,K,S,diameter,averageShortestPathLength,edges
7657,3,C(7657;1;621;770),20,13.43521421107628,22971
7657,3,C(7657;1;924;1959),20,13.43521421107628,22971
7657,3,C(7657;1;1270;2196),20,13.43521421107628,22971
