N,K,S,diameter,averageShortestPathLength,edges
7617,3,C(7617;1;612;1736),21,13.417016806722689,22851
7617,3,C(7617;1;2207;2475),21,13.417016806722689,22851
