N,K,S,diameter,averageShortestPathLength,edges
7413,3,C(7413;1;65;1272),20,13.291958985429034,22239
7413,3,C(7413;1;2509;3555),20,13.291958985429034,22239
