N,K,S,diameter,averageShortestPathLength,edges
7796,3,C(7796;1;799;2164),20,13.523155869146889,23388
7796,3,C(7796;1;1076;2371),20,13.523155869146889,23388
