N,K,S,diameter,averageShortestPathLength,edges
7442,3,C(7442;1;169;3184),20,13.309635801639564,22326
7442,3,C(7442;1;1233;3504),20,13.309635801639564,22326
