N,K,S,diameter,averageShortestPathLength,edges
7401,3,C(7401;1;827;3627),20,13.276216216216216,22203
7401,3,C(7401;1;1190;1290),20,13.276216216216216,22203
7401,3,C(7401;1;1673;2922),20,13.276216216216216,22203
7401,3,C(7401;1;1866;2291),20,13.276216216216216,22203
