N,K,S,diameter,averageShortestPathLength,edges
7296,3,C(7296;1;1932;2323),20,13.223577793008911,21888
7296,3,C(7296;1;2789;3396),20,13.223577793008911,21888
