N,K,S,diameter,averageShortestPathLength,edges
7895,3,C(7895;1;417;1074),20,13.570813275905751,23685
7895,3,C(7895;1;963;2537),20,13.570813275905751,23685
7895,3,C(7895;1;992;1801),20,13.570813275905751,23685
