N,K,S,diameter,averageShortestPathLength,edges
7850,3,C(7850;1;1249;1354),21,13.550006370238247,23550
7850,3,C(7850;1;1301;3154),21,13.550006370238247,23550
