N,K,S,diameter,averageShortestPathLength,edges
7054,3,C(7054;1;612;2543),20,13.073160357294768,21162
7054,3,C(7054;1;1334;2061),20,13.073160357294768,21162
