N,K,S,diameter,averageShortestPathLength,edges
7513,3,C(7513;1;810;1898),21,13.358892438764643,22539
7513,3,C(7513;1;910;3709),21,13.358892438764643,22539
7513,3,C(7513;1;1709;2291),21,13.358892438764643,22539
