N,K,S,diameter,averageShortestPathLength,edges
7717,3,C(7717;1;62;1842),20,13.474598237428719,23151
7717,3,C(7717;1;398;1525),20,13.474598237428719,23151
7717,3,C(7717;1;1867;2768),20,13.474598237428719,23151
