N,K,S,diameter,averageShortestPathLength,edges
7994,3,C(7994;1;64;1371),21,13.634805454772927,23982
7994,3,C(7994;1;274;379),21,13.634805454772927,23982
