N,K,S,diameter,averageShortestPathLength,edges
7157,3,C(7157;1;1186;2594),20,13.130240357741755,21471
7157,3,C(7157;1;1357;2817),20,13.130240357741755,21471
7157,3,C(7157;1;1366;2444),20,13.130240357741755,21471
