N,K,S,diameter,averageShortestPathLength,edges
7183,3,C(7183;1;786;2772),20,13.15761626287942,21549
7183,3,C(7183;1;1155;1252),20,13.15761626287942,21549
