N,K,S,diameter,averageShortestPathLength,edges
7992,3,C(7992;1;1176;2153),21,13.628081591790764,23976
7992,3,C(7992;1;3055;3720),21,13.628081591790764,23976
