N,K,S,diameter,averageShortestPathLength,edges
7148,3,C(7148;1;135;3420),20,13.135441443962502,21444
7148,3,C(7148;1;2408;3071),20,13.135441443962502,21444
