N,K,S,diameter,averageShortestPathLength,edges
7432,3,C(7432;1;1172;3413),20,13.301170771094066,22296
7432,3,C(7432;1;1533;1868),20,13.301170771094066,22296
