N,K,S,diameter,averageShortestPathLength,edges
7290,3,C(7290;1;697;3068),20,13.215530251063246,21870
7290,3,C(7290;1;916;1663),20,13.215530251063246,21870
