N,K,S,diameter,averageShortestPathLength,edges
7534,3,C(7534;1;1461;3088),20,13.357626443647948,22602
7534,3,C(7534;1;1645;1844),20,13.357626443647948,22602
7534,3,C(7534;1;2550;3613),20,13.357626443647948,22602
7534,3,C(7534;1;2772;3449),20,13.357626443647948,22602
