N,K,S,diameter,averageShortestPathLength,edges
7085,3,C(7085;1;239;1526),20,13.095426312817617,21255
7085,3,C(7085;1;1334;2289),20,13.095426312817617,21255
