N,K,S,diameter,averageShortestPathLength,edges
7466,3,C(7466;1;234;332),20,13.332350971198929,22398
7466,3,C(7466;1;1102;3153),20,13.332350971198929,22398
7466,3,C(7466;1;1118;2169),20,13.332350971198929,22398
