N,K,S,diameter,averageShortestPathLength,edges
7145,3,C(7145;1;1892;2275),20,13.121220604703247,21435
7145,3,C(7145;1;2850;3108),20,13.121220604703247,21435
