N,K,S,diameter,averageShortestPathLength,edges
7493,3,C(7493;1;302;2926),21,13.344901227976509,22479
7493,3,C(7493;1;543;2210),21,13.344901227976509,22479
7493,3,C(7493;1;1315;3712),21,13.344901227976509,22479
7493,3,C(7493;1;1481;3629),21,13.344901227976509,22479
7493,3,C(7493;1;1824;3491),21,13.344901227976509,22479
7493,3,C(7493;1;1945;3233),21,13.344901227976509,22479
