N,K,S,diameter,averageShortestPathLength,edges
7793,3,C(7793;1;1061;2187),20,13.516683778234086,23379
7793,3,C(7793;1;1408;2954),20,13.516683778234086,23379
7793,3,C(7793;1;1511;1895),20,13.516683778234086,23379
