N,K,S,diameter,averageShortestPathLength,edges
7003,3,C(7003;1;518;2382),20,13.049414453013425,21009
7003,3,C(7003;1;1529;1714),20,13.049414453013425,21009
7003,3,C(7003;1;3087;3150),20,13.049414453013425,21009
