N,K,S,diameter,averageShortestPathLength,edges
7801,3,C(7801;1;264;365),20,13.528461538461539,23403
7801,3,C(7801;1;877;1090),20,13.528461538461539,23403
7801,3,C(7801;1;1272;2098),20,13.528461538461539,23403
