N,K,S,diameter,averageShortestPathLength,edges
7234,3,C(7234;1;60;1724),20,13.176275404396517,21702
7234,3,C(7234;1;808;1748),20,13.176275404396517,21702
