N,K,S,diameter,averageShortestPathLength,edges
7137,3,C(7137;1;63;1873),20,13.127802690582959,21411
7137,3,C(7137;1;522;3277),20,13.127802690582959,21411
