N,K,S,diameter,averageShortestPathLength,edges
7151,3,C(7151;1;246;349),20,13.126993006993008,21453
7151,3,C(7151;1;843;1016),20,13.126993006993008,21453
7151,3,C(7151;1;2049;3484),20,13.126993006993008,21453
