N,K,S,diameter,averageShortestPathLength,edges
7102,3,C(7102;1;662;2505),20,13.100267567948176,21306
7102,3,C(7102;1;1732;2631),20,13.100267567948176,21306
