N,K,S,diameter,averageShortestPathLength,edges
7891,3,C(7891;1;520;2537),20,13.576425855513309,23673
7891,3,C(7891;1;930;2249),20,13.576425855513309,23673
