N,K,S,diameter,averageShortestPathLength,edges
7687,3,C(7687;1;931;2991),20,13.46031746031746,23061
7687,3,C(7687;1;1108;2385),20,13.46031746031746,23061
7687,3,C(7687;1;1894;2766),20,13.46031746031746,23061
