N,K,S,diameter,averageShortestPathLength,edges
7289,3,C(7289;1;1382;2869),20,13.221185510428102,21867
7289,3,C(7289;1;1904;3115),20,13.221185510428102,21867
7289,3,C(7289;1;2096;2939),20,13.221185510428102,21867
