N,K,S,diameter,averageShortestPathLength,edges
7009,3,C(7009;1;462;2204),20,13.055365296803654,21027
7009,3,C(7009;1;512;1762),20,13.055365296803654,21027
7009,3,C(7009;1;1977;2928),20,13.055365296803654,21027
