N,K,S,diameter,averageShortestPathLength,edges
7647,3,C(7647;1;1044;2023),20,13.430551922573894,22941
7647,3,C(7647;1;2612;3051),20,13.430551922573894,22941
