N,K,S,diameter,averageShortestPathLength,edges
7969,3,C(7969;1;508;1081),20,13.621234939759036,23907
7969,3,C(7969;1;1896;2055),20,13.621234939759036,23907
7969,3,C(7969;1;2359;3022),20,13.621234939759036,23907
