N,K,S,diameter,averageShortestPathLength,edges
7118,3,C(7118;1;226;385),20,13.115076577209498,21354
7118,3,C(7118;1;795;1720),20,13.115076577209498,21354
