N,K,S,diameter,averageShortestPathLength,edges
7369,3,C(7369;1;188;1444),20,13.270629750271445,22107
7369,3,C(7369;1;1490;3363),20,13.270629750271445,22107
7369,3,C(7369;1;2391;3457),20,13.270629750271445,22107
