N,K,S,diameter,averageShortestPathLength,edges
7504,3,C(7504;1;594;2337),20,13.353192056510728,22512
7504,3,C(7504;1;1583;2302),20,13.353192056510728,22512
