N,K,S,diameter,averageShortestPathLength,edges
7039,3,C(7039;1;273;2095),20,13.073600454674624,21117
7039,3,C(7039;1;363;1391),20,13.073600454674624,21117
7039,3,C(7039;1;446;954),20,13.073600454674624,21117
