N,K,S,diameter,averageShortestPathLength,edges
7195,3,C(7195;1;774;3159),20,13.158187378370865,21585
7195,3,C(7195;1;804;3526),20,13.158187378370865,21585
7195,3,C(7195;1;1571;1761),20,13.158187378370865,21585
