N,K,S,diameter,averageShortestPathLength,edges
7107,3,C(7107;1;634;1683),20,13.115113988179004,21321
7107,3,C(7107;1;1603;2811),20,13.115113988179004,21321
