N,K,S,diameter,averageShortestPathLength,edges
7213,3,C(7213;1;106;3164),20,13.172767609539656,21639
7213,3,C(7213;1;1195;1429),20,13.172767609539656,21639
7213,3,C(7213;1;2820;3187),20,13.172767609539656,21639
