N,K,S,diameter,averageShortestPathLength,edges
7573,3,C(7573;1;598;713),20,13.389064976228209,22719
7573,3,C(7573;1;598;832),20,13.389064976228209,22719
7573,3,C(7573;1;875;1507),20,13.389064976228209,22719
7573,3,C(7573;1;978;2889),20,13.389064976228209,22719
7573,3,C(7573;1;1184;2940),20,13.389064976228209,22719
7573,3,C(7573;1;1507;3294),20,13.389064976228209,22719
