N,K,S,diameter,averageShortestPathLength,edges
7748,3,C(7748;1;1284;3113),20,13.492835936491545,23244
7748,3,C(7748;1;1909;2788),20,13.492835936491545,23244
