N,K,S,diameter,averageShortestPathLength,edges
7749,3,C(7749;1;1333;3597),20,13.49225606608157,23247
7749,3,C(7749;1;2154;3610),20,13.49225606608157,23247
