N,K,S,diameter,averageShortestPathLength,edges
7998,3,C(7998;1;956;3785),21,13.637364011504314,23994
7998,3,C(7998;1;1042;2149),21,13.637364011504314,23994
