N,K,S,diameter,averageShortestPathLength,edges
7378,3,C(7378;1;463;2036),20,13.267859563508202,22134
7378,3,C(7378;1;594;1721),20,13.267859563508202,22134
