N,K,S,diameter,averageShortestPathLength,edges
7811,3,C(7811;1;146;3739),21,13.535467349551856,23433
7811,3,C(7811;1;2158;2628),21,13.535467349551856,23433
