N,K,S,diameter,averageShortestPathLength,edges
7857,3,C(7857;1;171;3790),20,13.558044806517312,23571
7857,3,C(7857;1;2411;3717),20,13.558044806517312,23571
