N,K,S,diameter,averageShortestPathLength,edges
7225,3,C(7225;1;62;1719),20,13.179955703211517,21675
7225,3,C(7225;1;788;1748),20,13.179955703211517,21675
7225,3,C(7225;1;1946;2173),20,13.179955703211517,21675
