N,K,S,diameter,averageShortestPathLength,edges
7257,3,C(7257;1;394;1929),20,13.199007717750828,21771
7257,3,C(7257;1;1266;2155),20,13.199007717750828,21771
