N,K,S,diameter,averageShortestPathLength,edges
7795,3,C(7795;1;177;3335),20,13.51398511675648,23385
7795,3,C(7795;1;195;3347),20,13.51398511675648,23385
