N,K,S,diameter,averageShortestPathLength,edges
7357,3,C(7357;1;469;998),20,13.26237085372485,22071
7357,3,C(7357;1;1983;3045),20,13.26237085372485,22071
