N,K,S,diameter,averageShortestPathLength,edges
7704,3,C(7704;1;1992;2635),20,13.459691029469038,23112
7704,3,C(7704;1;2040;2453),20,13.459691029469038,23112
