N,K,S,diameter,averageShortestPathLength,edges
7986,3,C(7986;1;239;2046),21,13.626299311208516,23958
7986,3,C(7986;1;1980;2339),21,13.626299311208516,23958
