N,K,S,diameter,averageShortestPathLength,edges
7605,3,C(7605;1;1314;2591),21,13.417937927406628,22815
7605,3,C(7605;1;2421;3214),21,13.417937927406628,22815
