N,K,S,diameter,averageShortestPathLength,edges
7964,3,C(7964;1;822;2427),21,13.614969232701243,23892
7964,3,C(7964;1;2550;3055),21,13.614969232701243,23892
