N,K,S,diameter,averageShortestPathLength,edges
7584,3,C(7584;1;1199;1830),20,13.387313728075959,22752
7584,3,C(7584;1;1722;2353),20,13.387313728075959,22752
