N,K,S,diameter,averageShortestPathLength,edges
7870,3,C(7870;1;767;2636),21,13.568560172830093,23610
7870,3,C(7870;1;3752;3817),21,13.568560172830093,23610
