N,K,S,diameter,averageShortestPathLength,edges
7754,3,C(7754;1;1730;3307),20,13.498387720882238,23262
7754,3,C(7754;1;2333;3744),20,13.498387720882238,23262
