N,K,S,diameter,averageShortestPathLength,edges
7420,3,C(7420;1;121;2818),20,13.295188030731904,22260
7420,3,C(7420;1;222;1901),20,13.295188030731904,22260
