N,K,S,diameter,averageShortestPathLength,edges
7590,3,C(7590;1;1914;3469),20,13.398603241533799,22770
7590,3,C(7590;1;3341;3696),20,13.398603241533799,22770
