N,K,S,diameter,averageShortestPathLength,edges
8170,3,C(8170;1;273;2500),21,13.731913330885053,24510
8170,3,C(8170;1;1227;3750),21,13.731913330885053,24510
