N,K,S,diameter,averageShortestPathLength,edges
8078,3,C(8078;1;202;1672),21,13.684536337749165,24234
8078,3,C(8078;1;1525;1940),21,13.684536337749165,24234
8078,3,C(8078;1;2871;3998),21,13.684536337749165,24234
