N,K,S,diameter,averageShortestPathLength,edges
8302,3,C(8302;1;1321;1432),21,13.8106252258764,24906
8302,3,C(8302;1;2495;2980),21,13.8106252258764,24906
