N,K,S,diameter,averageShortestPathLength,edges
8260,3,C(8260;1;267;1640),20,13.779997578399321,24780
8260,3,C(8260;1;2840;3403),20,13.779997578399321,24780
