N,K,S,diameter,averageShortestPathLength,edges
8042,3,C(8042;1;67;1378),21,13.659992538241513,24126
8042,3,C(8042;1;2260;3961),21,13.659992538241513,24126
