N,K,S,diameter,averageShortestPathLength,edges
8419,3,C(8419;1;1384;3595),21,13.871703492516037,25257
8419,3,C(8419;1;2123;3848),21,13.871703492516037,25257
8419,3,C(8419;1;2457;3569),21,13.871703492516037,25257
