N,K,S,diameter,averageShortestPathLength,edges
8386,3,C(8386;1;416;1983),21,13.856410256410257,25158
8386,3,C(8386;1;1607;2368),21,13.856410256410257,25158
