N,K,S,diameter,averageShortestPathLength,edges
8060,3,C(8060;1;1950;2891),20,13.670182404764859,24180
8060,3,C(8060;1;3011;3770),20,13.670182404764859,24180
