N,K,S,diameter,averageShortestPathLength,edges
8270,3,C(8270;1;1371;3294),21,13.788608054178257,24810
8270,3,C(8270;1;2934;3571),21,13.788608054178257,24810
