N,K,S,diameter,averageShortestPathLength,edges
8342,3,C(8342;1;554;3423),21,13.831195300323703,25026
8342,3,C(8342;1;2671;3200),21,13.831195300323703,25026
