N,K,S,diameter,averageShortestPathLength,edges
8383,3,C(8383;1;639;1530),21,13.851586733476497,25149
8383,3,C(8383;1;1331;1441),21,13.851586733476497,25149
8383,3,C(8383;1;2978;4012),21,13.851586733476497,25149
