N,K,S,diameter,averageShortestPathLength,edges
8069,3,C(8069;1;1511;2731),21,13.675012394645513,24207
8069,3,C(8069;1;2668;3152),21,13.675012394645513,24207
8069,3,C(8069;1;2711;3124),21,13.675012394645513,24207
