N,K,S,diameter,averageShortestPathLength,edges
8173,3,C(8173;1;405;1405),21,13.740088105726873,24519
8173,3,C(8173;1;477;2967),21,13.740088105726873,24519
8173,3,C(8173;1;2526;3471),21,13.740088105726873,24519
