N,K,S,diameter,averageShortestPathLength,edges
8066,3,C(8066;1;292;355),21,13.679231246125232,24198
8066,3,C(8066;1;770;835),21,13.679231246125232,24198
8066,3,C(8066;1;1788;3323),21,13.679231246125232,24198
8066,3,C(8066;1;2363;3680),21,13.679231246125232,24198
