N,K,S,diameter,averageShortestPathLength,edges
8061,3,C(8061;1;116;1770),21,13.669230769230769,24183
8061,3,C(8061;1;2100;3961),21,13.669230769230769,24183
