N,K,S,diameter,averageShortestPathLength,edges
8058,3,C(8058;1;1112;3505),21,13.669107608290927,24174
8058,3,C(8058;1;2032;3683),21,13.669107608290927,24174
