N,K,S,diameter,averageShortestPathLength,edges
8210,3,C(8210;1;1320;1431),21,13.760019490802778,24630
8210,3,C(8210;1;2249;3340),21,13.760019490802778,24630
