N,K,S,diameter,averageShortestPathLength,edges
8147,3,C(8147;1;1404;2298),21,13.72624601031181,24441
8147,3,C(8147;1;1638;3000),21,13.72624601031181,24441
8147,3,C(8147;1;2084;3251),21,13.72624601031181,24441
