N,K,S,diameter,averageShortestPathLength,edges
8384,3,C(8384;1;334;1535),21,13.852200882738876,25152
8384,3,C(8384;1;2190;3583),21,13.852200882738876,25152
