N,K,S,diameter,averageShortestPathLength,edges
8345,3,C(8345;1;662;2759),21,13.827900287631831,25035
8345,3,C(8345;1;859;1198),21,13.827900287631831,25035
8345,3,C(8345;1;1832;3517),21,13.827900287631831,25035
