N,K,S,diameter,averageShortestPathLength,edges
8059,3,C(8059;1;183;3448),21,13.664432861752296,24177
8059,3,C(8059;1;755;2162),21,13.664432861752296,24177
8059,3,C(8059;1;950;1145),21,13.664432861752296,24177
