N,K,S,diameter,averageShortestPathLength,edges
8413,3,C(8413;1;272;3098),20,13.859486447931527,25239
8413,3,C(8413;1;402;3772),20,13.859486447931527,25239
8413,3,C(8413;1;1330;2030),20,13.859486447931527,25239
