N,K,S,diameter,averageShortestPathLength,edges
8013,3,C(8013;1;259;1591),20,13.649525711432851,24039
8013,3,C(8013;1;967;2050),20,13.649525711432851,24039
8013,3,C(8013;1;2506;3428),20,13.649525711432851,24039
