N,K,S,diameter,averageShortestPathLength,edges
8433,3,C(8433;1;350;3311),21,13.873339658444023,25299
8433,3,C(8433;1;1277;3214),21,13.873339658444023,25299
8433,3,C(8433;1;3655;3986),21,13.873339658444023,25299
