N,K,S,diameter,averageShortestPathLength,edges
8090,3,C(8090;1;2370;3691),21,13.691556434664358,24270
8090,3,C(8090;1;2411;2530),21,13.691556434664358,24270
