N,K,S,diameter,averageShortestPathLength,edges
8052,3,C(8052;1;1278;3558),20,13.662899018755434,24156
8052,3,C(8052;1;2082;2754),20,13.662899018755434,24156
