N,K,S,diameter,averageShortestPathLength,edges
8057,3,C(8057;1;68;1923),20,13.667328699106257,24171
8057,3,C(8057;1;864;3909),20,13.667328699106257,24171
8057,3,C(8057;1;972;2384),20,13.667328699106257,24171
8057,3,C(8057;1;1517;2603),20,13.667328699106257,24171
8057,3,C(8057;1;1749;3910),20,13.667328699106257,24171
8057,3,C(8057;1;3068;3996),20,13.667328699106257,24171
