N,K,S,diameter,averageShortestPathLength,edges
8074,3,C(8074;1;915;3702),21,13.682398117180727,24222
8074,3,C(8074;1;2802;3009),21,13.682398117180727,24222
