N,K,S,diameter,averageShortestPathLength,edges
8409,3,C(8409;1;1445;1817),21,13.863225499524262,25227
8409,3,C(8409;1;1690;2152),21,13.863225499524262,25227
8409,3,C(8409;1;1846;3544),21,13.863225499524262,25227
