N,K,S,diameter,averageShortestPathLength,edges
8314,3,C(8314;1;670;4125),21,13.819920606279322,24942
8314,3,C(8314;1;1320;1429),21,13.819920606279322,24942
