N,K,S,diameter,averageShortestPathLength,edges
8445,3,C(8445;1;277;393),21,13.884888678351492,25335
8445,3,C(8445;1;1401;3628),21,13.884888678351492,25335
