N,K,S,diameter,averageShortestPathLength,edges
8065,3,C(8065;1;1605;3508),20,13.670634920634921,24195
8065,3,C(8065;1;3083;3695),20,13.670634920634921,24195
