N,K,S,diameter,averageShortestPathLength,edges
8365,3,C(8365;1;2061;3010),21,13.839789574366332,25095
8365,3,C(8365;1;2074;2450),21,13.839789574366332,25095
