N,K,S,diameter,averageShortestPathLength,edges
8187,3,C(8187;1;2010;3634),21,13.751282677742488,24561
8187,3,C(8187;1;3078;3314),21,13.751282677742488,24561
