N,K,S,diameter,averageShortestPathLength,edges
8162,3,C(8162;1;502;1905),21,13.727729444920966,24486
8162,3,C(8162;1;3569;4002),21,13.727729444920966,24486
