N,K,S,diameter,averageShortestPathLength,edges
8375,3,C(8375;1;452;2303),21,13.846190589921184,25125
8375,3,C(8375;1;1612;2311),21,13.846190589921184,25125
8375,3,C(8375;1;3084;3342),21,13.846190589921184,25125
