N,K,S,diameter,averageShortestPathLength,edges
8355,3,C(8355;1;469;998),21,13.841513047641849,25065
8355,3,C(8355;1;1138;2209),21,13.841513047641849,25065
8355,3,C(8355;1;2252;3458),21,13.841513047641849,25065
