N,K,S,diameter,averageShortestPathLength,edges
8246,3,C(8246;1;782;3023),21,13.771255306246211,24738
8246,3,C(8246;1;1626;2575),21,13.771255306246211,24738
