N,K,S,diameter,averageShortestPathLength,edges
8095,3,C(8095;1;71;1389),21,13.696565357054608,24285
8095,3,C(8095;1;114;3554),21,13.696565357054608,24285
8095,3,C(8095;1;2034;2879),21,13.696565357054608,24285
