N,K,S,diameter,averageShortestPathLength,edges
8389,3,C(8389;1;925;1083),21,13.85312350977587,25167
8389,3,C(8389;1;1332;1442),21,13.85312350977587,25167
8389,3,C(8389;1;2261;2959),21,13.85312350977587,25167
