N,K,S,diameter,averageShortestPathLength,edges
8139,3,C(8139;1;425;3782),21,13.712214303268617,24417
8139,3,C(8139;1;1414;2378),21,13.712214303268617,24417
8139,3,C(8139;1;1675;3179),21,13.712214303268617,24417
