N,K,S,diameter,averageShortestPathLength,edges
8309,3,C(8309;1;248;3626),21,13.814877226769379,24927
8309,3,C(8309;1;3164;4121),21,13.814877226769379,24927
