N,K,S,diameter,averageShortestPathLength,edges
8140,3,C(8140;1;477;2100),20,13.715689888192653,24420
8140,3,C(8140;1;3413;4040),20,13.715689888192653,24420
