N,K,S,diameter,averageShortestPathLength,edges
8193,3,C(8193;1;480;3944),21,13.752685546875,24579
8193,3,C(8193;1;779;2958),21,13.752685546875,24579
