N,K,S,diameter,averageShortestPathLength,edges
8313,3,C(8313;1;2533;3914),21,13.817613089509143,24939
8313,3,C(8313;1;2890;3668),21,13.817613089509143,24939
