N,K,S,diameter,averageShortestPathLength,edges
8297,3,C(8297;1;936;4037),21,13.797251687560269,24891
8297,3,C(8297;1;1145;3609),21,13.797251687560269,24891
8297,3,C(8297;1;1764;2442),21,13.797251687560269,24891
