N,K,S,diameter,averageShortestPathLength,edges
8243,3,C(8243;1;353;2077),21,13.776267896141713,24729
8243,3,C(8243;1;864;2446),21,13.776267896141713,24729
8243,3,C(8243;1;2790;3953),21,13.776267896141713,24729
