N,K,S,diameter,averageShortestPathLength,edges
8351,3,C(8351;1;214;3392),21,13.834251497005988,25053
8351,3,C(8351;1;1678;3606),21,13.834251497005988,25053
8351,3,C(8351;1;1679;3075),21,13.834251497005988,25053
