N,K,S,diameter,averageShortestPathLength,edges
8435,3,C(8435;1;124;3700),21,13.874318235712591,25305
8435,3,C(8435;1;2789;3295),21,13.874318235712591,25305
