N,K,S,diameter,averageShortestPathLength,edges
8150,3,C(8150;1;839;1170),21,13.727205792121733,24450
8150,3,C(8150;1;970;4041),21,13.727205792121733,24450
