N,K,S,diameter,averageShortestPathLength,edges
8401,3,C(8401;1;1080;3101),21,13.869047619047619,25203
8401,3,C(8401;1;1425;1617),21,13.869047619047619,25203
8401,3,C(8401;1;2951;3726),21,13.869047619047619,25203
