N,K,S,diameter,averageShortestPathLength,edges
8126,3,C(8126;1;1348;3491),21,13.715692307692308,24378
8126,3,C(8126;1;1906;2479),21,13.715692307692308,24378
