N,K,S,diameter,averageShortestPathLength,edges
8155,3,C(8155;1;980;1579),21,13.724061810154526,24465
8155,3,C(8155;1;1286;3745),21,13.724061810154526,24465
