N,K,S,diameter,averageShortestPathLength,edges
8093,3,C(8093;1;68;1390),21,13.68413247652002,24279
8093,3,C(8093;1;119;3550),21,13.68413247652002,24279
8093,3,C(8093;1;326;1671),21,13.68413247652002,24279
