N,K,S,diameter,averageShortestPathLength,edges
8282,3,C(8282;1;561;2844),21,13.797488226059654,24846
8282,3,C(8282;1;1068;3425),21,13.797488226059654,24846
