N,K,S,diameter,averageShortestPathLength,edges
8411,3,C(8411;1;1507;2490),21,13.868014268727705,25233
8411,3,C(8411;1;2463;3639),21,13.868014268727705,25233
8411,3,C(8411;1;3794;3915),21,13.868014268727705,25233
