N,K,S,diameter,averageShortestPathLength,edges
8197,3,C(8197;1;433;1115),21,13.744753538311372,24591
8197,3,C(8197;1;660;1912),21,13.744753538311372,24591
8197,3,C(8197;1;941;2397),21,13.744753538311372,24591
