N,K,S,diameter,averageShortestPathLength,edges
8410,3,C(8410;1;1263;3900),21,13.867047211321204,25230
8410,3,C(8410;1;2600;3083),21,13.867047211321204,25230
