N,K,S,diameter,averageShortestPathLength,edges
8031,3,C(8031;1;336;1480),21,13.664009962640099,24093
8031,3,C(8031;1;700;2301),21,13.664009962640099,24093
