N,K,S,diameter,averageShortestPathLength,edges
8373,3,C(8373;1;67;1436),21,13.841853798375537,25119
8373,3,C(8373;1;274;379),21,13.841853798375537,25119
8373,3,C(8373;1;2353;4124),21,13.841853798375537,25119
