N,K,S,diameter,averageShortestPathLength,edges
8203,3,C(8203;1;650;1232),20,13.754206291148501,24609
8203,3,C(8203;1;2756;3176),20,13.754206291148501,24609
