N,K,S,diameter,averageShortestPathLength,edges
8167,3,C(8167;1;439;2745),20,13.728385990693118,24501
8167,3,C(8167;1;2282;2743),20,13.728385990693118,24501
8167,3,C(8167;1;3051;3820),20,13.728385990693118,24501
