N,K,S,diameter,averageShortestPathLength,edges
8456,3,C(8456;1;2097;2666),21,13.893081017149616,25368
8456,3,C(8456;1;3390;3855),21,13.893081017149616,25368
