N,K,S,diameter,averageShortestPathLength,edges
8414,3,C(8414;1;70;1360),21,13.87257815285867,25242
8414,3,C(8414;1;1332;2286),21,13.87257815285867,25242
