N,K,S,diameter,averageShortestPathLength,edges
8020,3,C(8020;1;860;3891),20,13.647212869435092,24060
8020,3,C(8020;1;1449;3040),20,13.647212869435092,24060
