N,K,S,diameter,averageShortestPathLength,edges
8039,3,C(8039;1;1271;2884),20,13.663100273699925,24117
8039,3,C(8039;1;2764;3312),20,13.663100273699925,24117
8039,3,C(8039;1;2852;3331),20,13.663100273699925,24117
