N,K,S,diameter,averageShortestPathLength,edges
8015,3,C(8015;1;1343;3795),20,13.645370601447468,24045
8015,3,C(8015;1;2080;2423),20,13.645370601447468,24045
