N,K,S,diameter,averageShortestPathLength,edges
8128,3,C(8128;1;65;1394),21,13.709240802264057,24384
8128,3,C(8128;1;1522;2751),21,13.709240802264057,24384
