N,K,S,diameter,averageShortestPathLength,edges
8145,3,C(8145;1;757;3178),21,13.725687622789783,24435
8145,3,C(8145;1;1061;3088),21,13.725687622789783,24435
8145,3,C(8145;1;1781;1853),21,13.725687622789783,24435
