N,K,S,diameter,averageShortestPathLength,edges
8299,3,C(8299;1;1683;3684),21,13.803326102675344,24897
8299,3,C(8299;1;1831;2282),21,13.803326102675344,24897
8299,3,C(8299;1;2162;4078),21,13.803326102675344,24897
