N,K,S,diameter,averageShortestPathLength,edges
8012,3,C(8012;1;366;1963),21,13.647984021969792,24036
8012,3,C(8012;1;2094;3355),21,13.647984021969792,24036
