N,K,S,diameter,averageShortestPathLength,edges
8105,3,C(8105;1;407;2545),21,13.69990128331688,24315
8105,3,C(8105;1;1852;3770),21,13.69990128331688,24315
