N,K,S,diameter,averageShortestPathLength,edges
8017,3,C(8017;1;366;1035),20,13.644710578842316,24051
8017,3,C(8017;1;945;1139),20,13.644710578842316,24051
8017,3,C(8017;1;1640;2519),20,13.644710578842316,24051
