N,K,S,diameter,averageShortestPathLength,edges
8192,3,C(8192;1;831;1998),21,13.752777438652179,24576
8192,3,C(8192;1;1358;3263),21,13.752777438652179,24576
