N,K,S,diameter,averageShortestPathLength,edges
8230,3,C(8230;1;413;1720),21,13.763033175355451,24690
8230,3,C(8230;1;3567;3890),21,13.763033175355451,24690
