N,K,S,diameter,averageShortestPathLength,edges
8097,3,C(8097;1;871;3555),21,13.692934782608695,24291
8097,3,C(8097;1;3231;3923),21,13.692934782608695,24291
