N,K,S,diameter,averageShortestPathLength,edges
8269,3,C(8269;1;856;3093),21,13.792210933720368,24807
8269,3,C(8269;1;1385;3893),21,13.792210933720368,24807
8269,3,C(8269;1;1815;4069),21,13.792210933720368,24807
