N,K,S,diameter,averageShortestPathLength,edges
8425,3,C(8425;1;679;4180),21,13.871082621082621,25275
8425,3,C(8425;1;2494;3195),21,13.871082621082621,25275
