N,K,S,diameter,averageShortestPathLength,edges
8289,3,C(8289;1;1645;2921),21,13.804777992277993,24867
8289,3,C(8289;1;2651;3445),21,13.804777992277993,24867
8289,3,C(8289;1;2689;3497),21,13.804777992277993,24867
