N,K,S,diameter,averageShortestPathLength,edges
8253,3,C(8253;1;1736;2873),21,13.782840523509453,24759
8253,3,C(8253;1;3577;3901),21,13.782840523509453,24759
