N,K,S,diameter,averageShortestPathLength,edges
8245,3,C(8245;1;932;2310),21,13.773653566229985,24735
8245,3,C(8245;1;1672;3660),21,13.773653566229985,24735
