N,K,S,diameter,averageShortestPathLength,edges
8234,3,C(8234;1;116;3615),21,13.768735576339123,24702
8234,3,C(8234;1;2731;3904),21,13.768735576339123,24702
