N,K,S,diameter,averageShortestPathLength,edges
8279,3,C(8279;1;188;3357),21,13.797777240879439,24837
8279,3,C(8279;1;995;1189),21,13.797777240879439,24837
8279,3,C(8279;1;1090;3793),21,13.797777240879439,24837
