N,K,S,diameter,averageShortestPathLength,edges
8273,3,C(8273;1;1002;3219),21,13.794970986460347,24819
8273,3,C(8273;1;1960;2865),21,13.794970986460347,24819
8273,3,C(8273;1;2935;3955),21,13.794970986460347,24819
