N,K,S,diameter,averageShortestPathLength,edges
8396,3,C(8396;1;190;1649),21,13.863251935675997,25188
8396,3,C(8396;1;2286;3503),21,13.863251935675997,25188
