N,K,S,diameter,averageShortestPathLength,edges
8201,3,C(8201;1;169;3656),21,13.761463414634147,24603
8201,3,C(8201;1;221;922),21,13.761463414634147,24603
8201,3,C(8201;1;738;1707),21,13.761463414634147,24603
