N,K,S,diameter,averageShortestPathLength,edges
8392,3,C(8392;1;2175;3778),21,13.859730663806459,25176
8392,3,C(8392;1;2207;3602),21,13.859730663806459,25176
