N,K,S,diameter,averageShortestPathLength,edges
8399,3,C(8399;1;562;2153),21,13.864491545606096,25197
8399,3,C(8399;1;1459;3144),21,13.864491545606096,25197
8399,3,C(8399;1;2167;4106),21,13.864491545606096,25197
