N,K,S,diameter,averageShortestPathLength,edges
8110,3,C(8110;1;704;961),21,13.703539277346158,24330
8110,3,C(8110;1;1941;3984),21,13.703539277346158,24330
