N,K,S,diameter,averageShortestPathLength,edges
8460,3,C(8460;1;852;3927),21,13.894431965953423,25380
8460,3,C(8460;1;1155;2238),21,13.894431965953423,25380
