N,K,S,diameter,averageShortestPathLength,edges
8185,3,C(8185;1;1294;1975),20,13.73338220918866,24555
8185,3,C(8185;1;2750;3169),20,13.73338220918866,24555
