N,K,S,diameter,averageShortestPathLength,edges
8134,3,C(8134;1;1548;3205),21,13.714250584040329,24402
8134,3,C(8134;1;2477;3282),21,13.714250584040329,24402
