N,K,S,diameter,averageShortestPathLength,edges
8462,3,C(8462;1;868;2729),21,13.889611157073633,25386
8462,3,C(8462;1;4031;4102),21,13.889611157073633,25386
