N,K,S,diameter,averageShortestPathLength,edges
8009,3,C(8009;1;423;3127),21,13.638861138861138,24027
8009,3,C(8009;1;1263;3678),21,13.638861138861138,24027
8009,3,C(8009;1;1435;2371),21,13.638861138861138,24027
8009,3,C(8009;1;1652;2013),21,13.638861138861138,24027
8009,3,C(8009;1;2476;2936),21,13.638861138861138,24027
8009,3,C(8009;1;2575;2980),21,13.638861138861138,24027
