N,K,S,diameter,averageShortestPathLength,edges
8136,3,C(8136;1;883;1916),21,13.711862323294406,24408
8136,3,C(8136;1;1684;2755),21,13.711862323294406,24408
