N,K,S,diameter,averageShortestPathLength,edges
8440,3,C(8440;1;66;2203),21,13.885412963621283,25320
8440,3,C(8440;1;1747;2858),21,13.885412963621283,25320
