N,K,S,diameter,averageShortestPathLength,edges
8429,3,C(8429;1;105;2170),21,13.886331276696724,25287
8429,3,C(8429;1;136;3694),21,13.886331276696724,25287
8429,3,C(8429;1;2328;2789),21,13.886331276696724,25287
