N,K,S,diameter,averageShortestPathLength,edges
8073,3,C(8073;1;67;1924),21,13.679633300297324,24219
8073,3,C(8073;1;241;3523),21,13.679633300297324,24219
