N,K,S,diameter,averageShortestPathLength,edges
8303,3,C(8303;1;504;1583),21,13.807516261141894,24909
8303,3,C(8303;1;535;3944),21,13.807516261141894,24909
8303,3,C(8303;1;1598;2781),21,13.807516261141894,24909
8303,3,C(8303;1;1610;2019),21,13.807516261141894,24909
8303,3,C(8303;1;3174;3804),21,13.807516261141894,24909
