N,K,S,diameter,averageShortestPathLength,edges
8266,3,C(8266;1;605;1554),21,13.789473684210526,24798
8266,3,C(8266;1;836;1175),21,13.789473684210526,24798
