N,K,S,diameter,averageShortestPathLength,edges
8112,3,C(8112;1;236;407),21,13.697941067685859,24336
8112,3,C(8112;1;3308;3767),21,13.697941067685859,24336
