N,K,S,diameter,averageShortestPathLength,edges
8127,3,C(8127;1;870;2084),21,13.709574206251538,24381
8127,3,C(8127;1;1361;2472),21,13.709574206251538,24381
