N,K,S,diameter,averageShortestPathLength,edges
8151,3,C(8151;1;944;2902),21,13.726134969325154,24453
8151,3,C(8151;1;1733;2399),21,13.726134969325154,24453
8151,3,C(8151;1;2150;3785),21,13.726134969325154,24453
