N,K,S,diameter,averageShortestPathLength,edges
8341,3,C(8341;1;514;2930),21,13.833093525179857,25023
8341,3,C(8341;1;1239;1996),21,13.833093525179857,25023
8341,3,C(8341;1;1449;2437),21,13.833093525179857,25023
