N,K,S,diameter,averageShortestPathLength,edges
8207,3,C(8207;1;1221;2823),21,13.749939068973921,24621
8207,3,C(8207;1;1434;3838),21,13.749939068973921,24621
8207,3,C(8207;1;2398;3477),21,13.749939068973921,24621
