N,K,S,diameter,averageShortestPathLength,edges
8354,3,C(8354;1;1187;3090),21,13.837184245181373,25062
8354,3,C(8354;1;1485;2304),21,13.837184245181373,25062
