N,K,S,diameter,averageShortestPathLength,edges
8177,3,C(8177;1;1644;3011),21,13.733365949119374,24531
8177,3,C(8177;1;2122;2472),21,13.733365949119374,24531
8177,3,C(8177;1;3544;3865),21,13.733365949119374,24531
