N,K,S,diameter,averageShortestPathLength,edges
8420,3,C(8420;1;900;1131),21,13.872787742012115,25260
8420,3,C(8420;1;2829;3260),21,13.872787742012115,25260
