N,K,S,diameter,averageShortestPathLength,edges
8457,3,C(8457;1;67;1369),21,13.895931882686849,25371
8457,3,C(8457;1;904;1136),21,13.895931882686849,25371
8457,3,C(8457;1;2471;3583),21,13.895931882686849,25371
