N,K,S,diameter,averageShortestPathLength,edges
8437,3,C(8437;1;261;361),21,13.883831199620673,25311
8437,3,C(8437;1;1390;4007),21,13.883831199620673,25311
8437,3,C(8437;1;3085;3670),21,13.883831199620673,25311
