N,K,S,diameter,averageShortestPathLength,edges
8334,3,C(8334;1;1632;2023),21,13.81951278051122,25002
8334,3,C(8334;1;1680;3065),21,13.81951278051122,25002
8334,3,C(8334;1;3970;4040),21,13.81951278051122,25002
