N,K,S,diameter,averageShortestPathLength,edges
8085,3,C(8085;1;1126;1915),21,13.688273132112815,24255
8085,3,C(8085;1;2005;2549),21,13.688273132112815,24255
