N,K,S,diameter,averageShortestPathLength,edges
8408,3,C(8408;1;782;923),21,13.869751397644819,25224
8408,3,C(8408;1;2178;2997),21,13.869751397644819,25224
