N,K,S,diameter,averageShortestPathLength,edges
8026,3,C(8026;1;1613;2054),21,13.651588785046728,24078
8026,3,C(8026;1;2412;2881),21,13.651588785046728,24078
