N,K,S,diameter,averageShortestPathLength,edges
8157,3,C(8157;1;153;1031),21,13.730995586071604,24471
8157,3,C(8157;1;269;372),21,13.730995586071604,24471
