N,K,S,diameter,averageShortestPathLength,edges
8434,3,C(8434;1;70;2010),21,13.874066168623266,25302
8434,3,C(8434;1;942;2038),21,13.874066168623266,25302
