N,K,S,diameter,averageShortestPathLength,edges
8163,3,C(8163;1;251;397),21,13.734868904680225,24489
8163,3,C(8163;1;748;3088),21,13.734868904680225,24489
8163,3,C(8163;1;3331;3455),21,13.734868904680225,24489
