N,K,S,diameter,averageShortestPathLength,edges
8233,3,C(8233;1;335;3406),21,13.769193391642371,24699
8233,3,C(8233;1;1124;2178),21,13.769193391642371,24699
8233,3,C(8233;1;2261;3111),21,13.769193391642371,24699
