N,K,S,diameter,averageShortestPathLength,edges
8358,3,C(8358;1;1530;1919),21,13.832954409477084,25074
8358,3,C(8358;1;1777;2460),21,13.832954409477084,25074
