N,K,S,diameter,averageShortestPathLength,edges
8244,3,C(8244;1;246;389),21,13.770229285454326,24732
8244,3,C(8244;1;1759;4026),21,13.770229285454326,24732
