N,K,S,diameter,averageShortestPathLength,edges
8081,3,C(8081;1;422;3755),21,13.677722772277228,24243
8081,3,C(8081;1;1283;1389),21,13.677722772277228,24243
8081,3,C(8081;1;1629;2972),21,13.677722772277228,24243
