N,K,S,diameter,averageShortestPathLength,edges
8029,3,C(8029;1;118;3522),21,13.651968111609367,24087
8029,3,C(8029;1;1331;3198),21,13.651968111609367,24087
8029,3,C(8029;1;1940;3921),21,13.651968111609367,24087
