N,K,S,diameter,averageShortestPathLength,edges
8442,3,C(8442;1;995;2406),21,13.87560715555029,25326
8442,3,C(8442;1;2995;3498),21,13.87560715555029,25326
