N,K,S,diameter,averageShortestPathLength,edges
8247,3,C(8247;1;2140;3245),21,13.782682512733446,24741
8247,3,C(8247;1;2422;3964),21,13.782682512733446,24741
8247,3,C(8247;1;3335;3557),21,13.782682512733446,24741
