N,K,S,diameter,averageShortestPathLength,edges
8161,3,C(8161;1;115;3583),21,13.727205882352941,24483
8161,3,C(8161;1;943;1624),21,13.727205882352941,24483
8161,3,C(8161;1;2050;3219),21,13.727205882352941,24483
8161,3,C(8161;1;2058;3730),21,13.727205882352941,24483
8161,3,C(8161;1;2984;3550),21,13.727205882352941,24483
8161,3,C(8161;1;3348;3469),21,13.727205882352941,24483
