N,K,S,diameter,averageShortestPathLength,edges
8120,3,C(8120;1;730;3131),21,13.707722625939155,24360
8120,3,C(8120;1;1590;1971),21,13.707722625939155,24360
