N,K,S,diameter,averageShortestPathLength,edges
8271,3,C(8271;1;1475;2411),21,13.787666263603386,24813
8271,3,C(8271;1;1574;3259),21,13.787666263603386,24813
8271,3,C(8271;1;2557;3032),21,13.787666263603386,24813
