N,K,S,diameter,averageShortestPathLength,edges
8337,3,C(8337;1;261;361),21,13.828214971209214,25011
8337,3,C(8337;1;1893;3187),21,13.828214971209214,25011
