N,K,S,diameter,averageShortestPathLength,edges
8374,3,C(8374;1;1091;2250),21,13.84641108324376,25122
8374,3,C(8374;1;1443;2362),21,13.84641108324376,25122
