N,K,S,diameter,averageShortestPathLength,edges
8321,3,C(8321;1;189;3374),21,13.815625000000001,24963
8321,3,C(8321;1;1673;3064),21,13.815625000000001,24963
8321,3,C(8321;1;2952;3978),21,13.815625000000001,24963
