N,K,S,diameter,averageShortestPathLength,edges
8255,3,C(8255;1;284;973),21,13.775866246668283,24765
8255,3,C(8255;1;436;3223),21,13.775866246668283,24765
8255,3,C(8255;1;1332;1442),21,13.775866246668283,24765
