N,K,S,diameter,averageShortestPathLength,edges
8045,3,C(8045;1;1531;3170),21,13.662108403779214,24135
8045,3,C(8045;1;2496;3960),21,13.662108403779214,24135
