N,K,S,diameter,averageShortestPathLength,edges
8366,3,C(8366;1;397;3752),21,13.850687387925882,25098
8366,3,C(8366;1;2140;3751),21,13.850687387925882,25098
