N,K,S,diameter,averageShortestPathLength,edges
8035,3,C(8035;1;320;1663),20,13.64924072691063,24105
8035,3,C(8035;1;947;2290),20,13.64924072691063,24105
