N,K,S,diameter,averageShortestPathLength,edges
8448,3,C(8448;1;456;2323),21,13.885639872143956,25344
8448,3,C(8448;1;1051;2280),21,13.885639872143956,25344
