N,K,S,diameter,averageShortestPathLength,edges
8439,3,C(8439;1;1679;2718),21,13.886940033183219,25317
8439,3,C(8439;1;2994;3644),21,13.886940033183219,25317
