N,K,S,diameter,averageShortestPathLength,edges
8327,3,C(8327;1;740;3995),21,13.823204419889503,24981
8327,3,C(8327;1;1359;1907),21,13.823204419889503,24981
8327,3,C(8327;1;3117;3550),21,13.823204419889503,24981
