N,K,S,diameter,averageShortestPathLength,edges
8395,3,C(8395;1;949;2352),21,13.857040743388135,25185
8395,3,C(8395;1;2117;3837),21,13.857040743388135,25185
