N,K,S,diameter,averageShortestPathLength,edges
8049,3,C(8049;1;389;3604),20,13.664512922465208,24147
8049,3,C(8049;1;899;1945),20,13.664512922465208,24147
8049,3,C(8049;1;958;3991),20,13.664512922465208,24147
