N,K,S,diameter,averageShortestPathLength,edges
8137,3,C(8137;1;280;1640),21,13.715339233038348,24411
8137,3,C(8137;1;959;2319),21,13.715339233038348,24411
8137,3,C(8137;1;1786;4004),21,13.715339233038348,24411
