N,K,S,diameter,averageShortestPathLength,edges
8239,3,C(8239;1;258;408),21,13.772760378732702,24717
8239,3,C(8239;1;626;3272),21,13.772760378732702,24717
8239,3,C(8239;1;768;2906),21,13.772760378732702,24717
