N,K,S,diameter,averageShortestPathLength,edges
8343,3,C(8343;1;270;383),21,13.833852793095181,25029
8343,3,C(8343;1;1307;2484),21,13.833852793095181,25029
