N,K,S,diameter,averageShortestPathLength,edges
8169,3,C(8169;1;264;1520),21,13.73824681684623,24507
8169,3,C(8169;1;1419;3058),21,13.73824681684623,24507
