N,K,S,diameter,averageShortestPathLength,edges
8387,3,C(8387;1;922;1072),21,13.853088480801336,25161
8387,3,C(8387;1;1145;2356),21,13.853088480801336,25161
8387,3,C(8387;1;1736;2840),21,13.853088480801336,25161
