N,K,S,diameter,averageShortestPathLength,edges
8461,3,C(8461;1;265;419),21,13.900945626477542,25383
8461,3,C(8461;1;447;1151),21,13.900945626477542,25383
8461,3,C(8461;1;1110;3029),21,13.900945626477542,25383
