N,K,S,diameter,averageShortestPathLength,edges
8465,3,C(8465;1;1344;1455),21,13.888941398865784,25395
8465,3,C(8465;1;1605;1921),21,13.888941398865784,25395
