N,K,S,diameter,averageShortestPathLength,edges
8019,3,C(8019;1;278;338),20,13.653529558493389,24057
8019,3,C(8019;1;518;2798),20,13.653529558493389,24057
8019,3,C(8019;1;3535;3607),20,13.653529558493389,24057
