N,K,S,diameter,averageShortestPathLength,edges
8450,3,C(8450;1;239;1820),21,13.881051011954078,25350
8450,3,C(8450;1;970;2471),21,13.881051011954078,25350
8450,3,C(8450;1;1591;2730),21,13.881051011954078,25350
8450,3,C(8450;1;2469;3580),21,13.881051011954078,25350
