N,K,S,diameter,averageShortestPathLength,edges
8131,3,C(8131;1;233;1818),20,13.710947109471094,24393
8131,3,C(8131;1;1078;3171),20,13.710947109471094,24393
8131,3,C(8131;1;2373;3447),20,13.710947109471094,24393
