N,K,S,diameter,averageShortestPathLength,edges
8123,3,C(8123;1;258;366),21,13.704506279241565,24369
8123,3,C(8123;1;1487;1865),21,13.704506279241565,24369
8123,3,C(8123;1;3054;3210),21,13.704506279241565,24369
