N,K,S,diameter,averageShortestPathLength,edges
8320,3,C(8320;1;3320;4031),21,13.813198701767039,24960
8320,3,C(8320;1;3960;4031),21,13.813198701767039,24960
