N,K,S,diameter,averageShortestPathLength,edges
8449,3,C(8449;1;644;1542),21,13.888967803030303,25347
8449,3,C(8449;1;1452;2751),21,13.888967803030303,25347
