N,K,S,diameter,averageShortestPathLength,edges
8335,3,C(8335;1;282;390),21,13.821454283657307,25005
8335,3,C(8335;1;1240;2867),21,13.821454283657307,25005
