N,K,S,diameter,averageShortestPathLength,edges
8051,3,C(8051;1;1623;2961),21,13.661614906832298,24153
8051,3,C(8051;1;2662;3145),21,13.661614906832298,24153
8051,3,C(8051;1;2725;3861),21,13.661614906832298,24153
