N,K,S,diameter,averageShortestPathLength,edges
8398,3,C(8398;1;70;1439),21,13.865904489698702,25194
8398,3,C(8398;1;1354;1459),21,13.865904489698702,25194
