N,K,S,diameter,averageShortestPathLength,edges
8291,3,C(8291;1;268;958),21,13.803860072376358,24873
8291,3,C(8291;1;1667;1949),21,13.803860072376358,24873
8291,3,C(8291;1;1696;2605),21,13.803860072376358,24873
