N,K,S,diameter,averageShortestPathLength,edges
8089,3,C(8089;1;269;1030),21,13.694114737883284,24267
8089,3,C(8089;1;950;1500),21,13.694114737883284,24267
8089,3,C(8089;1;2556;3755),21,13.694114737883284,24267
