N,K,S,diameter,averageShortestPathLength,edges
8118,3,C(8118;1;270;383),21,13.703954663052851,24354
8118,3,C(8118;1;1548;3031),21,13.703954663052851,24354
