N,K,S,diameter,averageShortestPathLength,edges
8290,3,C(8290;1;347;3658),21,13.804560260586319,24870
8290,3,C(8290;1;1874;3273),21,13.804560260586319,24870
