N,K,S,diameter,averageShortestPathLength,edges
8064,3,C(8064;1;1098;3607),21,13.66712141882674,24192
8064,3,C(8064;1;1831;2502),21,13.66712141882674,24192
