N,K,S,diameter,averageShortestPathLength,edges
8094,3,C(8094;1;65;1932),21,13.688743358457927,24282
8094,3,C(8094;1;1524;2615),21,13.688743358457927,24282
