N,K,S,diameter,averageShortestPathLength,edges
8114,3,C(8114;1;479;844),21,13.704794773819795,24342
8114,3,C(8114;1;559;1184),21,13.704794773819795,24342
