N,K,S,diameter,averageShortestPathLength,edges
8267,3,C(8267;1;251;397),21,13.787079603193806,24801
8267,3,C(8267;1;354;2083),21,13.787079603193806,24801
8267,3,C(8267;1;1548;2798),21,13.787079603193806,24801
