N,K,S,diameter,averageShortestPathLength,edges
8221,3,C(8221;1;1614;2011),21,13.763503649635037,24663
8221,3,C(8221;1;2183;3447),21,13.763503649635037,24663
8221,3,C(8221;1;2450;2571),21,13.763503649635037,24663
