N,K,S,diameter,averageShortestPathLength,edges
8198,3,C(8198;1;2279;3270),21,13.75405636208369,24594
8198,3,C(8198;1;2772;3331),21,13.75405636208369,24594
