N,K,S,diameter,averageShortestPathLength,edges
8331,3,C(8331;1;147;1856),21,13.825690276110445,24993
8331,3,C(8331;1;992;4134),21,13.825690276110445,24993
