N,K,S,diameter,averageShortestPathLength,edges
8063,3,C(8063;1;506;2225),21,13.672537831803522,24189
8063,3,C(8063;1;1221;3073),21,13.672537831803522,24189
