N,K,S,diameter,averageShortestPathLength,edges
8212,3,C(8212;1;174;3965),21,13.760077944221166,24636
8212,3,C(8212;1;1746;2417),21,13.760077944221166,24636
