N,K,S,diameter,averageShortestPathLength,edges
8330,3,C(8330;1;251;410),21,13.826749909953175,24990
8330,3,C(8330;1;531;1130),21,13.826749909953175,24990
