N,K,S,diameter,averageShortestPathLength,edges
8171,3,C(8171;1;698;2858),21,13.740024479804161,24513
8171,3,C(8171;1;1674;3914),21,13.740024479804161,24513
8171,3,C(8171;1;1987;2144),21,13.740024479804161,24513
