N,K,S,diameter,averageShortestPathLength,edges
8275,3,C(8275;1;2370;3753),21,13.788977519941987,24825
8275,3,C(8275;1;2415;3508),21,13.788977519941987,24825
