N,K,S,diameter,averageShortestPathLength,edges
8444,3,C(8444;1;282;390),21,13.886533222788108,25332
8444,3,C(8444;1;736;958),21,13.886533222788108,25332
