N,K,S,diameter,averageShortestPathLength,edges
8286,3,C(8286;1;330;1715),20,13.792395896197949,24858
8286,3,C(8286;1;1812;2179),20,13.792395896197949,24858
