N,K,S,diameter,averageShortestPathLength,edges
8380,3,C(8380;1;3019;3968),21,13.850936865974459,25140
8380,3,C(8380;1;3632;3961),21,13.850936865974459,25140
