N,K,S,diameter,averageShortestPathLength,edges
8346,3,C(8346;1;1003;1616),21,13.833912522468545,25038
8346,3,C(8346;1;2255;3122),21,13.833912522468545,25038
