N,K,S,diameter,averageShortestPathLength,edges
8165,3,C(8165;1;658;4051),21,13.725869671729544,24495
8165,3,C(8165;1;912;1973),21,13.725869671729544,24495
8165,3,C(8165;1;1296;3608),21,13.725869671729544,24495
