N,K,S,diameter,averageShortestPathLength,edges
8183,3,C(8183;1;1229;3756),21,13.736494744561233,24549
8183,3,C(8183;1;2211;3061),21,13.736494744561233,24549
8183,3,C(8183;1;2903;3912),21,13.736494744561233,24549
