N,K,S,diameter,averageShortestPathLength,edges
8071,3,C(8071;1;282;1623),21,13.681040892193309,24213
8071,3,C(8071;1;767;830),21,13.681040892193309,24213
8071,3,C(8071;1;1651;2536),21,13.681040892193309,24213
