N,K,S,diameter,averageShortestPathLength,edges
8424,3,C(8424;1;408;1109),21,13.868930309865844,25272
8424,3,C(8424;1;1147;3768),21,13.868930309865844,25272
