N,K,S,diameter,averageShortestPathLength,edges
8295,3,C(8295;1;612;1936),21,13.807089462261876,24885
8295,3,C(8295;1;3753;3869),21,13.807089462261876,24885
