N,K,S,diameter,averageShortestPathLength,edges
8156,3,C(8156;1;792;857),20,13.723237277743715,24468
8156,3,C(8156;1;2856;3093),20,13.723237277743715,24468
