N,K,S,diameter,averageShortestPathLength,edges
8152,3,C(8152;1;451;1730),20,13.726536621273464,24456
8152,3,C(8152;1;2834;3597),20,13.726536621273464,24456
