N,K,S,diameter,averageShortestPathLength,edges
8086,3,C(8086;1;1442;2357),21,13.686332714904143,24258
8086,3,C(8086;1;1836;3091),21,13.686332714904143,24258
