N,K,S,diameter,averageShortestPathLength,edges
8379,3,C(8379;1;1644;3565),21,13.849844831702077,25137
8379,3,C(8379;1;2348;2607),21,13.849844831702077,25137
