N,K,S,diameter,averageShortestPathLength,edges
8310,3,C(8310;1;1319;3672),21,13.806715609579973,24930
8310,3,C(8310;1;2322;2791),21,13.806715609579973,24930
