N,K,S,diameter,averageShortestPathLength,edges
8196,3,C(8196;1;1116;3666),21,13.743258084197681,24588
8196,3,C(8196;1;1206;2208),21,13.743258084197681,24588
