N,K,S,diameter,averageShortestPathLength,edges
8144,3,C(8144;1;596;1531),21,13.722952228908264,24432
8144,3,C(8144;1;1676;3181),21,13.722952228908264,24432
