N,K,S,diameter,averageShortestPathLength,edges
8421,3,C(8421;1;292;355),21,13.877672209026128,25263
8421,3,C(8421;1;1931;2509),21,13.877672209026128,25263
8421,3,C(8421;1;2467;3842),21,13.877672209026128,25263
