N,K,S,diameter,averageShortestPathLength,edges
8356,3,C(8356;1;1440;2357),21,13.841532016756434,25068
8356,3,C(8356;1;2393;3248),21,13.841532016756434,25068
