N,K,S,diameter,averageShortestPathLength,edges
8223,3,C(8223;1;904;1051),21,13.768426173680369,24669
8223,3,C(8223;1;1120;2174),21,13.768426173680369,24669
8223,3,C(8223;1;1417;3067),21,13.768426173680369,24669
