N,K,S,diameter,averageShortestPathLength,edges
8206,3,C(8206;1;1349;3504),21,13.753077391834248,24618
8206,3,C(8206;1;1360;3297),21,13.753077391834248,24618
