N,K,S,diameter,averageShortestPathLength,edges
8172,3,C(8172;1;367;1794),21,13.732958022273895,24516
8172,3,C(8172;1;2766;3919),21,13.732958022273895,24516
