N,K,S,diameter,averageShortestPathLength,edges
8025,3,C(8025;1;419;3729),21,13.649052841475573,24075
8025,3,C(8025;1;1379;1734),21,13.649052841475573,24075
