N,K,S,diameter,averageShortestPathLength,edges
8323,3,C(8323;1;189;3561),21,13.815188656572939,24969
8323,3,C(8323;1;991;4130),21,13.815188656572939,24969
