N,K,S,diameter,averageShortestPathLength,edges
8280,3,C(8280;1;379;3072),21,13.791520715062205,24840
8280,3,C(8280;1;2141;2832),21,13.791520715062205,24840
