N,K,S,diameter,averageShortestPathLength,edges
8215,3,C(8215;1;716;932),21,13.760409057706354,24645
8215,3,C(8215;1;733;2811),21,13.760409057706354,24645
8215,3,C(8215;1;1472;2432),21,13.760409057706354,24645
