N,K,S,diameter,averageShortestPathLength,edges
8195,3,C(8195;1;68;1953),21,13.741518184037099,24585
8195,3,C(8195;1;1779;3977),21,13.741518184037099,24585
8195,3,C(8195;1;2119;2803),21,13.741518184037099,24585
