N,K,S,diameter,averageShortestPathLength,edges
8416,3,C(8416;1;272;1671),21,13.868686868686869,25248
8416,3,C(8416;1;1264;3863),21,13.868686868686869,25248
