N,K,S,diameter,averageShortestPathLength,edges
8232,3,C(8232;1;187;3522),21,13.767707447454745,24696
8232,3,C(8232;1;650;775),21,13.767707447454745,24696
8232,3,C(8232;1;871;1858),21,13.767707447454745,24696
8232,3,C(8232;1;1698;2069),21,13.767707447454745,24696
