N,K,S,diameter,averageShortestPathLength,edges
8056,3,C(8056;1;769;834),21,13.67088764742396,24168
8056,3,C(8056;1;1562;1959),21,13.67088764742396,24168
