N,K,S,diameter,averageShortestPathLength,edges
8287,3,C(8287;1;69;1420),21,13.800144822592324,24861
8287,3,C(8287;1;1201;1702),21,13.800144822592324,24861
8287,3,C(8287;1;1885;2527),21,13.800144822592324,24861
