N,K,S,diameter,averageShortestPathLength,edges
8307,3,C(8307;1;496;3132),21,13.816277389838671,24921
8307,3,C(8307;1;2060;2619),21,13.816277389838671,24921
