N,K,S,diameter,averageShortestPathLength,edges
8224,3,C(8224;1;66;1963),21,13.761522558676882,24672
8224,3,C(8224;1;1437;3846),21,13.761522558676882,24672
