N,K,S,diameter,averageShortestPathLength,edges
8023,3,C(8023;1;333;3150),20,13.649713288456743,24069
8023,3,C(8023;1;1036;1961),20,13.649713288456743,24069
8023,3,C(8023;1;1816;3003),20,13.649713288456743,24069
