N,K,S,diameter,averageShortestPathLength,edges
8225,3,C(8225;1;530;3907),21,13.764105058365759,24675
8225,3,C(8225;1;3282;3985),21,13.764105058365759,24675
