N,K,S,diameter,averageShortestPathLength,edges
8237,3,C(8237;1;377;3056),20,13.767362797474503,24711
8237,3,C(8237;1;1035;1879),20,13.767362797474503,24711
8237,3,C(8237;1;1566;2682),20,13.767362797474503,24711
