N,K,S,diameter,averageShortestPathLength,edges
8265,3,C(8265;1;343;3245),21,13.785575992255566,24795
8265,3,C(8265;1;395;1253),21,13.785575992255566,24795
