N,K,S,diameter,averageShortestPathLength,edges
8181,3,C(8181;1;727;3925),21,13.743031784841076,24543
8181,3,C(8181;1;1528;4004),21,13.743031784841076,24543
8181,3,C(8181;1;1823;3100),21,13.743031784841076,24543
