N,K,S,diameter,averageShortestPathLength,edges
8318,3,C(8318;1;856;3079),21,13.819165564506433,24954
8318,3,C(8318;1;1632;3539),21,13.819165564506433,24954
