N,K,S,diameter,averageShortestPathLength,edges
8191,3,C(8191;1;544;3361),21,13.742857142857142,24573
8191,3,C(8191;1;889;1929),21,13.742857142857142,24573
8191,3,C(8191;1;1456;2259),21,13.742857142857142,24573
8191,3,C(8191;1;2906;3394),21,13.742857142857142,24573
8191,3,C(8191;1;2995;3563),21,13.742857142857142,24573
8191,3,C(8191;1;3066;3492),21,13.742857142857142,24573
