N,K,S,diameter,averageShortestPathLength,edges
8228,3,C(8228;1;283;1934),21,13.772334994530205,24684
8228,3,C(8228;1;785;3990),21,13.772334994530205,24684
