N,K,S,diameter,averageShortestPathLength,edges
843,5,C(843;1;13;93;127;400),5,3.8741092636579570,4215
843,5,C(843;1;19;196;318;398),5,3.8741092636579570,4215
843,5,C(843;1;53;269;385;399),5,3.8741092636579570,4215
843,5,C(843;1;54;66;154;192),5,3.8741092636579570,4215
843,5,C(843;1;72;334;355;389),5,3.8741092636579570,4215
843,5,C(843;1;104;120;264;285),5,3.8741092636579570,4215
