N,K,S,diameter,averageShortestPathLength,edges
718,5,C(718;1;9;115;286;321),5,3.7364016736401675,3590
718,5,C(718;1;10;75;197;231),5,3.7364016736401675,3590
718,5,C(718;1;15;186;318;323),5,3.7364016736401675,3590
718,5,C(718;1;21;48;222;308),5,3.7364016736401675,3590
718,5,C(718;1;47;85;102;277),5,3.7364016736401675,3590
718,5,C(718;1;48;67;275;319),5,3.7364016736401675,3590
718,5,C(718;1;92;171;254;310),5,3.7364016736401675,3590
718,5,C(718;1;156;213;266;335),5,3.7364016736401675,3590
718,5,C(718;1;209;294;308;349),5,3.7364016736401675,3590
