N,K,S,diameter,averageShortestPathLength,edges
813,5,C(813;1;9;62;220;243),5,3.8448275862068964,4065
813,5,C(813;1;48;85;330;392),5,3.8448275862068964,4065
813,5,C(813;1;56;118;219;249),5,3.8448275862068964,4065
