N,K,S,diameter,averageShortestPathLength,edges
730,5,C(730;1;26;36;137;305),5,3.7489711934156378,3650
730,5,C(730;1;115;208;288;357),5,3.7489711934156378,3650
