N,K,S,diameter,averageShortestPathLength,edges
994,5,C(994;1;44;154;429;482),5,4.0130916414904334,4970
994,5,C(994;1;66;95;204;280),5,4.0130916414904334,4970
