N,K,S,diameter,averageShortestPathLength,edges
675,5,C(675;1;64;74;114;234),5,3.6795252225519288,3375
675,5,C(675;1;111;234;301;311),5,3.6795252225519288,3375
675,5,C(675;1;116;144;191;276),5,3.6795252225519288,3375
