N,K,S,diameter,averageShortestPathLength,edges
781,5,C(781;1;27;112;148;245),5,3.8076923076923075,3905
781,5,C(781;1;38;62;197;376),5,3.8076923076923075,3905
781,5,C(781;1;44;191;298;328),5,3.8076923076923075,3905
781,5,C(781;1;50;61;143;178),5,3.8076923076923075,3905
781,5,C(781;1;51;63;85;258),5,3.8076923076923075,3905
781,5,C(781;1;51;185;245;262),5,3.8076923076923075,3905
781,5,C(781;1;64;76;220;323),5,3.8076923076923075,3905
781,5,C(781;1;111;147;313;343),5,3.8076923076923075,3905
781,5,C(781;1;162;184;215;286),5,3.8076923076923075,3905
