N,K,S,diameter,averageShortestPathLength,edges
912,5,C(912;1;34;98;118;443),5,3.9418221734357850,4560
912,5,C(912;1;35;218;278;430),5,3.9418221734357850,4560
912,5,C(912;1;49;76;323;335),5,3.9418221734357850,4560
912,5,C(912;1;51;131;144;201),5,3.9418221734357850,4560
912,5,C(912;1;99;111;181;384),5,3.9418221734357850,4560
