N,K,S,diameter,averageShortestPathLength,edges
875,5,C(875;1;28;191;214;366),5,3.9061784897025174,4375
875,5,C(875;1;31;98;144;184),5,3.9061784897025174,4375
875,5,C(875;1;79;133;176;339),5,3.9061784897025174,4375
875,5,C(875;1;174;254;361;392),5,3.9061784897025174,4375
