N,K,S,diameter,averageShortestPathLength,edges
973,5,C(973;1;21;35;190;271),6,4.0041152263374489,4865
973,5,C(973;1;68;77;169;343),6,4.0041152263374489,4865
973,5,C(973;1;186;273;298;420),6,4.0041152263374489,4865
