N,K,S,diameter,averageShortestPathLength,edges
796,5,C(796;1;21;236;292;340),5,3.8276729559748426,3980
796,5,C(796;1;24;92;292;379),5,3.8276729559748426,3980
796,5,C(796;1;92;314;376;385),5,3.8276729559748426,3980
796,5,C(796;1;153;216;252;282),5,3.8276729559748426,3980
