N,K,S,diameter,averageShortestPathLength,edges
556,5,C(556;1;66;125;162;273),5,3.5081081081081082,2780
556,5,C(556;1;70;213;258;264),5,3.5081081081081082,2780
556,5,C(556;1;98;167;190;253),5,3.5081081081081082,2780
556,5,C(556;1;129;174;189;230),5,3.5081081081081082,2780
556,5,C(556;1;150;170;201;244),5,3.5081081081081082,2780
