N,K,S,diameter,averageShortestPathLength,edges
739,5,C(739;1;31;142;224;327),5,3.7615176151761518,3695
739,5,C(739;1;113;186;192;212),5,3.7615176151761518,3695
739,5,C(739;1;122;217;224;255),5,3.7615176151761518,3695
739,5,C(739;1;126;142;147;353),5,3.7615176151761518,3695
739,5,C(739;1;143;204;255;353),5,3.7615176151761518,3695
