N,K,S,diameter,averageShortestPathLength,edges
959,5,C(959;1;13;76;134;322),6,3.9874739039665972,4795
959,5,C(959;1;21;27;265;391),6,3.9874739039665972,4795
959,5,C(959;1;49;211;295;363),6,3.9874739039665972,4795
959,5,C(959;1;50;71;365;427),6,3.9874739039665972,4795
