N,K,S,diameter,averageShortestPathLength,edges
657,5,C(657;1;6;39;146;244),5,3.6524390243902438,3285
657,5,C(657;1;35;51;146;210),5,3.6524390243902438,3285
657,5,C(657;1;35;115;144;206),5,3.6524390243902438,3285
657,5,C(657;1;40;86;153;301),5,3.6524390243902438,3285
657,5,C(657;1;90;118;188;227),5,3.6524390243902438,3285
657,5,C(657;1;191;244;315;325),5,3.6524390243902438,3285
