N,K,S,diameter,averageShortestPathLength,edges
176,5,C(176;1;6;42;74;77),4,2.6171428571428570,880
176,5,C(176;1;7;50;68;73),4,2.6171428571428570,880
176,5,C(176;1;18;25;60;65),4,2.6171428571428570,880
176,5,C(176;1;28;41;62;65),4,2.6171428571428570,880
