N,K,S,diameter,averageShortestPathLength,edges
981,5,C(981;1;74;172;300;333),5,4.0122448979591834,4905
981,5,C(981;1;93;154;270;376),5,4.0122448979591834,4905
981,5,C(981;1;102;347;464;486),5,4.0122448979591834,4905
