N,K,S,diameter,averageShortestPathLength,edges
819,5,C(819;1;20;68;151;208),5,3.8533007334963325,4095
819,5,C(819;1;41;331;338;361),5,3.8533007334963325,4095
819,5,C(819;1;58;193;277;286),5,3.8533007334963325,4095
819,5,C(819;1;69;99;116;357),5,3.8533007334963325,4095
819,5,C(819;1;135;233;303;357),5,3.8533007334963325,4095
819,5,C(819;1;152;221;320;353),5,3.8533007334963325,4095
