N,K,S,diameter,averageShortestPathLength,edges
665,5,C(665;1;15;108;236;274),5,3.6686746987951806,3325
665,5,C(665;1;23;31;151;200),5,3.6686746987951806,3325
665,5,C(665;1;53;85;216;229),5,3.6686746987951806,3325
665,5,C(665;1;117;138;240;318),5,3.6686746987951806,3325
