N,K,S,diameter,averageShortestPathLength,edges
469,5,C(469;1;12;62;67;163),5,3.3675213675213675,2345
469,5,C(469;1;28;40;61;172),5,3.3675213675213675,2345
469,5,C(469;1;30;46;98;207),5,3.3675213675213675,2345
469,5,C(469;1;39;73;201;209),5,3.3675213675213675,2345
469,5,C(469;1;51;123;161;230),5,3.3675213675213675,2345
469,5,C(469;1;67;174;212;222),5,3.3675213675213675,2345
469,5,C(469;1;92;150;164;201),5,3.3675213675213675,2345
469,5,C(469;1;104;129;140;145),5,3.3675213675213675,2345
