N,K,S,diameter,averageShortestPathLength,edges
517,5,C(517;1;9;41;117;188),5,3.4457364341085270,2585
517,5,C(517;1;13;62;94;115),5,3.4457364341085270,2585
517,5,C(517;1;25;192;227;235),5,3.4457364341085270,2585
517,5,C(517;1;35;47;159;190),5,3.4457364341085270,2585
