N,K,S,diameter,averageShortestPathLength,edges
825,5,C(825;1;26;66;269;369),5,3.8519417475728157,4125
825,5,C(825;1;46;264;351;371),5,3.8519417475728157,4125
825,5,C(825;1;66;81;169;349),5,3.8519417475728157,4125
