N,K,S,diameter,averageShortestPathLength,edges
518,5,C(518;1;6;95;123;166),5,3.4506769825918764,2590
518,5,C(518;1;19;81;110;116),5,3.4506769825918764,2590
518,5,C(518;1;23;76;109;212),5,3.4506769825918764,2590
518,5,C(518;1;45;206;216;243),5,3.4506769825918764,2590
518,5,C(518;1;78;119;136;150),5,3.4506769825918764,2590
518,5,C(518;1;85;94;219;240),5,3.4506769825918764,2590
518,5,C(518;1;180;195;200;229),5,3.4506769825918764,2590
