N,K,S,diameter,averageShortestPathLength,edges
589,5,C(589;1;39;61;94;146),5,3.5612244897959182,2945
589,5,C(589;1;58;151;213;253),5,3.5612244897959182,2945
589,5,C(589;1;69;117;149;193),5,3.5612244897959182,2945
589,5,C(589;1;94;132;156;177),5,3.5612244897959182,2945
589,5,C(589;1;185;239;271;280),5,3.5612244897959182,2945
