N,K,S,diameter,averageShortestPathLength,edges
526,5,C(526;1;7;54;97;251),5,3.4647619047619047,2630
526,5,C(526;1;65;141;149;250),5,3.4647619047619047,2630
526,5,C(526;1;75;89;111;158),5,3.4647619047619047,2630
526,5,C(526;1;109;136;233;241),5,3.4647619047619047,2630
