N,K,S,diameter,averageShortestPathLength,edges
508,5,C(508;1;19;24;126;158),5,3.4319526627218937,2540
508,5,C(508;1;28;107;142;234),5,3.4319526627218937,2540
