N,K,S,diameter,averageShortestPathLength,edges
444,5,C(444;1;55;104;135;218),5,3.3250564334085779,2220
444,5,C(444;1;113;159;208;214),5,3.3250564334085779,2220
