N,K,S,diameter,averageShortestPathLength,edges
702,5,C(702;1;19;43;189;260),5,3.7161198288159771,3510
702,5,C(702;1;27;37;187;208),5,3.7161198288159771,3510
702,5,C(702;1;49;104;135;229),5,3.7161198288159771,3510
