N,K,S,diameter,averageShortestPathLength,edges
712,5,C(712;1;11;115;284;319),5,3.7271448663853728,3560
712,5,C(712;1;13;112;142;218),5,3.7271448663853728,3560
712,5,C(712;1;29;119;220;259),5,3.7271448663853728,3560
712,5,C(712;1;38;219;230;320),5,3.7271448663853728,3560
712,5,C(712;1;45;204;221;279),5,3.7271448663853728,3560
712,5,C(712;1;52;269;291;353),5,3.7271448663853728,3560
