N,K,S,diameter,averageShortestPathLength,edges
515,5,C(515;1;8;85;114;241),5,3.4435797665369652,2575
515,5,C(515;1;18;131;156;195),5,3.4435797665369652,2575
515,5,C(515;1;20;45;123;240),5,3.4435797665369652,2575
515,5,C(515;1;67;75;115;205),5,3.4435797665369652,2575
515,5,C(515;1;75;143;163;193),5,3.4435797665369652,2575
515,5,C(515;1;130;156;218;241),5,3.4435797665369652,2575
