N,K,S,diameter,averageShortestPathLength,edges
623,5,C(623;1;21;141;189;297),5,3.6109324758842445,3115
623,5,C(623;1;56;63;86;289),5,3.6109324758842445,3115
623,5,C(623;1;190;224;252;263),5,3.6109324758842445,3115
