N,K,S,diameter,averageShortestPathLength,edges
831,5,C(831;1;12;139;337;388),5,3.8626506024096385,4155
831,5,C(831;1;24;275;332;397),5,3.8626506024096385,4155
831,5,C(831;1;34;304;313;333),5,3.8626506024096385,4155
831,5,C(831;1;41;268;357;368),5,3.8626506024096385,4155
831,5,C(831;1;60;70;353;377),5,3.8626506024096385,4155
831,5,C(831;1;60;254;272;413),5,3.8626506024096385,4155
831,5,C(831;1;111;217;247;265),5,3.8626506024096385,4155
831,5,C(831;1;113;132;220;400),5,3.8626506024096385,4155
