N,K,S,diameter,averageShortestPathLength,edges
202,5,C(202;1;14;20;32;89),4,2.7114427860696519,1010
202,5,C(202;1;18;32;59;70),4,2.7114427860696519,1010
