N,K,S,diameter,averageShortestPathLength,edges
892,5,C(892;1;12;216;309;360),5,3.9259259259259260,4460
892,5,C(892;1;44;52;153;224),5,3.9259259259259260,4460
