N,K,S,diameter,averageShortestPathLength,edges
663,5,C(663;1;17;23;104;182),5,3.6646525679758306,3315
663,5,C(663;1;91;173;289;325),5,3.6646525679758306,3315
