N,K,S,diameter,averageShortestPathLength,edges
993,5,C(993;1;8;79;206;258),5,4.0120967741935480,4965
993,5,C(993;1;43;153;188;482),5,4.0120967741935480,4965
993,5,C(993;1;88;135;254;289),5,4.0120967741935480,4965
993,5,C(993;1;124;134;216;274),5,4.0120967741935480,4965
