N,K,S,diameter,averageShortestPathLength,edges
866,5,C(866;1;19;203;328;378),5,3.8971098265895954,4330
866,5,C(866;1;28;104;175;401),5,3.8971098265895954,4330
866,5,C(866;1;57;322;343;369),5,3.8971098265895954,4330
866,5,C(866;1;112;267;389;395),5,3.8971098265895954,4330
866,5,C(866;1;115;208;373;391),5,3.8971098265895954,4330
866,5,C(866;1;154;193;208;319),5,3.8971098265895954,4330
866,5,C(866;1;160;187;255;299),5,3.8971098265895954,4330
