N,K,S,diameter,averageShortestPathLength,edges
226,5,C(226;1;8;59;90;96),4,2.7911111111111113,1130
226,5,C(226;1;23;36;42;52),4,2.7911111111111113,1130
