N,K,S,diameter,averageShortestPathLength,edges
877,5,C(877;1;9;171;213;285),5,3.9041095890410960,4385
877,5,C(877;1;19;195;316;324),5,3.9041095890410960,4385
877,5,C(877;1;40;176;250;360),5,3.9041095890410960,4385
877,5,C(877;1;70;221;247;308),5,3.9041095890410960,4385
877,5,C(877;1;168;277;294;359),5,3.9041095890410960,4385
