N,K,S,diameter,averageShortestPathLength,edges
786,5,C(786;1;64;107;208;282),5,3.8140127388535032,3930
786,5,C(786;1;191;352;358;372),5,3.8140127388535032,3930
