N,K,S,diameter,averageShortestPathLength,edges
682,5,C(682;1;8;41;136;237),5,3.6842878120411160,3410
682,5,C(682;1;80;141;236;325),5,3.6842878120411160,3410
682,5,C(682;1;100;183;277;336),5,3.6842878120411160,3410
