N,K,S,diameter,averageShortestPathLength,edges
562,5,C(562;1;9;58;103;269),5,3.5204991087344029,2810
562,5,C(562;1;11;54;79;251),5,3.5204991087344029,2810
562,5,C(562;1;25;89;198;233),5,3.5204991087344029,2810
562,5,C(562;1;41;99;250;277),5,3.5204991087344029,2810
562,5,C(562;1;42;71;117;249),5,3.5204991087344029,2810
562,5,C(562;1;45;71;82;193),5,3.5204991087344029,2810
562,5,C(562;1;51;56;95;125),5,3.5204991087344029,2810
562,5,C(562;1;78;95;211;221),5,3.5204991087344029,2810
