N,K,S,diameter,averageShortestPathLength,edges
870,5,C(870;1;75;241;273;342),5,3.9021864211737629,4350
870,5,C(870;1;78;105;243;361),5,3.9021864211737629,4350
870,5,C(870;1;103;341;356;417),5,3.9021864211737629,4350
870,5,C(870;1;199;333;374;383),5,3.9021864211737629,4350
870,5,C(870;1;249;343;392;397),5,3.9021864211737629,4350
