N,K,S,diameter,averageShortestPathLength,edges
968,5,C(968;1;101;173;330;340),5,3.9927611168562565,4840
968,5,C(968;1;110;235;444;465),5,3.9927611168562565,4840
968,5,C(968;1;115;198;380;433),5,3.9927611168562565,4840
