N,K,S,diameter,averageShortestPathLength,edges
935,5,C(935;1;44;254;366;399),5,3.9657387580299788,4675
935,5,C(935;1;254;286;304;389),5,3.9657387580299788,4675
