N,K,S,diameter,averageShortestPathLength,edges
501,5,C(501;1;33;135;175;187),5,3.4199999999999999,2505
501,5,C(501;1;132;142;177;200),5,3.4199999999999999,2505
501,5,C(501;1;146;171;192;248),5,3.4199999999999999,2505
