N,K,S,diameter,averageShortestPathLength,edges
565,5,C(565;1;30;170;205;248),5,3.5248226950354611,2825
565,5,C(565;1;35;50;95;262),5,3.5248226950354611,2825
565,5,C(565;1;90;175;198;250),5,3.5248226950354611,2825
565,5,C(565;1;117;130;135;205),5,3.5248226950354611,2825
