N,K,S,diameter,averageShortestPathLength,edges
762,5,C(762;1;48;173;252;325),5,3.7858081471747700,3810
762,5,C(762;1;73;138;185;264),5,3.7858081471747700,3810
762,5,C(762;1;108;167;186;347),5,3.7858081471747700,3810
