N,K,S,diameter,averageShortestPathLength,edges
918,5,C(918;1;65;72;165;435),5,3.9476553980370772,4590
918,5,C(918;1;113;126;285;417),5,3.9476553980370772,4590
