N,K,S,diameter,averageShortestPathLength,edges
214,5,C(214;1;7;26;68;98),4,2.7511737089201880,1070
214,5,C(214;1;14;61;82;88),4,2.7511737089201880,1070
