N,K,S,diameter,averageShortestPathLength,edges
548,5,C(548;1;16;54;83;269),5,3.4954296160877512,2740
548,5,C(548;1;20;33;109;138),5,3.4954296160877512,2740
548,5,C(548;1;55;181;216;230),5,3.4954296160877512,2740
