N,K,S,diameter,averageShortestPathLength,edges
640,5,C(640;1;13;126;147;191),5,3.6275430359937402,3200
640,5,C(640;1;77;83;191;254),5,3.6275430359937402,3200
640,5,C(640;1;133;138;159;197),5,3.6275430359937402,3200
640,5,C(640;1;161;182;283;293),5,3.6275430359937402,3200
