N,K,S,diameter,averageShortestPathLength,edges
274,5,C(274;1;13;69;106;128),4,2.9413919413919416,1370
274,5,C(274;1;18;62;111;135),4,2.9413919413919416,1370
274,5,C(274;1;21;34;52;79),4,2.9413919413919416,1370
