N,K,S,diameter,averageShortestPathLength,edges
619,5,C(619;1;11;58;89;301),5,3.6019417475728157,3095
619,5,C(619;1;32;247;267;272),5,3.6019417475728157,3095
619,5,C(619;1;51;217;225;254),5,3.6019417475728157,3095
619,5,C(619;1;66;208;255;290),5,3.6019417475728157,3095
619,5,C(619;1;153;174;208;247),5,3.6019417475728157,3095
