N,K,S,diameter,averageShortestPathLength,edges
172,5,C(172;1;4;18;41;70),4,2.6023391812865495,860
172,5,C(172;1;21;34;78;84),4,2.6023391812865495,860
