N,K,S,diameter,averageShortestPathLength,edges
987,5,C(987;1;26;59;214;470),6,4.0081135902636920,4935
987,5,C(987;1;38;94;236;268),6,4.0081135902636920,4935
987,5,C(987;1;46;226;376;484),6,4.0081135902636920,4935
987,5,C(987;1;104;151;184;376),6,4.0081135902636920,4935
