N,K,S,diameter,averageShortestPathLength,edges
895,5,C(895;1;6;276;384;434),5,3.9239373601789711,4475
895,5,C(895;1;14;251;296;416),5,3.9239373601789711,4475
895,5,C(895;1;34;214;271;334),5,3.9239373601789711,4475
895,5,C(895;1;46;64;149;226),5,3.9239373601789711,4475
895,5,C(895;1;71;79;99;431),5,3.9239373601789711,4475
