N,K,S,diameter,averageShortestPathLength,edges
772,5,C(772;1;50;82;105;225),5,3.7989623865110245,3860
772,5,C(772;1;51;86;106;199),5,3.7989623865110245,3860
772,5,C(772;1;74;125;214;333),5,3.7989623865110245,3860
