N,K,S,diameter,averageShortestPathLength,edges
770,5,C(770;1;26;74;166;369),5,3.7906371911573471,3850
770,5,C(770;1;39;211;324;376),5,3.7906371911573471,3850
770,5,C(770;1;79;186;271;326),5,3.7906371911573471,3850
770,5,C(770;1;134;146;236;361),5,3.7906371911573471,3850
770,5,C(770;1;166;179;184;281),5,3.7906371911573471,3850
