N,K,S,diameter,averageShortestPathLength,edges
950,5,C(950;1;27;103;191;428),6,3.9778714436248683,4750
950,5,C(950;1;27;191;293;332),6,3.9778714436248683,4750
950,5,C(950;1;39;107;374;463),6,3.9778714436248683,4750
950,5,C(950;1;39;183;336;387),6,3.9778714436248683,4750
950,5,C(950;1;48;189;277;353),6,3.9778714436248683,4750
950,5,C(950;1;83;297;341;374),6,3.9778714436248683,4750
950,5,C(950;1;142;189;353;467),6,3.9778714436248683,4750
950,5,C(950;1;183;234;341;387),6,3.9778714436248683,4750
