N,K,S,diameter,averageShortestPathLength,edges
869,5,C(869;1;6;182;241;280),5,3.8940092165898617,4345
869,5,C(869;1;13;199;296;339),5,3.8940092165898617,4345
869,5,C(869;1;35;90;131;329),5,3.8940092165898617,4345
869,5,C(869;1;145;185;243;320),5,3.8940092165898617,4345
869,5,C(869;1;149;357;375;401),5,3.8940092165898617,4345
