N,K,S,diameter,averageShortestPathLength,edges
679,5,C(679;1;20;184;189;273),5,3.6843657817109143,3395
679,5,C(679;1;34;145;224;315),5,3.6843657817109143,3395
679,5,C(679;1;49;192;231;262),5,3.6843657817109143,3395
