N,K,S,diameter,averageShortestPathLength,edges
272,5,C(272;1;40;65;74;110),4,2.9298892988929888,1360
272,5,C(272;1;70;82;104;113),4,2.9298892988929888,1360
