N,K,S,diameter,averageShortestPathLength,edges
486,5,C(486;1;22;54;91;104),5,3.3958762886597937,2430
486,5,C(486;1;27;78;148;213),5,3.3958762886597937,2430
486,5,C(486;1;40;129;152;157),5,3.3958762886597937,2430
486,5,C(486;1;54;140;176;235),5,3.3958762886597937,2430
486,5,C(486;1;65;123;160;170),5,3.3958762886597937,2430
