N,K,S,diameter,averageShortestPathLength,edges
999,5,C(999;1;38;86;146;386),6,4.0240480961923843,4995
999,5,C(999;1;44;212;326;430),6,4.0240480961923843,4995
999,5,C(999;1;55;130;191;230),6,4.0240480961923843,4995
999,5,C(999;1;68;151;256;344),6,4.0240480961923843,4995
999,5,C(999;1;95;109;160;184),6,4.0240480961923843,4995
