N,K,S,diameter,averageShortestPathLength,edges
546,5,C(546;1;13;55;171;248),5,3.4899082568807338,2730
546,5,C(546;1;74;139;169;255),5,3.4899082568807338,2730
