N,K,S,diameter,averageShortestPathLength,edges
262,5,C(262;1;11;58;85;111),4,2.9042145593869733,1310
262,5,C(262;1;16;37;59;125),4,2.9042145593869733,1310
262,5,C(262;1;37;50;85;117),4,2.9042145593869733,1310
262,5,C(262;1;90;103;109;119),4,2.9042145593869733,1310
