N,K,S,diameter,averageShortestPathLength,edges
514,5,C(514;1;28;61;100;109),5,3.4424951267056532,2570
514,5,C(514;1;33;43;104;216),5,3.4424951267056532,2570
514,5,C(514;1;59;110;246;251),5,3.4424951267056532,2570
