N,K,S,diameter,averageShortestPathLength,edges
732,5,C(732;1;11;188;223;327),5,3.7510259917920656,3660
732,5,C(732;1;116;133;303;353),5,3.7510259917920656,3660
732,5,C(732;1;151;160;197;333),5,3.7510259917920656,3660
