N,K,S,diameter,averageShortestPathLength,edges
783,5,C(783;1;66;87;117;296),5,3.8081841432225065,3915
783,5,C(783;1;69;82;87;198),5,3.8081841432225065,3915
