N,K,S,diameter,averageShortestPathLength,edges
608,5,C(608;1;8;52;201;284),5,3.5881383855024711,3040
608,5,C(608;1;121;212;248;292),5,3.5881383855024711,3040
