N,K,S,diameter,averageShortestPathLength,edges
947,5,C(947;1;38;97;399;408),6,3.9788583509513744,4735
947,5,C(947;1;45;375;389;414),6,3.9788583509513744,4735
947,5,C(947;1;81;144;253;382),6,3.9788583509513744,4735
947,5,C(947;1;107;152;297;371),6,3.9788583509513744,4735
947,5,C(947;1;177;324;388;463),6,3.9788583509513744,4735
