N,K,S,diameter,averageShortestPathLength,edges
258,5,C(258;1;6;63;93;116),4,2.9027237354085602,1290
258,5,C(258;1;13;88;105;125),4,2.9027237354085602,1290
258,5,C(258;1;18;85;99;126),4,2.9027237354085602,1290
258,5,C(258;1;22;29;97;123),4,2.9027237354085602,1290
258,5,C(258;1;89;106;111;119),4,2.9027237354085602,1290
