N,K,S,diameter,averageShortestPathLength,edges
489,5,C(489;1;8;55;84;180),5,3.4016393442622950,2445
489,5,C(489;1;28;36;171;193),5,3.4016393442622950,2445
489,5,C(489;1;38;86;99;141),5,3.4016393442622950,2445
489,5,C(489;1;61;68;222;234),5,3.4016393442622950,2445
489,5,C(489;1;80;126;151;219),5,3.4016393442622950,2445
489,5,C(489;1;141;186;199;227),5,3.4016393442622950,2445
