N,K,S,diameter,averageShortestPathLength,edges
846,5,C(846;1;27;66;140;323),5,3.8781065088757396,4230
846,5,C(846;1;55;86;207;246),5,3.8781065088757396,4230
