N,K,S,diameter,averageShortestPathLength,edges
913,5,C(913;1;6;163;393;443),5,3.9451754385964914,4565
913,5,C(913;1;19;122;381;453),5,3.9451754385964914,4565
913,5,C(913;1;28;48;168;378),5,3.9451754385964914,4565
913,5,C(913;1;101;157;169;232),5,3.9451754385964914,4565
913,5,C(913;1;125;152;226;391),5,3.9451754385964914,4565
