N,K,S,diameter,averageShortestPathLength,edges
168,5,C(168;1;7;33;38;55),4,2.5868263473053892,840
168,5,C(168;1;8;18;45;49),4,2.5868263473053892,840
168,5,C(168;1;33;49;55;74),4,2.5868263473053892,840
