N,K,S,diameter,averageShortestPathLength,edges
885,5,C(885;1;69;81;101;429),5,3.9117647058823528,4425
885,5,C(885;1;141;171;184;306),5,3.9117647058823528,4425
