N,K,S,diameter,averageShortestPathLength,edges
462,5,C(462;1;7;40;63;178),5,3.3557483731019522,2310
462,5,C(462;1;13;108;161;209),5,3.3557483731019522,2310
462,5,C(462;1;21;167;193;202),5,3.3557483731019522,2310
462,5,C(462;1;55;71;119;186),5,3.3557483731019522,2310
462,5,C(462;1;79;189;205;212),5,3.3557483731019522,2310
462,5,C(462;1;83;105;134;151),5,3.3557483731019522,2310
