N,K,S,diameter,averageShortestPathLength,edges
637,5,C(637;1;34;76;95;236),5,3.6257861635220126,3185
637,5,C(637;1;54;114;150;254),5,3.6257861635220126,3185
637,5,C(637;1;59;68;281;302),5,3.6257861635220126,3185
637,5,C(637;1;131;158;176;251),5,3.6257861635220126,3185
637,5,C(637;1;178;248;305;310),5,3.6257861635220126,3185
