N,K,S,diameter,averageShortestPathLength,edges
232,5,C(232;1;9;24;69;98),4,2.8095238095238093,1160
232,5,C(232;1;37;40;86;101),4,2.8095238095238093,1160
232,5,C(232;1;80;85;103;114),4,2.8095238095238093,1160
