N,K,S,diameter,averageShortestPathLength,edges
558,5,C(558;1;20;158;171;265),5,3.5116696588868939,2790
558,5,C(558;1;158;188;207;259),5,3.5116696588868939,2790
