N,K,S,diameter,averageShortestPathLength,edges
972,5,C(972;1;10;242;421;446),6,3.9979402677651907,4860
972,5,C(972;1;38;86;157;374),6,3.9979402677651907,4860
