N,K,S,diameter,averageShortestPathLength,edges
207,5,C(207;1;12;42;58;78),4,2.7184466019417477,1035
207,5,C(207;1;15;25;87;93),4,2.7184466019417477,1035
