N,K,S,diameter,averageShortestPathLength,edges
878,5,C(878;1;28;132;270;389),5,3.9144811858608892,4390
878,5,C(878;1;79;108;258;422),5,3.9144811858608892,4390
