N,K,S,diameter,averageShortestPathLength,edges
995,5,C(995;1;24;290;372;402),6,4.0221327967806841,4975
995,5,C(995;1;95;232;456;482),6,4.0221327967806841,4975
995,5,C(995;1;125;263;282;353),6,4.0221327967806841,4975
995,5,C(995;1;187;341;426;490),6,4.0221327967806841,4975
995,5,C(995;1;193;425;448;491),6,4.0221327967806841,4975
995,5,C(995;1;222;295;306;353),6,4.0221327967806841,4975
995,5,C(995;1;227;334;464;480),6,4.0221327967806841,4975
995,5,C(995;1;391;401;445;482),6,4.0221327967806841,4975
