N,K,S,diameter,averageShortestPathLength,edges
851,5,C(851;1;6;144;183;396),5,3.8823529411764706,4255
851,5,C(851;1;19;65;210;390),5,3.8823529411764706,4255
851,5,C(851;1;24;66;142;395),5,3.8823529411764706,4255
851,5,C(851;1;77;101;239;245),5,3.8823529411764706,4255
851,5,C(851;1;93;224;235;293),5,3.8823529411764706,4255
