N,K,S,diameter,averageShortestPathLength,edges
914,5,C(914;1;56;206;361;434),5,3.9419496166484120,4570
914,5,C(914;1;119;164;266;452),5,3.9419496166484120,4570
