N,K,S,diameter,averageShortestPathLength,edges
876,5,C(876;1;37;172;313;335),5,3.9051428571428572,4380
876,5,C(876;1;52;71;133;323),5,3.9051428571428572,4380
876,5,C(876;1;155;179;328;431),5,3.9051428571428572,4380
876,5,C(876;1;191;296;373;421),5,3.9051428571428572,4380
