N,K,S,diameter,averageShortestPathLength,edges
854,5,C(854;1;12;53;145;231),5,3.8886283704572100,4270
854,5,C(854;1;32;145;189;325),5,3.8886283704572100,4270
854,5,C(854;1;53;218;247;287),5,3.8886283704572100,4270
854,5,C(854;1;60;172;249;411),5,3.8886283704572100,4270
854,5,C(854;1;78;191;290;413),5,3.8886283704572100,4270
854,5,C(854;1;80;100;132;175),5,3.8886283704572100,4270
854,5,C(854;1;82;105;389;402),5,3.8886283704572100,4270
854,5,C(854;1;96;149;324;347),5,3.8886283704572100,4270
854,5,C(854;1;134;235;356;415),5,3.8886283704572100,4270
