N,K,S,diameter,averageShortestPathLength,edges
699,5,C(699;1;8;96;221;276),5,3.7134670487106018,3495
699,5,C(699;1;12;115;262;315),5,3.7134670487106018,3495
699,5,C(699;1;136;210;225;310),5,3.7134670487106018,3495
