N,K,S,diameter,averageShortestPathLength,edges
452,5,C(452;1;12;91;122;156),4,3.3348115299334813,2260
452,5,C(452;1;20;98;149;192),4,3.3348115299334813,2260
