N,K,S,diameter,averageShortestPathLength,edges
826,5,C(826;1;10;95;205;249),5,3.8593939393939394,4130
826,5,C(826;1;137;201;247;282),5,3.8593939393939394,4130
826,5,C(826;1;146;265;311;345),5,3.8593939393939394,4130
826,5,C(826;1;174;263;293;313),5,3.8593939393939394,4130
