N,K,S,diameter,averageShortestPathLength,edges
494,5,C(494;1;52;132;200;223),5,3.4077079107505073,2470
494,5,C(494;1;74;118;175;208),5,3.4077079107505073,2470
