N,K,S,diameter,averageShortestPathLength,edges
658,5,C(658;1;30;140;222;261),5,3.6575342465753424,3290
658,5,C(658;1;56;106;179;258),5,3.6575342465753424,3290
