N,K,S,diameter,averageShortestPathLength,edges
882,5,C(882;1;67;129;148;354),5,3.9148694665153236,4410
882,5,C(882;1;79;226;258;393),5,3.9148694665153236,4410
882,5,C(882;1;132;148;203;363),5,3.9148694665153236,4410
882,5,C(882;1;153;194;285;371),5,3.9148694665153236,4410
882,5,C(882;1;230;261;366;432),5,3.9148694665153236,4410
