N,K,S,diameter,averageShortestPathLength,edges
540,5,C(540;1;16;145;155;211),5,3.4823747680890538,2700
540,5,C(540;1;151;185;245;256),5,3.4823747680890538,2700
