N,K,S,diameter,averageShortestPathLength,edges
809,5,C(809;1;62;106;370;390),5,3.8415841584158414,4045
809,5,C(809;1;72;80;255;274),5,3.8415841584158414,4045
809,5,C(809;1;79;92;129;152),5,3.8415841584158414,4045
809,5,C(809;1;80;91;145;256),5,3.8415841584158414,4045
809,5,C(809;1;91;165;191;251),5,3.8415841584158414,4045
