N,K,S,diameter,averageShortestPathLength,edges
450,5,C(450;1;16;77;117;190),5,3.3340757238307348,2250
450,5,C(450;1;20;158;171;187),5,3.3340757238307348,2250
