N,K,S,diameter,averageShortestPathLength,edges
909,5,C(909;1;54;114;126;206),5,3.9383259911894273,4545
909,5,C(909;1;123;278;423;441),5,3.9383259911894273,4545
