N,K,S,diameter,averageShortestPathLength,edges
1176,5,C(1176;1;78;97;105;556),6,4.1812765957446807,5880
1176,5,C(1176;1;97;164;399;510),6,4.1812765957446807,5880
