N,K,S,diameter,averageShortestPathLength,edges
1010,5,C(1010;1;75;86;353;445),6,4.0307234886025771,5050
1010,5,C(1010;1;103;232;355;385),6,4.0307234886025771,5050
