N,K,S,diameter,averageShortestPathLength,edges
1421,5,C(1421;1;37;45;298;532),6,4.3746478873239436,7105
1421,5,C(1421;1;90;191;416;628),6,4.3746478873239436,7105
1421,5,C(1421;1;114;168;192;376),6,4.3746478873239436,7105
1421,5,C(1421;1;117;577;631;647),6,4.3746478873239436,7105
1421,5,C(1421;1;186;286;312;642),6,4.3746478873239436,7105
1421,5,C(1421;1;212;345;529;668),6,4.3746478873239436,7105
1421,5,C(1421;1;246;525;536;600),6,4.3746478873239436,7105
1421,5,C(1421;1;248;300;460;593),6,4.3746478873239436,7105
1421,5,C(1421;1;291;453;491;574),6,4.3746478873239436,7105
