N,K,S,diameter,averageShortestPathLength,edges
1484,5,C(1484;1;30;252;290;425),6,4.4221173297370200,7420
1484,5,C(1484;1;213;252;454;558),6,4.4221173297370200,7420
1484,5,C(1484;1;218;577;628;695),6,4.4221173297370200,7420
1484,5,C(1484;1;229;280;392;656),6,4.4221173297370200,7420
1484,5,C(1484;1;284;423;478;733),6,4.4221173297370200,7420
1484,5,C(1484;1;288;420;588;661),6,4.4221173297370200,7420
1484,5,C(1484;1;521;635;690;708),6,4.4221173297370200,7420
