N,K,S,diameter,averageShortestPathLength,edges
1373,5,C(1373;1;22;84;290;303),6,4.3396501457725947,6865
1373,5,C(1373;1;91;369;535;587),6,4.3396501457725947,6865
1373,5,C(1373;1;121;138;201;312),6,4.3396501457725947,6865
1373,5,C(1373;1;145;177;444;513),6,4.3396501457725947,6865
1373,5,C(1373;1;160;474;543;556),6,4.3396501457725947,6865
