N,K,S,diameter,averageShortestPathLength,edges
1480,5,C(1480;1;121;152;175;612),6,4.4158215010141983,7400
1480,5,C(1480;1;159;295;372;488),6,4.4158215010141983,7400
