N,K,S,diameter,averageShortestPathLength,edges
1426,5,C(1426;1;53;82;172;610),6,4.3775438596491227,7130
1426,5,C(1426;1;212;442;565;698),6,4.3775438596491227,7130
