N,K,S,diameter,averageShortestPathLength,edges
1229,5,C(1229;1;46;145;209;571),6,4.2247557003257326,6145
1229,5,C(1229;1;77;146;187;245),6,4.2247557003257326,6145
1229,5,C(1229;1;178;332;369;415),6,4.2247557003257326,6145
1229,5,C(1229;1;211;306;432;541),6,4.2247557003257326,6145
1229,5,C(1229;1;226;413;532;564),6,4.2247557003257326,6145
