N,K,S,diameter,averageShortestPathLength,edges
1394,5,C(1394;1;43;236;404;609),6,4.3539124192390526,6970
1394,5,C(1394;1;79;200;366;389),6,4.3539124192390526,6970
1394,5,C(1394;1;499;534;547;668),6,4.3539124192390526,6970
