N,K,S,diameter,averageShortestPathLength,edges
1631,5,C(1631;1;57;474;496;767),6,4.5190184049079756,8155
1631,5,C(1631;1;101;180;209;372),6,4.5190184049079756,8155
1631,5,C(1631;1;124;365;398;577),6,4.5190184049079756,8155
1631,5,C(1631;1;171;437;444;807),6,4.5190184049079756,8155
1631,5,C(1631;1;192;212;436;723),6,4.5190184049079756,8155
