N,K,S,diameter,averageShortestPathLength,edges
1272,5,C(1272;1;79;204;321;460),6,4.2604248623131395,6360
1272,5,C(1272;1;161;228;284;471),6,4.2604248623131395,6360
