N,K,S,diameter,averageShortestPathLength,edges
1317,5,C(1317;1;109;177;387;622),6,4.2933130699088142,6585
1317,5,C(1317;1;145;516;634;642),6,4.2933130699088142,6585
1317,5,C(1317;1;430;451;510;624),6,4.2933130699088142,6585
