N,K,S,diameter,averageShortestPathLength,edges
1034,5,C(1034;1;95;174;310;394),6,4.0561471442400778,5170
1034,5,C(1034;1;160;170;283;390),6,4.0561471442400778,5170
