N,K,S,diameter,averageShortestPathLength,edges
1752,5,C(1752;1;64;139;526;616),6,4.5928041119360365,8760
1752,5,C(1752;1;176;496;605;634),6,4.5928041119360365,8760
