N,K,S,diameter,averageShortestPathLength,edges
1476,5,C(1476;1;30;355;581;633),6,4.4142372881355936,7380
1476,5,C(1476;1;34;153;451;701),6,4.4142372881355936,7380
1476,5,C(1476;1;66;289;507;691),6,4.4142372881355936,7380
1476,5,C(1476;1;79;143;177;582),6,4.4142372881355936,7380
1476,5,C(1476;1;287;379;398;423),6,4.4142372881355936,7380
