N,K,S,diameter,averageShortestPathLength,edges
1190,5,C(1190;1;11;160;242;581),6,4.1925988225399493,5950
1190,5,C(1190;1;22;161;310;541),6,4.1925988225399493,5950
