N,K,S,diameter,averageShortestPathLength,edges
1566,5,C(1566;1;124;290;378;601),6,4.4766773162939293,7830
1566,5,C(1566;1;185;406;540;550),6,4.4766773162939293,7830
