N,K,S,diameter,averageShortestPathLength,edges
1713,5,C(1713;1;118;207;271;436),6,4.5654205607476639,8565
1713,5,C(1713;1;181;256;303;829),6,4.5654205607476639,8565
1713,5,C(1713;1;216;265;421;680),6,4.5654205607476639,8565
1713,5,C(1713;1;222;461;512;542),6,4.5654205607476639,8565
