N,K,S,diameter,averageShortestPathLength,edges
1750,5,C(1750;1;49;168;260;489),6,4.5894797026872496,8750
1750,5,C(1750;1;90;462;791;841),6,4.5894797026872496,8750
