N,K,S,diameter,averageShortestPathLength,edges
1514,5,C(1514;1;13;118;257;331),6,4.4421678783873100,7570
1514,5,C(1514;1;91;233;242;679),6,4.4421678783873100,7570
1514,5,C(1514;1;109;183;247;380),6,4.4421678783873100,7570
1514,5,C(1514;1;125;165;566;595),6,4.4421678783873100,7570
