N,K,S,diameter,averageShortestPathLength,edges
1027,5,C(1027;1;51;117;374;414),6,4.0487329434697852,5135
1027,5,C(1027;1;156;305;449;502),6,4.0487329434697852,5135
1027,5,C(1027;1;173;268;299;420),6,4.0487329434697852,5135
1027,5,C(1027;1;335;431;443;481),6,4.0487329434697852,5135
