N,K,S,diameter,averageShortestPathLength,edges
1652,5,C(1652;1;76;290;465;588),6,4.5293761356753484,8260
1652,5,C(1652;1;84;135;348;498),6,4.5293761356753484,8260
