N,K,S,diameter,averageShortestPathLength,edges
1562,5,C(1562;1;40;49;355;646),6,4.4727738629083920,7810
1562,5,C(1562;1;71;255;720;734),6,4.4727738629083920,7810
