N,K,S,diameter,averageShortestPathLength,edges
1700,5,C(1700;1;54;125;273;845),6,4.5597410241318421,8500
1700,5,C(1700;1;125;137;165;598),6,4.5597410241318421,8500
