N,K,S,diameter,averageShortestPathLength,edges
1772,5,C(1772;1;85;502;639;659),6,4.6024844720496896,8860
1772,5,C(1772;1;121;347;494;649),6,4.6024844720496896,8860
1772,5,C(1772;1;243;454;721;735),6,4.6024844720496896,8860
1772,5,C(1772;1;271;383;402;487),6,4.6024844720496896,8860
