N,K,S,diameter,averageShortestPathLength,edges
1074,5,C(1074;1;34;254;297;352),6,4.0922646784715750,5370
1074,5,C(1074;1;124;291;404;508),6,4.0922646784715750,5370
