N,K,S,diameter,averageShortestPathLength,edges
1779,5,C(1779;1;81;290;471;588),6,4.6029246344206971,8895
1779,5,C(1779;1;423;483;501;730),6,4.6029246344206971,8895
