N,K,S,diameter,averageShortestPathLength,edges
1467,5,C(1467;1;19;184;394;462),6,4.4065484311050476,7335
1467,5,C(1467;1;74;165;175;391),6,4.4065484311050476,7335
1467,5,C(1467;1;141;263;295;337),6,4.4065484311050476,7335
1467,5,C(1467;1;386;484;608;642),6,4.4065484311050476,7335
