N,K,S,diameter,averageShortestPathLength,edges
1341,5,C(1341;1;48;81;231;584),6,4.3149253731343284,6705
1341,5,C(1341;1;62;294;342;429),6,4.3149253731343284,6705
