N,K,S,diameter,averageShortestPathLength,edges
1022,5,C(1022;1;97;262;326;410),5,4.0401567091087172,5110
1022,5,C(1022;1;102;295;354;382),5,4.0401567091087172,5110
