N,K,S,diameter,averageShortestPathLength,edges
1148,5,C(1148;1;17;28;143;470),6,4.1578029642545768,5740
1148,5,C(1148;1;56;289;321;366),6,4.1578029642545768,5740
1148,5,C(1148;1;135;211;310;336),6,4.1578029642545768,5740
1148,5,C(1148;1;408;416;436;469),6,4.1578029642545768,5740
