N,K,S,diameter,averageShortestPathLength,edges
1234,5,C(1234;1;11;123;297;436),6,4.2262773722627740,6170
1234,5,C(1234;1;27;101;264;561),6,4.2262773722627740,6170
1234,5,C(1234;1;144;183;281;311),6,4.2262773722627740,6170
1234,5,C(1234;1;284;295;457;499),6,4.2262773722627740,6170
