N,K,S,diameter,averageShortestPathLength,edges
1506,5,C(1506;1;152;298;425;560),6,4.4352159468438535,7530
1506,5,C(1506;1;163;382;586;680),6,4.4352159468438535,7530
