N,K,S,diameter,averageShortestPathLength,edges
1490,5,C(1490;1;337;425;542;705),6,4.4224311618535932,7450
1490,5,C(1490;1;414;555;703;715),6,4.4224311618535932,7450
