N,K,S,diameter,averageShortestPathLength,edges
1166,5,C(1166;1;17;110;469;531),6,4.1708154506437767,5830
1166,5,C(1166;1;41;237;343;418),6,4.1708154506437767,5830
1166,5,C(1166;1;110;123;213;379),6,4.1708154506437767,5830
1166,5,C(1166;1;132;179;455;563),6,4.1708154506437767,5830
