N,K,S,diameter,averageShortestPathLength,edges
1609,5,C(1609;1;85;493;788;797),6,4.5024875621890548,8045
1609,5,C(1609;1;93;439;555;656),6,4.5024875621890548,8045
1609,5,C(1609;1;173;324;525;751),6,4.5024875621890548,8045
1609,5,C(1609;1;265;316;350;426),6,4.5024875621890548,8045
1609,5,C(1609;1;293;390;639;799),6,4.5024875621890548,8045
