N,K,S,diameter,averageShortestPathLength,edges
1046,5,C(1046;1;24;189;253;387),6,4.0679425837320577,5230
1046,5,C(1046;1;45;185;310;342),6,4.0679425837320577,5230
1046,5,C(1046;1;53;277;372;507),6,4.0679425837320577,5230
1046,5,C(1046;1;66;147;339;454),6,4.0679425837320577,5230
1046,5,C(1046;1;93;426;458;469),6,4.0679425837320577,5230
1046,5,C(1046;1;154;425;473;487),6,4.0679425837320577,5230
1046,5,C(1046;1;247;321;375;382),6,4.0679425837320577,5230
