N,K,S,diameter,averageShortestPathLength,edges
1255,5,C(1255;1;70;275;322;445),6,4.2472089314194577,6275
1255,5,C(1255;1;130;152;385;600),6,4.2472089314194577,6275
