N,K,S,diameter,averageShortestPathLength,edges
1058,5,C(1058;1;100;163;272;455),6,4.0785241248817412,5290
1058,5,C(1058;1;193;256;281;404),6,4.0785241248817412,5290
1058,5,C(1058;1;232;272;357;497),6,4.0785241248817412,5290
