N,K,S,diameter,averageShortestPathLength,edges
1696,5,C(1696;1;123;375;432;795),6,4.5581120943952804,8480
1696,5,C(1696;1;159;624;717;789),6,4.5581120943952804,8480
1696,5,C(1696;1;199;477;528;733),6,4.5581120943952804,8480
