N,K,S,diameter,averageShortestPathLength,edges
1004,5,C(1004;1;132;337;453;482),6,4.0269192422731805,5020
1004,5,C(1004;1;143;200;350;481),6,4.0269192422731805,5020
1004,5,C(1004;1;263;318;392;461),6,4.0269192422731805,5020
