N,K,S,diameter,averageShortestPathLength,edges
1415,5,C(1415;1;34;326;486;664),6,4.3705799151343703,7075
1415,5,C(1415;1;94;139;204;384),6,4.3705799151343703,7075
1415,5,C(1415;1;134;286;329;546),6,4.3705799151343703,7075
1415,5,C(1415;1;184;269;309;601),6,4.3705799151343703,7075
1415,5,C(1415;1;186;264;509;541),6,4.3705799151343703,7075
