N,K,S,diameter,averageShortestPathLength,edges
1017,5,C(1017;1;38;124;302;309),6,4.0374015748031500,5085
1017,5,C(1017;1;40;283;294;394),6,4.0374015748031500,5085
1017,5,C(1017;1;41;178;465;476),6,4.0374015748031500,5085
1017,5,C(1017;1;115;249;455;485),6,4.0374015748031500,5085
