N,K,S,diameter,averageShortestPathLength,edges
1173,5,C(1173;1;30;101;125;514),6,4.1808873720136521,5865
1173,5,C(1173;1;46;168;315;470),6,4.1808873720136521,5865
1173,5,C(1173;1;81;98;511;533),6,4.1808873720136521,5865
1173,5,C(1173;1;89;324;395;568),6,4.1808873720136521,5865
1173,5,C(1173;1;122;141;539;581),6,4.1808873720136521,5865
1173,5,C(1173;1;154;425;504;522),6,4.1808873720136521,5865
1173,5,C(1173;1;210;292;486;529),6,4.1808873720136521,5865
1173,5,C(1173;1;210;340;358;369),6,4.1808873720136521,5865
