N,K,S,diameter,averageShortestPathLength,edges
1267,5,C(1267;1;21;101;478;570),6,4.2559241706161135,6335
1267,5,C(1267;1;33;220;448;586),6,4.2559241706161135,6335
1267,5,C(1267;1;80;106;138;364),6,4.2559241706161135,6335
1267,5,C(1267;1;140;192;251;429),6,4.2559241706161135,6335
