N,K,S,diameter,averageShortestPathLength,edges
1156,5,C(1156;1;16;76;188;367),6,4.1653679653679649,5780
1156,5,C(1156;1;21;116;319;355),6,4.1653679653679649,5780
1156,5,C(1156;1;53;127;296;355),6,4.1653679653679649,5780
1156,5,C(1156;1;55;127;205;556),6,4.1653679653679649,5780
1156,5,C(1156;1;63;148;164;284),6,4.1653679653679649,5780
1156,5,C(1156;1;203;349;395;420),6,4.1653679653679649,5780
