N,K,S,diameter,averageShortestPathLength,edges
1736,5,C(1736;1;219;397;569;850),6,4.5827089337175790,8680
1736,5,C(1736;1;226;325;561;827),6,4.5827089337175790,8680
1736,5,C(1736;1;282;379;393;739),6,4.5827089337175790,8680
1736,5,C(1736;1;479;741;797;810),6,4.5827089337175790,8680
