N,K,S,diameter,averageShortestPathLength,edges
1445,5,C(1445;1;25;292;335;470),6,4.3905817174515231,7225
1445,5,C(1445;1;193;325;370;490),6,4.3905817174515231,7225
