N,K,S,diameter,averageShortestPathLength,edges
1076,5,C(1076;1;9;211;280;477),6,4.0939534883720929,5380
1076,5,C(1076;1;23;97;203;260),6,4.0939534883720929,5380
1076,5,C(1076;1;42;59;214;456),6,4.0939534883720929,5380
1076,5,C(1076;1;51;292;421;459),6,4.0939534883720929,5380
1076,5,C(1076;1;53;143;208;239),6,4.0939534883720929,5380
1076,5,C(1076;1;54;186;336;383),6,4.0939534883720929,5380
