N,K,S,diameter,averageShortestPathLength,edges
1626,5,C(1626;1;104;243;477;751),6,4.5132307692307689,8130
1626,5,C(1626;1;189;219;695;736),6,4.5132307692307689,8130
