N,K,S,diameter,averageShortestPathLength,edges
1251,5,C(1251;1;28;108;314;580),6,4.2431999999999999,6255
1251,5,C(1251;1;110;488;578;621),6,4.2431999999999999,6255
1251,5,C(1251;1;134;158;458;540),6,4.2431999999999999,6255
1251,5,C(1251;1;251;414;464;478),6,4.2431999999999999,6255
