N,K,S,diameter,averageShortestPathLength,edges
1451,5,C(1451;1;45;109;467;708),6,4.3958620689655170,7255
1451,5,C(1451;1;81;129;449;699),6,4.3958620689655170,7255
1451,5,C(1451;1;87;438;654;674),6,4.3958620689655170,7255
1451,5,C(1451;1;100;213;572;648),6,4.3958620689655170,7255
1451,5,C(1451;1;412;539;690;711),6,4.3958620689655170,7255
