N,K,S,diameter,averageShortestPathLength,edges
1546,5,C(1546;1;135;219;278;738),6,4.4627831715210355,7730
1546,5,C(1546;1;254;355;445;716),6,4.4627831715210355,7730
1546,5,C(1546;1;326;403;554;713),6,4.4627831715210355,7730
