N,K,S,diameter,averageShortestPathLength,edges
1214,5,C(1214;1;90;247;444;479),6,4.2118713932399015,6070
1214,5,C(1214;1;111;124;147;288),6,4.2118713932399015,6070
1214,5,C(1214;1;152;175;231;588),6,4.2118713932399015,6070
