N,K,S,diameter,averageShortestPathLength,edges
1062,5,C(1062;1;27;300;413;420),6,4.0819981149858622,5310
1062,5,C(1062;1;69;156;372;490),6,4.0819981149858622,5310
