N,K,S,diameter,averageShortestPathLength,edges
1759,5,C(1759;1;30;372;396;501),6,4.5984072810011378,8795
1759,5,C(1759;1;179;243;252;639),6,4.5984072810011378,8795
1759,5,C(1759;1;191;453;692;705),6,4.5984072810011378,8795
1759,5,C(1759;1;312;455;637;714),6,4.5984072810011378,8795
1759,5,C(1759;1;365;511;645;716),6,4.5984072810011378,8795
