N,K,S,diameter,averageShortestPathLength,edges
1502,5,C(1502;1;186;345;588;676),6,4.4330446369087273,7510
1502,5,C(1502;1;314;357;364;490),6,4.4330446369087273,7510
