N,K,S,diameter,averageShortestPathLength,edges
1578,5,C(1578;1;15;55;322;524),6,4.4850982878883956,7890
1578,5,C(1578;1;178;220;373;717),6,4.4850982878883956,7890
1578,5,C(1578;1;423;512;546;654),6,4.4850982878883956,7890
1578,5,C(1578;1;500;627;680;688),6,4.4850982878883956,7890
