N,K,S,diameter,averageShortestPathLength,edges
1446,5,C(1446;1;197;412;471;495),6,4.3910034602076129,7230
1446,5,C(1446;1;367;531;626;663),6,4.3910034602076129,7230
