N,K,S,diameter,averageShortestPathLength,edges
1596,5,C(1596;1;33;191;238;279),6,4.4921630094043890,7980
1596,5,C(1596;1;291;309;493;770),6,4.4921630094043890,7980
