N,K,S,diameter,averageShortestPathLength,edges
1202,5,C(1202;1;128;329;484;575),6,4.2023313905079105,6010
1202,5,C(1202;1;180;296;393;519),6,4.2023313905079105,6010
1202,5,C(1202;1;354;369;502;579),6,4.2023313905079105,6010
