N,K,S,diameter,averageShortestPathLength,edges
1726,5,C(1726;1;22;136;607;798),6,4.5768115942028986,8630
1726,5,C(1726;1;290;320;327;404),6,4.5768115942028986,8630
