N,K,S,diameter,averageShortestPathLength,edges
1468,5,C(1468;1;80;308;445;642),6,4.4103612815269253,7340
1468,5,C(1468;1;287;316;528;714),6,4.4103612815269253,7340
