N,K,S,diameter,averageShortestPathLength,edges
1350,5,C(1350;1;24;61;320;399),6,4.3224610822831728,6750
1350,5,C(1350;1;26;264;407;572),6,4.3224610822831728,6750
1350,5,C(1350;1;66;470;509;591),6,4.3224610822831728,6750
1350,5,C(1350;1;254;402;418;607),6,4.3224610822831728,6750
1350,5,C(1350;1;262;464;549;578),6,4.3224610822831728,6750
1350,5,C(1350;1;346;603;610;640),6,4.3224610822831728,6750
