N,K,S,diameter,averageShortestPathLength,edges
1658,5,C(1658;1;17;63;337;472),6,4.5334942667471330,8290
1658,5,C(1658;1;26;123;433;541),6,4.5334942667471330,8290
1658,5,C(1658;1;105;282;521;579),6,4.5334942667471330,8290
1658,5,C(1658;1;195;605;679;808),6,4.5334942667471330,8290
