N,K,S,diameter,averageShortestPathLength,edges
1424,5,C(1424;1;87;432;621;658),6,4.3752635277582570,7120
1424,5,C(1424;1;133;179;496;650),6,4.3752635277582570,7120
1424,5,C(1424;1;311;418;496;533),6,4.3752635277582570,7120
