N,K,S,diameter,averageShortestPathLength,edges
1169,5,C(1169;1;18;327;355;538),6,4.1763698630136989,5845
1169,5,C(1169;1;23;38;223;326),6,4.1763698630136989,5845
1169,5,C(1169;1;65;100;213;305),6,4.1763698630136989,5845
1169,5,C(1169;1;143;220;236;498),6,4.1763698630136989,5845
1169,5,C(1169;1;176;271;339;523),6,4.1763698630136989,5845
