N,K,S,diameter,averageShortestPathLength,edges
1547,5,C(1547;1;124;154;416;611),6,4.4644243208279430,7735
1547,5,C(1547;1;126;262;702;741),6,4.4644243208279430,7735
