N,K,S,diameter,averageShortestPathLength,edges
1286,5,C(1286;1;23;37;190;521),6,4.2723735408560310,6430
1286,5,C(1286;1;139;403;596;625),6,4.2723735408560310,6430
1286,5,C(1286;1;176;201;393;615),6,4.2723735408560310,6430
1286,5,C(1286;1;195;244;501;627),6,4.2723735408560310,6430
