N,K,S,diameter,averageShortestPathLength,edges
1339,5,C(1339;1;12;93;492;521),6,4.3139013452914794,6695
1339,5,C(1339;1;20;72;475;610),6,4.3139013452914794,6695
1339,5,C(1339;1;41;155;327;558),6,4.3139013452914794,6695
1339,5,C(1339;1;67;311;532;639),6,4.3139013452914794,6695
1339,5,C(1339;1;90;98;215;461),6,4.3139013452914794,6695
