N,K,S,diameter,averageShortestPathLength,edges
1072,5,C(1072;1;66;76;322;345),6,4.0905695611577961,5360
1072,5,C(1072;1;75;144;341;452),6,4.0905695611577961,5360
1072,5,C(1072;1;87;142;180;382),6,4.0905695611577961,5360
1072,5,C(1072;1;243;319;384;492),6,4.0905695611577961,5360
1072,5,C(1072;1;289;388;512;525),6,4.0905695611577961,5360
