N,K,S,diameter,averageShortestPathLength,edges
1487,5,C(1487;1;35;45;327;448),6,4.4212651413189770,7435
1487,5,C(1487;1;43;166;191;727),6,4.4212651413189770,7435
1487,5,C(1487;1;85;458;582;636),6,4.4212651413189770,7435
1487,5,C(1487;1;109;226;250;432),6,4.4212651413189770,7435
1487,5,C(1487;1;156;415;454;488),6,4.4212651413189770,7435
