N,K,S,diameter,averageShortestPathLength,edges
1018,5,C(1018;1;25;66;337;448),6,4.0403146509341203,5090
1018,5,C(1018;1;42;315;422;501),6,4.0403146509341203,5090
1018,5,C(1018;1;68;150;265;425),6,4.0403146509341203,5090
1018,5,C(1018;1;103;122;180;191),6,4.0403146509341203,5090
1018,5,C(1018;1;145;192;408;447),6,4.0403146509341203,5090
1018,5,C(1018;1;285;353;430;486),6,4.0403146509341203,5090
