N,K,S,diameter,averageShortestPathLength,edges
1641,5,C(1641;1;282;369;404;732),6,4.5243902439024390,8205
1641,5,C(1641;1;394;408;480;663),6,4.5243902439024390,8205
