N,K,S,diameter,averageShortestPathLength,edges
1619,5,C(1619;1;17;89;559;654),6,4.5129789864029668,8095
1619,5,C(1619;1;18;170;382;502),6,4.5129789864029668,8095
1619,5,C(1619;1;22;200;307;362),6,4.5129789864029668,8095
1619,5,C(1619;1;90;152;381;729),6,4.5129789864029668,8095
1619,5,C(1619;1;354;368;458;745),6,4.5129789864029668,8095
