N,K,S,diameter,averageShortestPathLength,edges
1624,5,C(1624;1;84;121;260;357),6,4.5107825015403575,8120
1624,5,C(1624;1;91;255;284;308),6,4.5107825015403575,8120
