N,K,S,diameter,averageShortestPathLength,edges
1139,5,C(1139;1;9;76;206;483),6,4.1511423550087869,5695
1139,5,C(1139;1;15;135;327;411),6,4.1511423550087869,5695
1139,5,C(1139;1;34;117;160;332),6,4.1511423550087869,5695
1139,5,C(1139;1;94;158;293;310),6,4.1511423550087869,5695
1139,5,C(1139;1;106;223;371;391),6,4.1511423550087869,5695
1139,5,C(1139;1;135;253;276;326),6,4.1511423550087869,5695
1139,5,C(1139;1;136;331;548;566),6,4.1511423550087869,5695
1139,5,C(1139;1;158;283;483;521),6,4.1511423550087869,5695
1139,5,C(1139;1;163;420;482;527),6,4.1511423550087869,5695
