N,K,S,diameter,averageShortestPathLength,edges
1730,5,C(1730;1;85;410;431;725),6,4.5766338924233665,8650
1730,5,C(1730;1;195;289;345;850),6,4.5766338924233665,8650
