N,K,S,diameter,averageShortestPathLength,edges
1717,5,C(1717;1;20;68;405;576),6,4.5734265734265733,8585
1717,5,C(1717;1;68;424;708;838),6,4.5734265734265733,8585
1717,5,C(1717;1;117;180;226;730),6,4.5734265734265733,8585
1717,5,C(1717;1;124;481;552;772),6,4.5734265734265733,8585
1717,5,C(1717;1;235;483;563;585),6,4.5734265734265733,8585
1717,5,C(1717;1;282;355;583;628),6,4.5734265734265733,8585
1717,5,C(1717;1;340;409;601;658),6,4.5734265734265733,8585
1717,5,C(1717;1;453;587;740;794),6,4.5734265734265733,8585
1717,5,C(1717;1;468;670;775;799),6,4.5734265734265733,8585
