N,K,S,diameter,averageShortestPathLength,edges
1629,5,C(1629;1;27;381;468;506),6,4.5135135135135132,8145
1629,5,C(1629;1;441;474;499;585),6,4.5135135135135132,8145
