N,K,S,diameter,averageShortestPathLength,edges
1371,5,C(1371;1;8;211;362;485),6,4.3372262773722632,6855
1371,5,C(1371;1;9;310;383;509),6,4.3372262773722632,6855
1371,5,C(1371;1;13;104;550;593),6,4.3372262773722632,6855
1371,5,C(1371;1;43;53;178;541),6,4.3372262773722632,6855
1371,5,C(1371;1;65;172;506;542),6,4.3372262773722632,6855
1371,5,C(1371;1;84;314;386;581),6,4.3372262773722632,6855
1371,5,C(1371;1;103;426;481;562),6,4.3372262773722632,6855
1371,5,C(1371;1;132;167;328;476),6,4.3372262773722632,6855
1371,5,C(1371;1;145;232;388;514),6,4.3372262773722632,6855
