N,K,S,diameter,averageShortestPathLength,edges
1087,5,C(1087;1;29;141;177;330),6,4.1031307550644565,5435
1087,5,C(1087;1;45;303;339;424),6,4.1031307550644565,5435
1087,5,C(1087;1;56;129;287;537),6,4.1031307550644565,5435
1087,5,C(1087;1;75;231;251;295),6,4.1031307550644565,5435
1087,5,C(1087;1;80;314;514;522),6,4.1031307550644565,5435
