N,K,S,diameter,averageShortestPathLength,edges
1330,5,C(1330;1;144;151;506;625),6,4.3047404063205414,6650
1330,5,C(1330;1;164;229;274;515),6,4.3047404063205414,6650
