N,K,S,diameter,averageShortestPathLength,edges
1344,5,C(1344;1;51;93;209;608),6,4.3149664929262848,6720
1344,5,C(1344;1;51;463;579;608),6,4.3149664929262848,6720
