N,K,S,diameter,averageShortestPathLength,edges
1475,5,C(1475;1;17;112;217;375),6,4.4138398914518318,7375
1475,5,C(1475;1;21;274;489;617),6,4.4138398914518318,7375
1475,5,C(1475;1;47;184;266;561),6,4.4138398914518318,7375
1475,5,C(1475;1;61;83;296;576),6,4.4138398914518318,7375
1475,5,C(1475;1;66;459;675;698),6,4.4138398914518318,7375
1475,5,C(1475;1;74;325;347;514),6,4.4138398914518318,7375
1475,5,C(1475;1;153;263;408;622),6,4.4138398914518318,7375
1475,5,C(1475;1;175;286;299;503),6,4.4138398914518318,7375
1475,5,C(1475;1;234;281;294;673),6,4.4138398914518318,7375
