N,K,S,diameter,averageShortestPathLength,edges
1466,5,C(1466;1;18;239;411;676),6,4.4054607508532424,7330
1466,5,C(1466;1;166;217;453;642),6,4.4054607508532424,7330
1466,5,C(1466;1;310;581;638;687),6,4.4054607508532424,7330
