N,K,S,diameter,averageShortestPathLength,edges
1230,5,C(1230;1;49;87;208;582),6,4.2237591537835639,6150
1230,5,C(1230;1;251;288;303;548),6,4.2237591537835639,6150
