N,K,S,diameter,averageShortestPathLength,edges
1347,5,C(1347;1;90;300;321;485),6,4.3135215453194649,6735
1347,5,C(1347;1;222;291;645;661),6,4.3135215453194649,6735
