N,K,S,diameter,averageShortestPathLength,edges
1119,5,C(1119;1;13;305;417;461),6,4.1323792486583182,5595
1119,5,C(1119;1;54;86;481;493),6,4.1323792486583182,5595
1119,5,C(1119;1;186;284;335;457),6,4.1323792486583182,5595
1119,5,C(1119;1;262;488;504;554),6,4.1323792486583182,5595
