N,K,S,diameter,averageShortestPathLength,edges
1630,5,C(1630;1;99;183;402;795),6,4.5168815224063845,8150
1630,5,C(1630;1;255;397;461;498),6,4.5168815224063845,8150
1630,5,C(1630;1;325;383;427;746),6,4.5168815224063845,8150
