N,K,S,diameter,averageShortestPathLength,edges
1009,5,C(1009;1;23;32;248;406),6,4.0317460317460316,5045
1009,5,C(1009;1;133;237;274;351),6,4.0317460317460316,5045
1009,5,C(1009;1;220;260;328;473),6,4.0317460317460316,5045
1009,5,C(1009;1;232;297;423;498),6,4.0317460317460316,5045
1009,5,C(1009;1;233;323;420;430),6,4.0317460317460316,5045
