N,K,S,diameter,averageShortestPathLength,edges
1776,5,C(1776;1;27;65;370;495),6,4.6039436619718312,8880
1776,5,C(1776;1;129;219;814;847),6,4.6039436619718312,8880
