N,K,S,diameter,averageShortestPathLength,edges
1695,5,C(1695;1;30;485;744;810),6,4.5584415584415581,8475
1695,5,C(1695;1;58;350;685;808),6,4.5584415584415581,8475
1695,5,C(1695;1;256;425;472;785),6,4.5584415584415581,8475
1695,5,C(1695;1;263;485;520;629),6,4.5584415584415581,8475
