N,K,S,diameter,averageShortestPathLength,edges
1203,5,C(1203;1;90;111;187;252),6,4.2046589018302827,6015
1203,5,C(1203;1;193;231;516;528),6,4.2046589018302827,6015
