N,K,S,diameter,averageShortestPathLength,edges
1639,5,C(1639;1;15;427;723;759),6,4.5250305250305249,8195
1639,5,C(1639;1;21;241;605;642),6,4.5250305250305249,8195
1639,5,C(1639;1;34;521;714;737),6,4.5250305250305249,8195
1639,5,C(1639;1;44;380;612;783),6,4.5250305250305249,8195
1639,5,C(1639;1;78;341;733;769),6,4.5250305250305249,8195
1639,5,C(1639;1;151;165;217;360),6,4.5250305250305249,8195
1639,5,C(1639;1;170;407;535;624),6,4.5250305250305249,8195
1639,5,C(1639;1;247;376;437;605),6,4.5250305250305249,8195
