N,K,S,diameter,averageShortestPathLength,edges
1564,5,C(1564;1;29;122;252;762),6,4.4747280870121564,7820
1564,5,C(1564;1;166;242;548;755),6,4.4747280870121564,7820
