N,K,S,diameter,averageShortestPathLength,edges
1040,5,C(1040;1;67;273;322;366),6,4.0606352261790182,5200
1040,5,C(1040;1;299;357;378;486),6,4.0606352261790182,5200
