N,K,S,diameter,averageShortestPathLength,edges
1140,5,C(1140;1;56;69;259;526),6,4.1501316944688327,5700
1140,5,C(1140;1;86;189;524;559),6,4.1501316944688327,5700
1140,5,C(1140;1;108;266;402;419),6,4.1501316944688327,5700
1140,5,C(1140;1;266;282;348;419),6,4.1501316944688327,5700
