N,K,S,diameter,averageShortestPathLength,edges
1489,5,C(1489;1;40;442;465;632),6,4.4247311827956990,7445
1489,5,C(1489;1;128;301;360;521),6,4.4247311827956990,7445
1489,5,C(1489;1;132;450;626;699),6,4.4247311827956990,7445
1489,5,C(1489;1;282;335;570;659),6,4.4247311827956990,7445
1489,5,C(1489;1;357;475;503;578),6,4.4247311827956990,7445
