N,K,S,diameter,averageShortestPathLength,edges
1227,5,C(1227;1;9;95;157;422),6,4.2234910277324635,6135
1227,5,C(1227;1;155;168;205;379),6,4.2234910277324635,6135
1227,5,C(1227;1;259;334;346;567),6,4.2234910277324635,6135
1227,5,C(1227;1;336;349;407;508),6,4.2234910277324635,6135
