N,K,S,diameter,averageShortestPathLength,edges
1256,5,C(1256;1;24;232;271;339),6,4.2462151394422314,6280
1256,5,C(1256;1;29;75;230;481),6,4.2462151394422314,6280
1256,5,C(1256;1;47;107;243;494),6,4.2462151394422314,6280
1256,5,C(1256;1;59;241;496;608),6,4.2462151394422314,6280
1256,5,C(1256;1;67;338;429;569),6,4.2462151394422314,6280
1256,5,C(1256;1;122;479;493;563),6,4.2462151394422314,6280
1256,5,C(1256;1;149;160;200;515),6,4.2462151394422314,6280
