N,K,S,diameter,averageShortestPathLength,edges
1711,5,C(1711;1;55;525;536;846),6,4.5672514619883042,8555
1711,5,C(1711;1;146;280;488;762),6,4.5672514619883042,8555
1711,5,C(1711;1;180;366;395;664),6,4.5672514619883042,8555
1711,5,C(1711;1;284;400;814;822),6,4.5672514619883042,8555
1711,5,C(1711;1;541;668;817;849),6,4.5672514619883042,8555
