N,K,S,diameter,averageShortestPathLength,edges
1706,5,C(1706;1;221;459;510;540),6,4.5624633431085044,8530
1706,5,C(1706;1;378;505;643;804),6,4.5624633431085044,8530
1706,5,C(1706;1;396;527;620;633),6,4.5624633431085044,8530
