N,K,S,diameter,averageShortestPathLength,edges
1604,5,C(1604;1;76;192;222;465),6,4.4971927635683091,8020
1604,5,C(1604;1;307;404;728;786),6,4.4971927635683091,8020
