N,K,S,diameter,averageShortestPathLength,edges
1418,5,C(1418;1;40;126;181;524),6,4.3747353563867328,7090
1418,5,C(1418;1;47;250;462;522),6,4.3747353563867328,7090
