N,K,S,diameter,averageShortestPathLength,edges
1269,5,C(1269;1;18;43;220;471),6,4.2570977917981070,6345
1269,5,C(1269;1;59;129;207;290),6,4.2570977917981070,6345
1269,5,C(1269;1;354;398;450;617),6,4.2570977917981070,6345
