N,K,S,diameter,averageShortestPathLength,edges
1541,5,C(1541;1;28;497;666;738),6,4.4597402597402596,7705
1541,5,C(1541;1;39;264;403;497),6,4.4597402597402596,7705
1541,5,C(1541;1;55;354;403;524),6,4.4597402597402596,7705
1541,5,C(1541;1;74;251;543;553),6,4.4597402597402596,7705
1541,5,C(1541;1;79;524;718;738),6,4.4597402597402596,7705
1541,5,C(1541;1;84;115;309;549),6,4.4597402597402596,7705
1541,5,C(1541;1;105;301;384;529),6,4.4597402597402596,7705
1541,5,C(1541;1;143;471;483;567),6,4.4597402597402596,7705
1541,5,C(1541;1;460;499;532;722),6,4.4597402597402596,7705
