N,K,S,diameter,averageShortestPathLength,edges
1093,5,C(1093;1;15;297;409;449),6,4.1080586080586077,5465
1093,5,C(1093;1;92;226;287;466),6,4.1080586080586077,5465
1093,5,C(1093;1;129;139;155;357),6,4.1080586080586077,5465
1093,5,C(1093;1;168;266;426;447),6,4.1080586080586077,5465
1093,5,C(1093;1;173;457;510;540),6,4.1080586080586077,5465
