N,K,S,diameter,averageShortestPathLength,edges
1130,5,C(1130;1;46;144;324;351),6,4.1408325952170060,5650
1130,5,C(1130;1;63;116;161;247),6,4.1408325952170060,5650
1130,5,C(1130;1;83;183;229;242),6,4.1408325952170060,5650
1130,5,C(1130;1;86;354;464;499),6,4.1408325952170060,5650
1130,5,C(1130;1;106;147;177;379),6,4.1408325952170060,5650
1130,5,C(1130;1;123;287;301;522),6,4.1408325952170060,5650
