N,K,S,diameter,averageShortestPathLength,edges
1519,5,C(1519;1;25;59;273;480),6,4.4453227931488799,7595
1519,5,C(1519;1;103;463;687;742),6,4.4453227931488799,7595
1519,5,C(1519;1;105;174;250;440),6,4.4453227931488799,7595
1519,5,C(1519;1;243;323;497;666),6,4.4453227931488799,7595
