N,K,S,diameter,averageShortestPathLength,edges
1331,5,C(1331;1;18;94;311;447),6,4.3037593984962408,6655
1331,5,C(1331;1;74;197;301;387),6,4.3037593984962408,6655
1331,5,C(1331;1;151;283;354;379),6,4.3037593984962408,6655
1331,5,C(1331;1;238;306;399;527),6,4.3037593984962408,6655
1331,5,C(1331;1;295;368;612;622),6,4.3037593984962408,6655
