N,K,S,diameter,averageShortestPathLength,edges
1673,5,C(1673;1;12;98;447;512),6,4.5418660287081343,8365
1673,5,C(1673;1;22;232;562;686),6,4.5418660287081343,8365
1673,5,C(1673;1;76;273;771;786),6,4.5418660287081343,8365
1673,5,C(1673;1;287;381;515;697),6,4.5418660287081343,8365
