N,K,S,diameter,averageShortestPathLength,edges
1728,5,C(1728;1;338;381;731;825),6,4.5755645628257096,8640
1728,5,C(1728;1;507;633;790;851),6,4.5755645628257096,8640
