N,K,S,diameter,averageShortestPathLength,edges
1618,5,C(1618;1;40;175;356;640),6,4.5102040816326534,8090
1618,5,C(1618;1;46;76;527;736),6,4.5102040816326534,8090
