N,K,S,diameter,averageShortestPathLength,edges
1259,5,C(1259;1;72;423;448;538),6,4.2511923688394280,6295
1259,5,C(1259;1;148;218;427;548),6,4.2511923688394280,6295
1259,5,C(1259;1;286;478;602;612),6,4.2511923688394280,6295
1259,5,C(1259;1;344;412;514;532),6,4.2511923688394280,6295
1259,5,C(1259;1;378;482;594;621),6,4.2511923688394280,6295
