N,K,S,diameter,averageShortestPathLength,edges
1579,5,C(1579;1;8;81;303;772),6,4.4854245880861852,7895
1579,5,C(1579;1;31;159;198;370),6,4.4854245880861852,7895
1579,5,C(1579;1;39;107;312;764),6,4.4854245880861852,7895
1579,5,C(1579;1;180;288;546;767),6,4.4854245880861852,7895
1579,5,C(1579;1;582;592;630;693),6,4.4854245880861852,7895
