N,K,S,diameter,averageShortestPathLength,edges
1104,5,C(1104;1;29;40;325;460),6,4.1187669990933813,5520
1104,5,C(1104;1;45;57;378;487),6,4.1187669990933813,5520
1104,5,C(1104;1;92;103;344;533),6,4.1187669990933813,5520
1104,5,C(1104;1;136;343;445;460),6,4.1187669990933813,5520
1104,5,C(1104;1;198;213;417;535),6,4.1187669990933813,5520
