N,K,S,diameter,averageShortestPathLength,edges
1517,5,C(1517;1;17;341;422;525),6,4.4432717678100264,7585
1517,5,C(1517;1;135;169;347;715),6,4.4432717678100264,7585
1517,5,C(1517;1;248;520;550;558),6,4.4432717678100264,7585
1517,5,C(1517;1;357;377;471;683),6,4.4432717678100264,7585
1517,5,C(1517;1;388;427;497;653),6,4.4432717678100264,7585
