N,K,S,diameter,averageShortestPathLength,edges
1335,5,C(1335;1;57;295;321;599),6,4.3058470764617693,6675
1335,5,C(1335;1;147;336;419;550),6,4.3058470764617693,6675
