N,K,S,diameter,averageShortestPathLength,edges
1348,5,C(1348;1;41;318;508;532),6,4.3214550853749074,6740
1348,5,C(1348;1;58;152;263;276),6,4.3214550853749074,6740
