N,K,S,diameter,averageShortestPathLength,edges
1122,5,C(1122;1;9;144;358;516),6,4.1347011596788583,5610
1122,5,C(1122;1;78;97;105;529),6,4.1347011596788583,5610
1122,5,C(1122;1;138;347;445;531),6,4.1347011596788583,5610
1122,5,C(1122;1;263;295;318;435),6,4.1347011596788583,5610
