N,K,S,diameter,averageShortestPathLength,edges
1304,5,C(1304;1;68;286;410;455),6,4.2862624712202608,6520
1304,5,C(1304;1;324;386;513;634),6,4.2862624712202608,6520
