N,K,S,diameter,averageShortestPathLength,edges
1057,5,C(1057;1;12;119;149;337),6,4.0776515151515156,5285
1057,5,C(1057;1;60;88;98;428),6,4.0776515151515156,5285
1057,5,C(1057;1;69;229;245;289),6,4.0776515151515156,5285
1057,5,C(1057;1;227;395;447;469),6,4.0776515151515156,5285
