N,K,S,diameter,averageShortestPathLength,edges
1637,5,C(1637;1;11;114;566;747),6,4.5195599022004886,8185
1637,5,C(1637;1;206;295;359;675),6,4.5195599022004886,8185
1637,5,C(1637;1;252;317;677;767),6,4.5195599022004886,8185
1637,5,C(1637;1;308;395;744;812),6,4.5195599022004886,8185
1637,5,C(1637;1;402;483;596;661),6,4.5195599022004886,8185
