N,K,S,diameter,averageShortestPathLength,edges
1460,5,C(1460;1;11;346;507;623),6,4.4002741603838249,7300
1460,5,C(1460;1;167;342;383;629),6,4.4002741603838249,7300
1460,5,C(1460;1;234;531;577;607),6,4.4002741603838249,7300
1460,5,C(1460;1;307;358;457;571),6,4.4002741603838249,7300
