N,K,S,diameter,averageShortestPathLength,edges
1131,5,C(1131;1;66;87;144;313),6,4.1433628318584068,5655
1131,5,C(1131;1;67;122;468;550),6,4.1433628318584068,5655
1131,5,C(1131;1;78;227;343;361),6,4.1433628318584068,5655
1131,5,C(1131;1;87;105;285;430),6,4.1433628318584068,5655
1131,5,C(1131;1;146;284;397;468),6,4.1433628318584068,5655
1131,5,C(1131;1;245;422;429;542),6,4.1433628318584068,5655
