N,K,S,diameter,averageShortestPathLength,edges
1192,5,C(1192;1;22;310;365;456),6,4.1939546599496218,5960
1192,5,C(1192;1;416;454;467;538),6,4.1939546599496218,5960
