N,K,S,diameter,averageShortestPathLength,edges
1666,5,C(1666;1;76;451;553;618),6,4.5381381381381383,8330
1666,5,C(1666;1;495;511;634;698),6,4.5381381381381383,8330
