N,K,S,diameter,averageShortestPathLength,edges
1567,5,C(1567;1;73;91;243;642),6,4.4763729246487864,7835
1567,5,C(1567;1;104;120;322;471),6,4.4763729246487864,7835
1567,5,C(1567;1;110;226;481;690),6,4.4763729246487864,7835
1567,5,C(1567;1;173;389;706;755),6,4.4763729246487864,7835
1567,5,C(1567;1;222;417;427;598),6,4.4763729246487864,7835
