N,K,S,diameter,averageShortestPathLength,edges
1252,5,C(1252;1;45;117;506;561),6,4.2454036770583530,6260
1252,5,C(1252;1;50;127;183;529),6,4.2454036770583530,6260
1252,5,C(1252;1;69;107;193;306),6,4.2454036770583530,6260
1252,5,C(1252;1;71;206;253;473),6,4.2454036770583530,6260
