N,K,S,diameter,averageShortestPathLength,edges
1377,5,C(1377;1;28;72;152;470),6,4.3430232558139537,6885
1377,5,C(1377;1;47;223;278;519),6,4.3430232558139537,6885
1377,5,C(1377;1;72;154;181;601),6,4.3430232558139537,6885
1377,5,C(1377;1;124;232;330;530),6,4.3430232558139537,6885
1377,5,C(1377;1;132;184;247;593),6,4.3430232558139537,6885
1377,5,C(1377;1;167;369;545;598),6,4.3430232558139537,6885
1377,5,C(1377;1;211;293;597;620),6,4.3430232558139537,6885
1377,5,C(1377;1;388;396;475;541),6,4.3430232558139537,6885
