N,K,S,diameter,averageShortestPathLength,edges
1378,5,C(1378;1;73;304;418;432),6,4.3391430646332605,6890
1378,5,C(1378;1;151;270;430;466),6,4.3391430646332605,6890
