N,K,S,diameter,averageShortestPathLength,edges
1310,5,C(1310;1;18;324;370;473),6,4.2910618792971738,6550
1310,5,C(1310;1;110;324;592;637),6,4.2910618792971738,6550
