N,K,S,diameter,averageShortestPathLength,edges
1161,5,C(1161;1;52;374;449;459),6,4.1689655172413795,5805
1161,5,C(1161;1;54;362;391;506),6,4.1689655172413795,5805
1161,5,C(1161;1;67;103;484;567),6,4.1689655172413795,5805
1161,5,C(1161;1;124;181;356;513),6,4.1689655172413795,5805
