N,K,S,diameter,averageShortestPathLength,edges
1124,5,C(1124;1;56;97;216;557),6,4.1371326803205699,5620
1124,5,C(1124;1;93;236;268;337),6,4.1371326803205699,5620
1124,5,C(1124;1;160;197;208;423),6,4.1371326803205699,5620
