N,K,S,diameter,averageShortestPathLength,edges
1516,5,C(1516;1;46;143;255;264),6,4.4448844884488450,7580
1516,5,C(1516;1;47;320;541;630),6,4.4448844884488450,7580
1516,5,C(1516;1;53;129;348;594),6,4.4448844884488450,7580
