N,K,S,diameter,averageShortestPathLength,edges
1275,5,C(1275;1;17;57;237;396),6,4.2637362637362637,6375
1275,5,C(1275;1;119;280;533;541),6,4.2637362637362637,6375
1275,5,C(1275;1;122;265;298;493),6,4.2637362637362637,6375
1275,5,C(1275;1;320;338;391;436),6,4.2637362637362637,6375
