N,K,S,diameter,averageShortestPathLength,edges
1473,5,C(1473;1;188;208;536;648),6,4.4116847826086953,7365
1473,5,C(1473;1;309;371;517;572),6,4.4116847826086953,7365
1473,5,C(1473;1;347;394;424;513),6,4.4116847826086953,7365
1473,5,C(1473;1;469;498;661;713),6,4.4116847826086953,7365
