N,K,S,diameter,averageShortestPathLength,edges
1054,5,C(1054;1;40;229;260;403),6,4.0731244064577394,5270
1054,5,C(1054;1;279;359;396;466),6,4.0731244064577394,5270
