N,K,S,diameter,averageShortestPathLength,edges
1708,5,C(1708;1;37;384;580;795),6,4.5647334504979495,8540
1708,5,C(1708;1;73;275;296;656),6,4.5647334504979495,8540
1708,5,C(1708;1;108;117;277;472),6,4.5647334504979495,8540
