N,K,S,diameter,averageShortestPathLength,edges
1236,5,C(1236;1;17;164;430;569),6,4.2323886639676109,6180
1236,5,C(1236;1;34;148;391;467),6,4.2323886639676109,6180
1236,5,C(1236;1;98;397;509;572),6,4.2323886639676109,6180
1236,5,C(1236;1;154;379;501;596),6,4.2323886639676109,6180
1236,5,C(1236;1;162;389;431;450),6,4.2323886639676109,6180
1236,5,C(1236;1;165;344;437;554),6,4.2323886639676109,6180
1236,5,C(1236;1;197;222;342;377),6,4.2323886639676109,6180
1236,5,C(1236;1;259;347;414;594),6,4.2323886639676109,6180
