N,K,S,diameter,averageShortestPathLength,edges
1315,5,C(1315;1;99;281;307;341),6,4.2891933028919329,6575
1315,5,C(1315;1;108;257;458;468),6,4.2891933028919329,6575
1315,5,C(1315;1;126;207;434;599),6,4.2891933028919329,6575
1315,5,C(1315;1;458;506;636;644),6,4.2891933028919329,6575
1315,5,C(1315;1;468;574;581;611),6,4.2891933028919329,6575
