N,K,S,diameter,averageShortestPathLength,edges
1555,5,C(1555;1;235;390;433;720),6,4.4671814671814669,7775
1555,5,C(1555;1;300;492;550;615),6,4.4671814671814669,7775
