N,K,S,diameter,averageShortestPathLength,edges
164,5,C(164;1;12;18;38;65),3,2.5705521472392636,820
164,5,C(164;1;20;30;46;53),3,2.5705521472392636,820
