N,K,S,diameter,averageShortestPathLength,edges
579,5,C(579;1;14;204;228;287),5,3.5467128027681660,2895
579,5,C(579;1;15;202;222;278),5,3.5467128027681660,2895
579,5,C(579;1;42;57;121;133),5,3.5467128027681660,2895
579,5,C(579;1;43;66;205;282),5,3.5467128027681660,2895
579,5,C(579;1;67;81;226;234),5,3.5467128027681660,2895
579,5,C(579;1;74;165;213;269),5,3.5467128027681660,2895
579,5,C(579;1;99;124;180;269),5,3.5467128027681660,2895
579,5,C(579;1;102;120;209;277),5,3.5467128027681660,2895
579,5,C(579;1;150;207;226;232),5,3.5467128027681660,2895
