N,K,S,diameter,averageShortestPathLength,edges
612,5,C(612;1;6;212;251;279),5,3.5941080196399344,3060
612,5,C(612;1;45;78;104;217),5,3.5941080196399344,3060
