N,K,S,diameter,averageShortestPathLength,edges
700,5,C(700;1;13;121;142;211),5,3.7138769670958514,3500
700,5,C(700;1;26;129;161;304),5,3.7138769670958514,3500
700,5,C(700;1;81;291;302;347),5,3.7138769670958514,3500
700,5,C(700;1;83;89;209;278),5,3.7138769670958514,3500
700,5,C(700;1;91;176;206;331),5,3.7138769670958514,3500
700,5,C(700;1;117;253;323;334),5,3.7138769670958514,3500
