N,K,S,diameter,averageShortestPathLength,edges
166,5,C(166;1;4;18;44;73),4,2.5818181818181820,830
166,5,C(166;1;12;18;40;67),4,2.5818181818181820,830
166,5,C(166;1;20;30;44;57),4,2.5818181818181820,830
166,5,C(166;1;25;48;62;66),4,2.5818181818181820,830
