N,K,S,diameter,averageShortestPathLength,edges
861,5,C(861;1;55;70;309;400),5,3.8930232558139535,4305
861,5,C(861;1;57;71;77;407),5,3.8930232558139535,4305
861,5,C(861;1;97;127;280;363),5,3.8930232558139535,4305
861,5,C(861;1;119;342;412;419),5,3.8930232558139535,4305
861,5,C(861;1;120;223;337;364),5,3.8930232558139535,4305
861,5,C(861;1;139;203;321;349),5,3.8930232558139535,4305
