N,K,S,diameter,averageShortestPathLength,edges
922,5,C(922;1;38;92;268;317),5,3.9511400651465798,4610
922,5,C(922;1;314;322;372;445),5,3.9511400651465798,4610
