N,K,S,diameter,averageShortestPathLength,edges
902,5,C(902;1;160;205;404;439),5,3.9300776914539401,4510
902,5,C(902;1;184;205;263;314),5,3.9300776914539401,4510
