N,K,S,diameter,averageShortestPathLength,edges
782,5,C(782;1;30;93;104;233),5,3.8092189500640203,3910
782,5,C(782;1;76;95;185;310),5,3.8092189500640203,3910
782,5,C(782;1;76;100;257;318),5,3.8092189500640203,3910
782,5,C(782;1;81;92;285;319),5,3.8092189500640203,3910
782,5,C(782;1;107;245;312;326),5,3.8092189500640203,3910
782,5,C(782;1;169;225;239;368),5,3.8092189500640203,3910
782,5,C(782;1;186;213;234;300),5,3.8092189500640203,3910
782,5,C(782;1;251;305;368;373),5,3.8092189500640203,3910
782,5,C(782;1;273;341;353;368),5,3.8092189500640203,3910
