N,K,S,diameter,averageShortestPathLength,edges
185,5,C(185;1;7;33;44;68),4,2.6413043478260869,925
185,5,C(185;1;11;28;54;63),4,2.6413043478260869,925
185,5,C(185;1;21;38;47;52),4,2.6413043478260869,925
185,5,C(185;1;24;32;68;79),4,2.6413043478260869,925
185,5,C(185;1;53;73;84;89),4,2.6413043478260869,925
