N,K,S,diameter,averageShortestPathLength,edges
832,5,C(832;1;19;148;262;381),5,3.8640192539109508,4160
832,5,C(832;1;28;107;254;369),5,3.8640192539109508,4160
832,5,C(832;1;30;36;219;239),5,3.8640192539109508,4160
