N,K,S,diameter,averageShortestPathLength,edges
844,5,C(844;1;22;81;198;408),5,3.8778173190984577,4220
844,5,C(844;1;120;190;323;354),5,3.8778173190984577,4220
