N,K,S,diameter,averageShortestPathLength,edges
222,5,C(222;1;4;21;54;69),4,2.7828054298642533,1110
222,5,C(222;1;18;24;63;73),4,2.7828054298642533,1110
