N,K,S,diameter,averageShortestPathLength,edges
757,5,C(757;1;15;80;245;358),5,3.7804232804232805,3785
757,5,C(757;1;20;170;241;355),5,3.7804232804232805,3785
757,5,C(757;1;101;178;236;247),5,3.7804232804232805,3785
757,5,C(757;1;123;128;145;331),5,3.7804232804232805,3785
757,5,C(757;1;207;265;277;370),5,3.7804232804232805,3785
