N,K,S,diameter,averageShortestPathLength,edges
982,5,C(982;1;15;143;182;359),5,4.0071355759429155,4910
982,5,C(982;1;75;107;131;274),5,4.0071355759429155,4910
982,5,C(982;1;88;103;339;419),5,4.0071355759429155,4910
982,5,C(982;1;93;232;413;449),5,4.0071355759429155,4910
