N,K,S,diameter,averageShortestPathLength,edges
692,5,C(692;1;12;104;109;148),5,3.6975397973950797,3460
692,5,C(692;1;20;184;268;273),5,3.6975397973950797,3460
