N,K,S,diameter,averageShortestPathLength,edges
194,5,C(194;1;10;18;76;81),4,2.6839378238341971,970
194,5,C(194;1;12;20;70;75),4,2.6839378238341971,970
194,5,C(194;1;12;52;70;75),4,2.6839378238341971,970
194,5,C(194;1;60;68;86;91),4,2.6839378238341971,970
