N,K,S,diameter,averageShortestPathLength,edges
871,5,C(871;1;32;56;124;382),5,3.8988505747126436,4355
871,5,C(871;1;57;82;100;292),5,3.8988505747126436,4355
871,5,C(871;1;60;125;140;349),5,3.8988505747126436,4355
871,5,C(871;1;105;216;245;393),5,3.8988505747126436,4355
871,5,C(871;1;270;288;365;421),5,3.8988505747126436,4355
