N,K,S,diameter,averageShortestPathLength,edges
842,5,C(842;1;39;136;146;169),5,3.8680142687277050,4210
842,5,C(842;1;54;65;279;318),5,3.8680142687277050,4210
842,5,C(842;1;234;285;306;367),5,3.8680142687277050,4210
