N,K,S,diameter,averageShortestPathLength,edges
238,5,C(238;1;4;24;85;99),4,2.8396624472573841,1190
238,5,C(238;1;6;59;85;108),4,2.8396624472573841,1190
238,5,C(238;1;10;24;64;105),4,2.8396624472573841,1190
238,5,C(238;1;12;22;51;117),4,2.8396624472573841,1190
238,5,C(238;1;24;85;94;113),4,2.8396624472573841,1190
