N,K,S,diameter,averageShortestPathLength,edges
260,5,C(260;1;18;41;70;126),4,2.8957528957528957,1300
260,5,C(260;1;19;30;54;82),4,2.8957528957528957,1300
