N,K,S,diameter,averageShortestPathLength,edges
325,5,C(325;1;17;72;100;131),4,3.0740740740740740,1625
325,5,C(325;1;21;29;75;160),4,3.0740740740740740,1625
325,5,C(325;1;25;34;107;153),4,3.0740740740740740,1625
325,5,C(325;1;25;56;124;140),4,3.0740740740740740,1625
325,5,C(325;1;31;50;76;85),4,3.0740740740740740,1625
325,5,C(325;1;82;100;129;137),4,3.0740740740740740,1625
325,5,C(325;1;86;102;125;158),4,3.0740740740740740,1625
