N,K,S,diameter,averageShortestPathLength,edges
481,5,C(481;1;15;83;201;224),5,3.3875000000000002,2405
481,5,C(481;1;23;119;212;226),5,3.3875000000000002,2405
481,5,C(481;1;32;47;179;230),5,3.3875000000000002,2405
481,5,C(481;1;43;67;97;211),5,3.3875000000000002,2405
481,5,C(481;1;97;119;174;204),5,3.3875000000000002,2405
