N,K,S,diameter,averageShortestPathLength,edges
884,5,C(884;1;72;224;348;353),5,3.9173272933182335,4420
884,5,C(884;1;120;216;293;304),5,3.9173272933182335,4420
