N,K,S,diameter,averageShortestPathLength,edges
645,5,C(645;1;18;94;255;317),5,3.6397515527950310,3225
645,5,C(645;1;105;114;193;293),5,3.6397515527950310,3225
645,5,C(645;1;127;199;210;288),5,3.6397515527950310,3225
