N,K,S,diameter,averageShortestPathLength,edges
186,5,C(186;1;6;9;47;72),4,2.6432432432432433,930
186,5,C(186;1;12;42;75;91),4,2.6432432432432433,930
