N,K,S,diameter,averageShortestPathLength,edges
894,5,C(894;1;15;79;196;412),5,3.9294512877939529,4470
894,5,C(894;1;31;162;199;312),5,3.9294512877939529,4470
894,5,C(894;1;42;301;391;408),5,3.9294512877939529,4470
894,5,C(894;1;74;122;215;351),5,3.9294512877939529,4470
894,5,C(894;1;108;157;243;441),5,3.9294512877939529,4470
894,5,C(894;1;111;205;210;249),5,3.9294512877939529,4470
894,5,C(894;1;122;192;201;418),5,3.9294512877939529,4470
894,5,C(894;1;173;312;336;439),5,3.9294512877939529,4470
