N,K,S,diameter,averageShortestPathLength,edges
550,5,C(550;1;11;104;204;261),5,3.4990892531876137,2750
550,5,C(550;1;59;64;86;99),5,3.4990892531876137,2750
