N,K,S,diameter,averageShortestPathLength,edges
208,5,C(208;1;5;24;65;86),4,2.7246376811594204,1040
208,5,C(208;1;13;66;83;88),4,2.7246376811594204,1040
