N,K,S,diameter,averageShortestPathLength,edges
632,5,C(632;1;8;44;157;284),5,3.6164817749603801,3160
632,5,C(632;1;15;227;247;304),5,3.6164817749603801,3160
632,5,C(632;1;27;64;185;295),5,3.6164817749603801,3160
632,5,C(632;1;41;87;96;157),5,3.6164817749603801,3160
632,5,C(632;1;96;117;157;245),5,3.6164817749603801,3160
