N,K,S,diameter,averageShortestPathLength,edges
591,5,C(591;1;8;141;193;235),5,3.5559322033898306,2955
591,5,C(591;1;31;237;254;259),5,3.5559322033898306,2955
591,5,C(591;1;49;183;199;286),5,3.5559322033898306,2955
591,5,C(591;1;74;98;204;251),5,3.5559322033898306,2955
