N,K,S,diameter,averageShortestPathLength,edges
834,5,C(834;1;11;120;161;306),5,3.8643457382953179,4170
834,5,C(834;1;24;222;259;347),5,3.8643457382953179,4170
834,5,C(834;1;48;137;379;390),5,3.8643457382953179,4170
