N,K,S,diameter,averageShortestPathLength,edges
590,5,C(590;1;24;63;117;199),5,3.5636672325976231,2950
590,5,C(590;1;27;74;169;287),5,3.5636672325976231,2950
590,5,C(590;1;37;181;212;237),5,3.5636672325976231,2950
590,5,C(590;1;103;112;153;251),5,3.5636672325976231,2950
590,5,C(590;1;126;181;194;246),5,3.5636672325976231,2950
590,5,C(590;1;204;234;251;276),5,3.5636672325976231,2950
