N,K,S,diameter,averageShortestPathLength,edges
907,5,C(907;1;74;384;397;402),5,3.9426048565121414,4535
907,5,C(907;1;128;203;338;429),5,3.9426048565121414,4535
907,5,C(907;1;210;234;297;330),5,3.9426048565121414,4535
907,5,C(907;1;248;273;380;448),5,3.9426048565121414,4535
907,5,C(907;1;327;373;385;438),5,3.9426048565121414,4535
