N,K,S,diameter,averageShortestPathLength,edges
916,5,C(916;1;136;308;367;392),5,3.9464480874316941,4580
916,5,C(916;1;208;307;348;384),5,3.9464480874316941,4580
