N,K,S,diameter,averageShortestPathLength,edges
856,5,C(856;1;24;113;215;397),5,3.8877192982456141,4280
856,5,C(856;1;24;215;245;327),5,3.8877192982456141,4280
856,5,C(856;1;56;69;93;283),5,3.8877192982456141,4280
856,5,C(856;1;89;303;405;424),5,3.8877192982456141,4280
