N,K,S,diameter,averageShortestPathLength,edges
798,5,C(798;1;37;100;339;353),5,3.8281053952321202,3990
798,5,C(798;1;43;322;333;385),5,3.8281053952321202,3990
798,5,C(798;1;62;117;151;163),5,3.8281053952321202,3990
798,5,C(798;1;167;249;308;343),5,3.8281053952321202,3990
798,5,C(798;1;206;235;363;373),5,3.8281053952321202,3990
