N,K,S,diameter,averageShortestPathLength,edges
695,5,C(695;1;7;78;101;245),5,3.7060518731988474,3475
695,5,C(695;1;9;98;168;315),5,3.7060518731988474,3475
695,5,C(695;1;35;213;298;309),5,3.7060518731988474,3475
695,5,C(695;1;62;85;289;302),5,3.7060518731988474,3475
