N,K,S,diameter,averageShortestPathLength,edges
564,5,C(564;1;75;137;262;270),5,3.5204262877442272,2820
564,5,C(564;1;87;138;146;247),5,3.5204262877442272,2820
