N,K,S,diameter,averageShortestPathLength,edges
659,5,C(659;1;11;51;229;322),5,3.6595744680851063,3295
659,5,C(659;1;29;213;259;295),5,3.6595744680851063,3295
659,5,C(659;1;58;129;168;250),5,3.6595744680851063,3295
659,5,C(659;1;60;99;209;235),5,3.6595744680851063,3295
659,5,C(659;1;88;125;277;309),5,3.6595744680851063,3295
