N,K,S,diameter,averageShortestPathLength,edges
681,5,C(681;1;24;42;250;260),5,3.6823529411764704,3405
681,5,C(681;1;42;55;130;267),5,3.6823529411764704,3405
681,5,C(681;1;79;87;110;147),5,3.6823529411764704,3405
