N,K,S,diameter,averageShortestPathLength,edges
671,5,C(671;1;6;57;100;324),5,3.6776119402985072,3355
671,5,C(671;1;41;212;259;269),5,3.6776119402985072,3355
671,5,C(671;1;54;112;207;326),5,3.6776119402985072,3355
671,5,C(671;1;61;70;298;319),5,3.6776119402985072,3355
671,5,C(671;1;61;242;315;331),5,3.6776119402985072,3355
671,5,C(671;1;87;108;180;321),5,3.6776119402985072,3355
671,5,C(671;1;94;208;222;292),5,3.6776119402985072,3355
671,5,C(671;1;110;183;278;311),5,3.6776119402985072,3355
