N,K,S,diameter,averageShortestPathLength,edges
569,5,C(569;1;37;54;242;264),5,3.5316901408450705,2845
569,5,C(569;1;39;123;178;186),5,3.5316901408450705,2845
569,5,C(569;1;39;222;238;248),5,3.5316901408450705,2845
569,5,C(569;1;52;137;152;248),5,3.5316901408450705,2845
569,5,C(569;1;87;146;195;208),5,3.5316901408450705,2845
