N,K,S,diameter,averageShortestPathLength,edges
988,5,C(988;1;14;93;406;428),6,4.0091185410334349,4940
988,5,C(988;1;70;85;176;202),6,4.0091185410334349,4940
