N,K,S,diameter,averageShortestPathLength,edges
920,5,C(920;1;93;111;180;394),5,3.9510337323177365,4600
920,5,C(920;1;180;277;342;387),5,3.9510337323177365,4600
920,5,C(920;1;300;386;397;431),5,3.9510337323177365,4600
