N,K,S,diameter,averageShortestPathLength,edges
642,5,C(642;1;27;104;277;298),5,3.6365054602184088,3210
642,5,C(642;1;56;183;197;284),5,3.6365054602184088,3210
