N,K,S,diameter,averageShortestPathLength,edges
697,5,C(697;1;9;211;290;333),5,3.7068965517241379,3485
697,5,C(697;1;37;54;155;342),5,3.7068965517241379,3485
697,5,C(697;1;90;113;171;311),5,3.7068965517241379,3485
697,5,C(697;1;137;161;316;330),5,3.7068965517241379,3485
697,5,C(697;1;142;226;294;322),5,3.7068965517241379,3485
