N,K,S,diameter,averageShortestPathLength,edges
764,5,C(764;1;34;206;333;340),5,3.7889908256880735,3820
764,5,C(764;1;39;202;272;370),5,3.7889908256880735,3820
