N,K,S,diameter,averageShortestPathLength,edges
312,5,C(312;1;34;53;64;111),4,3.0353697749196140,1560
312,5,C(312;1;40;45;53;70),4,3.0353697749196140,1560
