N,K,S,diameter,averageShortestPathLength,edges
685,5,C(685;1;6;29;107;282),5,3.6871345029239766,3425
685,5,C(685;1;17;102;192;236),5,3.6871345029239766,3425
685,5,C(685;1;32;119;192;243),5,3.6871345029239766,3425
685,5,C(685;1;47;114;119;132),5,3.6871345029239766,3425
685,5,C(685;1;132;189;236;327),5,3.6871345029239766,3425
