N,K,S,diameter,averageShortestPathLength,edges
636,5,C(636;1;55;90;104;225),5,3.6283464566929133,3180
636,5,C(636;1;114;160;185;285),5,3.6283464566929133,3180
