N,K,S,diameter,averageShortestPathLength,edges
487,5,C(487;1;14;165;201;211),5,3.3950617283950617,2435
487,5,C(487;1;23;90;174;189),5,3.3950617283950617,2435
487,5,C(487;1;30;67;80;186),5,3.3950617283950617,2435
487,5,C(487;1;63;92;144;168),5,3.3950617283950617,2435
487,5,C(487;1;127;140;183;229),5,3.3950617283950617,2435
