N,K,S,diameter,averageShortestPathLength,edges
567,5,C(567;1;8;63;85;223),5,3.5194346289752652,2835
567,5,C(567;1;20;76;126;160),5,3.5194346289752652,2835
567,5,C(567;1;43;63;71;202),5,3.5194346289752652,2835
567,5,C(567;1;97;211;239;252),5,3.5194346289752652,2835
