N,K,S,diameter,averageShortestPathLength,edges
528,5,C(528;1;36;57;213;239),5,3.4648956356736242,2640
528,5,C(528;1;95;135;171;252),5,3.4648956356736242,2640
