N,K,S,diameter,averageShortestPathLength,edges
480,5,C(480;1;18;42;123;155),5,3.3862212943632568,2400
480,5,C(480;1;18;65;88;227),5,3.3862212943632568,2400
480,5,C(480;1;22;48;124;133),5,3.3862212943632568,2400
480,5,C(480;1;33;95;135;180),5,3.3862212943632568,2400
480,5,C(480;1;57;63;100;147),5,3.3862212943632568,2400
480,5,C(480;1;83;94;144;212),5,3.3862212943632568,2400
480,5,C(480;1;104;186;203;235),5,3.3862212943632568,2400
480,5,C(480;1;182;189;216;234),5,3.3862212943632568,2400
