N,K,S,diameter,averageShortestPathLength,edges
572,5,C(572;1;8;43;106;249),5,3.5341506129597198,2860
572,5,C(572;1;40;86;107;158),5,3.5341506129597198,2860
572,5,C(572;1;43;133;182;247),5,3.5341506129597198,2860
572,5,C(572;1;58;139;160;226),5,3.5341506129597198,2860
572,5,C(572;1;59;80;133;202),5,3.5341506129597198,2860
572,5,C(572;1;85;108;142;223),5,3.5341506129597198,2860
