N,K,S,diameter,averageShortestPathLength,edges
750,5,C(750;1;68;131;218;255),5,3.7716955941255006,3750
750,5,C(750;1;105;178;229;328),5,3.7716955941255006,3750
