N,K,S,diameter,averageShortestPathLength,edges
1912,5,C(1912;1;16;175;673;945),7,4.6823652537938250,9560
1912,5,C(1912;1;71;87;520;721),7,4.6823652537938250,9560
1912,5,C(1912;1;281;608;679;777),7,4.6823652537938250,9560
1912,5,C(1912;1;295;313;377;896),7,4.6823652537938250,9560
