N,K,S,diameter,averageShortestPathLength,edges
1346,5,C(1346;1;65;372;380;476),6,4.3197026022304836,6730
1346,5,C(1346;1;324;420;482;497),6,4.3197026022304836,6730
