N,K,S,diameter,averageShortestPathLength,edges
1049,5,C(1049;1;18;200;281;458),6,4.0687022900763354,5245
1049,5,C(1049;1;20;71;229;486),6,4.0687022900763354,5245
1049,5,C(1049;1;41;56;339;472),6,4.0687022900763354,5245
1049,5,C(1049;1;142;222;307;408),6,4.0687022900763354,5245
1049,5,C(1049;1;164;218;257;430),6,4.0687022900763354,5245
