N,K,S,diameter,averageShortestPathLength,edges
1817,5,C(1817;1;71;405;820;897),6,4.6299559471365637,9085
1817,5,C(1817;1;89;106;384;520),6,4.6299559471365637,9085
1817,5,C(1817;1;92;155;166;884),6,4.6299559471365637,9085
1817,5,C(1817;1;115;142;563;890),6,4.6299559471365637,9085
1817,5,C(1817;1;120;222;622;655),6,4.6299559471365637,9085
1817,5,C(1817;1;194;577;872;904),6,4.6299559471365637,9085
1817,5,C(1817;1;199;304;448;482),6,4.6299559471365637,9085
1817,5,C(1817;1;210;245;404;532),6,4.6299559471365637,9085
1817,5,C(1817;1;211;503;575;627),6,4.6299559471365637,9085
