N,K,S,diameter,averageShortestPathLength,edges
1891,5,C(1891;1;11;157;197;890),6,4.6687830687830685,9455
1891,5,C(1891;1;28;48;528;773),6,4.6687830687830685,9455
1891,5,C(1891;1;91;154;172;530),6,4.6687830687830685,9455
1891,5,C(1891;1;175;289;542;878),6,4.6687830687830685,9455
1891,5,C(1891;1;389;729;852;937),6,4.6687830687830685,9455
