N,K,S,diameter,averageShortestPathLength,edges
1570,5,C(1570;1;34;56;266;615),6,4.4792861695347357,7850
1570,5,C(1570;1;115;224;428;752),6,4.4792861695347357,7850
