N,K,S,diameter,averageShortestPathLength,edges
1682,5,C(1682;1;42;347;422;707),6,4.5502676977989296,8410
1682,5,C(1682;1;79;568;659;766),6,4.5502676977989296,8410
1682,5,C(1682;1;349;480;511;738),6,4.5502676977989296,8410
