N,K,S,diameter,averageShortestPathLength,edges
1210,5,C(1210;1;11;78;327;354),6,4.2059553349875927,6050
1210,5,C(1210;1;37;212;407;466),6,4.2059553349875927,6050
