N,K,S,diameter,averageShortestPathLength,edges
1232,5,C(1232;1;17;110;263;302),6,4.2282696994313564,6160
1232,5,C(1232;1;57;66;145;562),6,4.2282696994313564,6160
1232,5,C(1232;1;66;89;226;281),6,4.2282696994313564,6160
1232,5,C(1232;1;103;166;192;442),6,4.2282696994313564,6160
1232,5,C(1232;1;114;222;244;305),6,4.2282696994313564,6160
1232,5,C(1232;1;118;311;522;576),6,4.2282696994313564,6160
1232,5,C(1232;1;492;513;542;578),6,4.2282696994313564,6160
