N,K,S,diameter,averageShortestPathLength,edges
1237,5,C(1237;1;23;55;239;560),6,4.2313915857605178,6185
1237,5,C(1237;1;36;150;383;479),6,4.2313915857605178,6185
1237,5,C(1237;1;45;202;378;460),6,4.2313915857605178,6185
1237,5,C(1237;1;137;484;594;602),6,4.2313915857605178,6185
1237,5,C(1237;1;148;307;501;519),6,4.2313915857605178,6185
