N,K,S,diameter,averageShortestPathLength,edges
1212,5,C(1212;1;24;346;402;533),6,4.2105697770437658,6060
1212,5,C(1212;1;370;432;523;570),6,4.2105697770437658,6060
