N,K,S,diameter,averageShortestPathLength,edges
1504,5,C(1504;1;31;405;642;681),6,4.4318030605455752,7520
1504,5,C(1504;1;97;119;181;610),6,4.4318030605455752,7520
1504,5,C(1504;1;349;581;678;739),6,4.4318030605455752,7520
1504,5,C(1504;1;365;455;519;690),6,4.4318030605455752,7520
