N,K,S,diameter,averageShortestPathLength,edges
1741,5,C(1741;1;12;77;380;639),6,4.5873563218390805,8705
1741,5,C(1741;1;145;382;612;719),6,4.5873563218390805,8705
1741,5,C(1741;1;177;646;747;788),6,4.5873563218390805,8705
1741,5,C(1741;1;289;339;407;664),6,4.5873563218390805,8705
1741,5,C(1741;1;600;643;752;763),6,4.5873563218390805,8705
