N,K,S,diameter,averageShortestPathLength,edges
1966,5,C(1966;1;17;188;731;946),7,4.7104325699745546,9830
1966,5,C(1966;1;35;195;242;409),7,4.7104325699745546,9830
1966,5,C(1966;1;43;60;347;358),7,4.7104325699745546,9830
1966,5,C(1966;1;87;134;423;923),7,4.7104325699745546,9830
1966,5,C(1966;1;101;113;586;615),7,4.7104325699745546,9830
1966,5,C(1966;1;213;337;837;948),7,4.7104325699745546,9830
1966,5,C(1966;1;230;266;511;823),7,4.7104325699745546,9830
