N,K,S,diameter,averageShortestPathLength,edges
1298,5,C(1298;1;72;202;503;628),6,4.2798766383962992,6490
1298,5,C(1298;1;284;292;458;609),6,4.2798766383962992,6490
