N,K,S,diameter,averageShortestPathLength,edges
1917,5,C(1917;1;43;73;578;898),6,4.6837160751565765,9585
1917,5,C(1917;1;119;218;604;866),6,4.6837160751565765,9585
1917,5,C(1917;1;301;469;476;886),6,4.6837160751565765,9585
1917,5,C(1917;1;514;554;748;859),6,4.6837160751565765,9585
1917,5,C(1917;1;535;593;715;737),6,4.6837160751565765,9585
