N,K,S,diameter,averageShortestPathLength,edges
1094,5,C(1094;1;40;129;400;470),6,4.1097895699908511,5470
1094,5,C(1094;1;136;266;441;504),6,4.1097895699908511,5470
