N,K,S,diameter,averageShortestPathLength,edges
1718,5,C(1718;1;107;358;471;545),6,4.5678509027373329,8590
1718,5,C(1718;1;287;445;464;489),6,4.5678509027373329,8590
1718,5,C(1718;1;289;382;397;551),6,4.5678509027373329,8590
1718,5,C(1718;1;431;555;621;696),6,4.5678509027373329,8590
