N,K,S,diameter,averageShortestPathLength,edges
1960,5,C(1960;1;68;457;485;674),7,4.7059724349157737,9800
1960,5,C(1960;1;193;475;596;722),7,4.7059724349157737,9800
