N,K,S,diameter,averageShortestPathLength,edges
1099,5,C(1099;1;58;78;222;324),6,4.1165755919854279,5495
1099,5,C(1099;1;102;386;414;424),6,4.1165755919854279,5495
1099,5,C(1099;1;146;307;360;494),6,4.1165755919854279,5495
1099,5,C(1099;1;155;198;334;341),6,4.1165755919854279,5495
1099,5,C(1099;1;426;447;500;535),6,4.1165755919854279,5495
