N,K,S,diameter,averageShortestPathLength,edges
1053,5,C(1053;1;12;66;139;310),6,4.0722433460076042,5265
1053,5,C(1053;1;29;36;198;246),6,4.0722433460076042,5265
1053,5,C(1053;1;144;261;282;472),6,4.0722433460076042,5265
1053,5,C(1053;1;159;250;348;422),6,4.0722433460076042,5265
1053,5,C(1053;1;214;262;435;462),6,4.0722433460076042,5265
