N,K,S,diameter,averageShortestPathLength,edges
1950,5,C(1950;1;398;412;653;688),6,4.6988199076449462,9750
1950,5,C(1950;1;433;446;734;946),6,4.6988199076449462,9750
