N,K,S,diameter,averageShortestPathLength,edges
1783,5,C(1783;1;139;464;573;722),6,4.6127946127946124,8915
1783,5,C(1783;1;164;342;603;870),6,4.6127946127946124,8915
1783,5,C(1783;1;201;424;585;703),6,4.6127946127946124,8915
1783,5,C(1783;1;343;372;649;804),6,4.6127946127946124,8915
1783,5,C(1783;1;511;539;689;754),6,4.6127946127946124,8915
