N,K,S,diameter,averageShortestPathLength,edges
1942,5,C(1942;1;71;187;833;872),7,4.6944873776403915,9710
1942,5,C(1942;1;125;135;181;742),7,4.6944873776403915,9710
1942,5,C(1942;1;289;387;444;515),7,4.6944873776403915,9710
1942,5,C(1942;1;398;435;465;887),7,4.6944873776403915,9710
