N,K,S,diameter,averageShortestPathLength,edges
1353,5,C(1353;1;108;405;532;600),6,4.3254437869822482,6765
1353,5,C(1353;1;206;456;477;600),6,4.3254437869822482,6765
