N,K,S,diameter,averageShortestPathLength,edges
1305,5,C(1305;1;198;312;573;589),6,4.2852760736196318,6525
1305,5,C(1305;1;402;558;596;642),6,4.2852760736196318,6525
