N,K,S,diameter,averageShortestPathLength,edges
1929,5,C(1929;1;171;184;506;939),6,4.6908713692946060,9645
1929,5,C(1929;1;175;393;669;934),6,4.6908713692946060,9645
1929,5,C(1929;1;325;366;393;485),6,4.6908713692946060,9645
