N,K,S,diameter,averageShortestPathLength,edges
1577,5,C(1577;1;62;231;614;745),6,4.4809644670050766,7885
1577,5,C(1577;1;68;344;355;461),6,4.4809644670050766,7885
1577,5,C(1577;1;141;290;633;756),6,4.4809644670050766,7885
1577,5,C(1577;1;244;408;425;642),6,4.4809644670050766,7885
1577,5,C(1577;1;366;487;573;585),6,4.4809644670050766,7885
