N,K,S,diameter,averageShortestPathLength,edges
1291,5,C(1291;1;29;102;210;403),6,4.2759689922480622,6455
1291,5,C(1291;1;41;89;281;616),6,4.2759689922480622,6455
1291,5,C(1291;1;63;78;371;443),6,4.2759689922480622,6455
1291,5,C(1291;1;78;375;480;547),6,4.2759689922480622,6455
1291,5,C(1291;1;480;487;551;602),6,4.2759689922480622,6455
