N,K,S,diameter,averageShortestPathLength,edges
1690,5,C(1690;1;395;511;636;716),6,4.5553582001184134,8450
1690,5,C(1690;1;535;549;666;686),6,4.5553582001184134,8450
