N,K,S,diameter,averageShortestPathLength,edges
1885,5,C(1885;1;25;59;315;720),6,4.6645435244161355,9425
1885,5,C(1885;1;140;410;639;895),6,4.6645435244161355,9425
