N,K,S,diameter,averageShortestPathLength,edges
1967,5,C(1967;1;156;343;361;961),7,4.7131230925737535,9835
1967,5,C(1967;1;217;425;578;711),7,4.7131230925737535,9835
1967,5,C(1967;1;290;439;624;847),7,4.7131230925737535,9835
1967,5,C(1967;1;553;612;628;911),7,4.7131230925737535,9835
