N,K,S,diameter,averageShortestPathLength,edges
1571,5,C(1571;1;78;141;318;328),6,4.4777070063694264,7855
1571,5,C(1571;1;78;200;332;448),6,4.4777070063694264,7855
1571,5,C(1571;1;91;263;660;757),6,4.4777070063694264,7855
1571,5,C(1571;1;141;542;689;721),6,4.4777070063694264,7855
1571,5,C(1571;1;169;331;459;682),6,4.4777070063694264,7855
