N,K,S,diameter,averageShortestPathLength,edges
1530,5,C(1530;1;40;135;235;381),6,4.4532374100719423,7650
1530,5,C(1530;1;191;240;267;711),6,4.4532374100719423,7650
1530,5,C(1530;1;303;549;570;761),6,4.4532374100719423,7650
1530,5,C(1530;1;320;355;381;455),6,4.4532374100719423,7650
