N,K,S,diameter,averageShortestPathLength,edges
1611,5,C(1611;1;12;420;496;725),6,4.5068322981366462,8055
1611,5,C(1611;1;20;240;254;345),6,4.5068322981366462,8055
1611,5,C(1611;1;39;246;406;463),6,4.5068322981366462,8055
1611,5,C(1611;1;50;343;653;794),6,4.5068322981366462,8055
1611,5,C(1611;1;95;343;412;452),6,4.5068322981366462,8055
1611,5,C(1611;1;113;290;412;728),6,4.5068322981366462,8055
1611,5,C(1611;1;139;317;653;728),6,4.5068322981366462,8055
1611,5,C(1611;1;140;310;407;556),6,4.5068322981366462,8055
