N,K,S,diameter,averageShortestPathLength,edges
1982,5,C(1982;1;319;370;400;467),7,4.7168096920747100,9910
1982,5,C(1982;1;379;492;595;968),7,4.7168096920747100,9910
1982,5,C(1982;1;438;493;539;752),7,4.7168096920747100,9910
