N,K,S,diameter,averageShortestPathLength,edges
1836,5,C(1836;1;41;116;501;633),6,4.6337874659400544,9180
1836,5,C(1836;1;57;105;403;848),6,4.6337874659400544,9180
