N,K,S,diameter,averageShortestPathLength,edges
1873,5,C(1873;1;26;134;487;636),6,4.6581196581196584,9365
1873,5,C(1873;1;41;50;573;792),6,4.6581196581196584,9365
1873,5,C(1873;1;65;321;854;868),6,4.6581196581196584,9365
1873,5,C(1873;1;72;283;523;840),6,4.6581196581196584,9365
1873,5,C(1873;1;503;629;778;849),6,4.6581196581196584,9365
