N,K,S,diameter,averageShortestPathLength,edges
1534,5,C(1534;1;54;248;286;471),6,4.4559686888454015,7670
1534,5,C(1534;1;241;262;338;611),6,4.4559686888454015,7670
1534,5,C(1534;1;286;355;602;762),6,4.4559686888454015,7670
1534,5,C(1534;1;401;429;546;750),6,4.4559686888454015,7670
