N,K,S,diameter,averageShortestPathLength,edges
1834,5,C(1834;1;51;118;266;609),7,4.6388434260774689,9170
1834,5,C(1834;1;290;714;875;899),7,4.6388434260774689,9170
