N,K,S,diameter,averageShortestPathLength,edges
1326,5,C(1326;1;94;102;218;271),6,4.3026415094339621,6630
1326,5,C(1326;1;137;382;612;632),6,4.3026415094339621,6630
