N,K,S,diameter,averageShortestPathLength,edges
1557,5,C(1557;1;20;392;688;702),6,4.4665809768637530,7785
1557,5,C(1557;1;43;271;603;697),6,4.4665809768637530,7785
1557,5,C(1557;1;277;331;432;545),6,4.4665809768637530,7785
1557,5,C(1557;1;316;425;594;715),6,4.4665809768637530,7785
