N,K,S,diameter,averageShortestPathLength,edges
1866,5,C(1866;1;192;241;410;545),6,4.6520107238605899,9330
1866,5,C(1866;1;216;271;281;850),6,4.6520107238605899,9330
1866,5,C(1866;1;366;425;517;754),6,4.6520107238605899,9330
