N,K,S,diameter,averageShortestPathLength,edges
1478,5,C(1478;1;34;166;224;409),6,4.4163845633039944,7390
1478,5,C(1478;1;144;159;210;506),6,4.4163845633039944,7390
