N,K,S,diameter,averageShortestPathLength,edges
1045,5,C(1045;1;14;36;205;295),6,4.0670498084291191,5225
1045,5,C(1045;1;15;40;178;444),6,4.0670498084291191,5225
1045,5,C(1045;1;29;195;325;406),6,4.0670498084291191,5225
1045,5,C(1045;1;35;182;343;405),6,4.0670498084291191,5225
1045,5,C(1045;1;60;224;245;296),6,4.0670498084291191,5225
1045,5,C(1045;1;120;320;426;457),6,4.0670498084291191,5225
