N,K,S,diameter,averageShortestPathLength,edges
1954,5,C(1954;1;81;329;861;920),7,4.7009728622631846,9770
1954,5,C(1954;1;83;193;254;969),7,4.7009728622631846,9770
1954,5,C(1954;1;276;621;855;879),7,4.7009728622631846,9770
1954,5,C(1954;1;365;379;565;868),7,4.7009728622631846,9770
