N,K,S,diameter,averageShortestPathLength,edges
1568,5,C(1568;1;25;113;624;707),6,4.4786215698787490,7840
1568,5,C(1568;1;68;240;525;575),6,4.4786215698787490,7840
1568,5,C(1568;1;77;111;272;361),6,4.4786215698787490,7840
1568,5,C(1568;1;91;439;464;569),6,4.4786215698787490,7840
1568,5,C(1568;1;464;548;749;769),6,4.4786215698787490,7840
