N,K,S,diameter,averageShortestPathLength,edges
1989,5,C(1989;1;42;448;696;956),6,4.7203219315895373,9945
1989,5,C(1989;1;73;443;455;569),6,4.7203219315895373,9945
1989,5,C(1989;1;105;233;435;626),6,4.7203219315895373,9945
1989,5,C(1989;1;109;130;362;551),6,4.7203219315895373,9945
1989,5,C(1989;1;127;148;220;650),6,4.7203219315895373,9945
1989,5,C(1989;1;310;350;903;948),6,4.7203219315895373,9945
1989,5,C(1989;1;500;637;797;971),6,4.7203219315895373,9945
