N,K,S,diameter,averageShortestPathLength,edges
1921,5,C(1921;1;77;185;286;536),7,4.6864583333333334,9605
1921,5,C(1921;1;95;319;395;893),7,4.6864583333333334,9605
1921,5,C(1921;1;182;428;759;813),7,4.6864583333333334,9605
1921,5,C(1921;1;193;491;548;613),7,4.6864583333333334,9605
1921,5,C(1921;1;474;492;676;827),7,4.6864583333333334,9605
