N,K,S,diameter,averageShortestPathLength,edges
1943,5,C(1943;1;120;369;435;579),7,4.6982492276004120,9715
1943,5,C(1943;1;261;349;543;866),7,4.6982492276004120,9715
1943,5,C(1943;1;337;363;823;870),7,4.6982492276004120,9715
1943,5,C(1943;1;442;725;761;926),7,4.6982492276004120,9715
