N,K,S,diameter,averageShortestPathLength,edges
1144,5,C(1144;1;110;155;321;563),6,4.1531058617672789,5720
1144,5,C(1144;1;155;242;335;445),6,4.1531058617672789,5720
