N,K,S,diameter,averageShortestPathLength,edges
1831,5,C(1831;1;195;626;635;713),7,4.6393442622950820,9155
1831,5,C(1831;1;232;297;745;755),7,4.6393442622950820,9155
1831,5,C(1831;1;238;494;554;745),7,4.6393442622950820,9155
1831,5,C(1831;1;388;494;513;857),7,4.6393442622950820,9155
1831,5,C(1831;1;420;577;598;767),7,4.6393442622950820,9155
