N,K,S,diameter,averageShortestPathLength,edges
1888,5,C(1888;1;88;573;672;726),7,4.6677265500794913,9440
1888,5,C(1888;1;110;616;715;928),7,4.6677265500794913,9440
