N,K,S,diameter,averageShortestPathLength,edges
1450,5,C(1450;1;26;93;324;567),6,4.3954451345755690,7250
1450,5,C(1450;1;181;218;343;518),6,4.3954451345755690,7250
1450,5,C(1450;1;578;622;647;721),6,4.3954451345755690,7250
