N,K,S,diameter,averageShortestPathLength,edges
1841,5,C(1841;1;55;290;556;598),6,4.6445652173913041,9205
1841,5,C(1841;1;99;114;153;705),6,4.6445652173913041,9205
1841,5,C(1841;1;144;340;636;759),6,4.6445652173913041,9205
1841,5,C(1841;1;149;734;831;867),6,4.6445652173913041,9205
1841,5,C(1841;1;222;565;671;874),6,4.6445652173913041,9205
