N,K,S,diameter,averageShortestPathLength,edges
1114,5,C(1114;1;158;174;360;443),6,4.1284815813117701,5570
1114,5,C(1114;1;171;282;290;324),6,4.1284815813117701,5570
