N,K,S,diameter,averageShortestPathLength,edges
1754,5,C(1754;1;40;363;460;576),6,4.5932686822589845,8770
1754,5,C(1754;1;198;306;354;575),6,4.5932686822589845,8770
