N,K,S,diameter,averageShortestPathLength,edges
1865,5,C(1865;1;76;416;562;927),7,4.6555793991416312,9325
1865,5,C(1865;1;132;448;478;599),7,4.6555793991416312,9325
1865,5,C(1865;1;238;289;319;822),7,4.6555793991416312,9325
1865,5,C(1865;1;399;438;484;603),7,4.6555793991416312,9325
1865,5,C(1865;1;433;576;678;692),7,4.6555793991416312,9325
