N,K,S,diameter,averageShortestPathLength,edges
1986,5,C(1986;1;225;281;602;814),7,4.7198992443324936,9930
1986,5,C(1986;1;501;523;718;928),7,4.7198992443324936,9930
