N,K,S,diameter,averageShortestPathLength,edges
1511,5,C(1511;1;34;452;615;635),6,4.4410596026490063,7555
1511,5,C(1511;1;117;256;555;573),6,4.4410596026490063,7555
1511,5,C(1511;1;152;293;400;520),6,4.4410596026490063,7555
1511,5,C(1511;1;169;242;346;395),6,4.4410596026490063,7555
1511,5,C(1511;1;285;345;385;624),6,4.4410596026490063,7555
