N,K,S,diameter,averageShortestPathLength,edges
1998,5,C(1998;1;91;326;921;939),6,4.7230846269404108,9990
1998,5,C(1998;1;429;505;669;794),6,4.7230846269404108,9990
