N,K,S,diameter,averageShortestPathLength,edges
1853,5,C(1853;1;48;346;590;809),6,4.6522678185745141,9265
1853,5,C(1853;1;70;193;485;837),6,4.6522678185745141,9265
1853,5,C(1853;1;241;404;450;491),6,4.6522678185745141,9265
1853,5,C(1853;1;281;344;481;852),6,4.6522678185745141,9265
1853,5,C(1853;1;434;699;735;826),6,4.6522678185745141,9265
