N,K,S,diameter,averageShortestPathLength,edges
1238,5,C(1238;1;147;208;304;488),6,4.2312045270816494,6190
1238,5,C(1238;1;440;539;546;576),6,4.2312045270816494,6190
