N,K,S,diameter,averageShortestPathLength,edges
1719,5,C(1719;1;36;367;378;798),6,4.5715948777648432,8595
1719,5,C(1719;1;54;79;544;691),6,4.5715948777648432,8595
1719,5,C(1719;1;79;419;635;828),6,4.5715948777648432,8595
1719,5,C(1719;1;117;160;179;607),6,4.5715948777648432,8595
1719,5,C(1719;1;117;369;588;815),6,4.5715948777648432,8595
1719,5,C(1719;1;153;268;544;557),6,4.5715948777648432,8595
