N,K,S,diameter,averageShortestPathLength,edges
1889,5,C(1889;1;29;169;204;865),6,4.6716101694915251,9445
1889,5,C(1889;1;102;399;713;931),6,4.6716101694915251,9445
1889,5,C(1889;1;140;297;810;832),6,4.6716101694915251,9445
1889,5,C(1889;1;303;632;682;693),6,4.6716101694915251,9445
1889,5,C(1889;1;361;385;456;463),6,4.6716101694915251,9445
