N,K,S,diameter,averageShortestPathLength,edges
1913,5,C(1913;1;53;274;400;865),6,4.6830543933054392,9565
1913,5,C(1913;1;88;115;356;902),6,4.6830543933054392,9565
1913,5,C(1913;1;91;110;468;500),6,4.6830543933054392,9565
1913,5,C(1913;1;384;560;691;702),6,4.6830543933054392,9565
1913,5,C(1913;1;489;758;825;946),6,4.6830543933054392,9565
