N,K,S,diameter,averageShortestPathLength,edges
1262,5,C(1262;1;47;55;182;570),6,4.2529738302934179,6310
1262,5,C(1262;1;122;236;404;559),6,4.2529738302934179,6310
1262,5,C(1262;1;149;172;380;510),6,4.2529738302934179,6310
1262,5,C(1262;1;413;481;554;584),6,4.2529738302934179,6310
1262,5,C(1262;1;509;537;560;576),6,4.2529738302934179,6310
