N,K,S,diameter,averageShortestPathLength,edges
1948,5,C(1948;1;15;50;328;548),7,4.7015921931176168,9740
1948,5,C(1948;1;108;556;646;909),7,4.7015921931176168,9740
