N,K,S,diameter,averageShortestPathLength,edges
1028,5,C(1028;1;28;106;225;510),6,4.0496592015579358,5140
1028,5,C(1028;1;224;265;334;482),6,4.0496592015579358,5140
