N,K,S,diameter,averageShortestPathLength,edges
1606,5,C(1606;1;102;346;727;748),6,4.5028037383177573,8030
1606,5,C(1606;1;243;286;566;696),6,4.5028037383177573,8030
