N,K,S,diameter,averageShortestPathLength,edges
1573,5,C(1573;1;47;248;475;511),6,4.4758269720101778,7865
1573,5,C(1573;1;59;186;222;577),6,4.4758269720101778,7865
1573,5,C(1573;1;80;457;543;723),6,4.4758269720101778,7865
1573,5,C(1573;1;123;229;502;646),6,4.4758269720101778,7865
1573,5,C(1573;1;161;296;354;665),6,4.4758269720101778,7865
