N,K,S,diameter,averageShortestPathLength,edges
1189,5,C(1189;1;14;284;343;435),6,4.1936026936026938,5945
1189,5,C(1189;1;29;52;461;500),6,4.1936026936026938,5945
1189,5,C(1189;1;85;116;360;570),6,4.1936026936026938,5945
1189,5,C(1189;1;145;314;360;497),6,4.1936026936026938,5945
