N,K,S,diameter,averageShortestPathLength,edges
1789,5,C(1789;1;30;132;258;536),6,4.6107382550335574,8945
1789,5,C(1789;1;67;113;257;554),6,4.6107382550335574,8945
1789,5,C(1789;1;95;631;749;791),6,4.6107382550335574,8945
1789,5,C(1789;1;242;267;569;637),6,4.6107382550335574,8945
1789,5,C(1789;1;656;707;720;817),6,4.6107382550335574,8945
