N,K,S,diameter,averageShortestPathLength,edges
1412,5,C(1412;1;52;64;175;439),6,4.3671155209071584,7060
1412,5,C(1412;1;175;428;436;589),6,4.3671155209071584,7060
1412,5,C(1412;1;180;431;589;656),6,4.3671155209071584,7060
