N,K,S,diameter,averageShortestPathLength,edges
1544,5,C(1544;1;11;167;232;752),6,4.4633830200907321,7720
1544,5,C(1544;1;53;148;280;621),6,4.4633830200907321,7720
1544,5,C(1544;1;72;400;421;717),6,4.4633830200907321,7720
1544,5,C(1544;1;172;367;384;437),6,4.4633830200907321,7720
1544,5,C(1544;1;198;486;613;746),6,4.4633830200907321,7720
1544,5,C(1544;1;230;403;442;494),6,4.4633830200907321,7720
1544,5,C(1544;1;264;316;363;711),6,4.4633830200907321,7720
1544,5,C(1544;1;288;379;504;527),6,4.4633830200907321,7720
