N,K,S,diameter,averageShortestPathLength,edges
1941,5,C(1941;1;8;214;282;399),6,4.6969072164948455,9705
1941,5,C(1941;1;219;254;517;537),6,4.6969072164948455,9705
1941,5,C(1941;1;450;512;678;728),6,4.6969072164948455,9705
