N,K,S,diameter,averageShortestPathLength,edges
1150,5,C(1150;1;42;93;448;521),6,4.1592689295039165,5750
1150,5,C(1150;1;116;225;299;431),6,4.1592689295039165,5750
1150,5,C(1150;1;181;417;448;562),6,4.1592689295039165,5750
1150,5,C(1150;1;325;464;529;571),6,4.1592689295039165,5750
1150,5,C(1150;1;353;507;556;564),6,4.1592689295039165,5750
