N,K,S,diameter,averageShortestPathLength,edges
1359,5,C(1359;1;24;112;205;330),6,4.3298969072164946,6795
1359,5,C(1359;1;182;264;291;617),6,4.3298969072164946,6795
1359,5,C(1359;1;363;511;570;590),6,4.3298969072164946,6795
