N,K,S,diameter,averageShortestPathLength,edges
1801,5,C(1801;1;73;467;488;589),6,4.6200000000000001,9005
1801,5,C(1801;1;74;92;339;362),6,4.6200000000000001,9005
1801,5,C(1801;1;85;153;616;887),6,4.6200000000000001,9005
1801,5,C(1801;1;149;159;412;801),6,4.6200000000000001,9005
1801,5,C(1801;1;278;646;728;823),6,4.6200000000000001,9005
