N,K,S,diameter,averageShortestPathLength,edges
1030,5,C(1030;1;18;102;146;467),6,4.0495626822157433,5150
1030,5,C(1030;1;64;282;324;397),6,4.0495626822157433,5150
