N,K,S,diameter,averageShortestPathLength,edges
1066,5,C(1066;1;88;193;270;318),6,4.0835680751173706,5330
1066,5,C(1066;1;226;322;330;475),6,4.0835680751173706,5330
