N,K,S,diameter,averageShortestPathLength,edges
1322,5,C(1322;1;70;163;552;640),6,4.3012869038607118,6610
1322,5,C(1322;1;73;178;450;636),6,4.3012869038607118,6610
