N,K,S,diameter,averageShortestPathLength,edges
1898,5,C(1898;1;33;225;424;895),7,4.6736953083816548,9490
1898,5,C(1898;1;115;433;588;697),7,4.6736953083816548,9490
1898,5,C(1898;1;123;263;795;906),7,4.6736953083816548,9490
1898,5,C(1898;1;177;314;523;721),7,4.6736953083816548,9490
