N,K,S,diameter,averageShortestPathLength,edges
1903,5,C(1903;1;11;212;287;749),6,4.6771819137749739,9515
1903,5,C(1903;1;14;484;606;736),6,4.6771819137749739,9515
1903,5,C(1903;1;136;587;763;781),6,4.6771819137749739,9515
1903,5,C(1903;1;201;694;780;935),6,4.6771819137749739,9515
