N,K,S,diameter,averageShortestPathLength,edges
1994,5,C(1994;1;200;368;462;679),6,4.7210235825388862,9970
1994,5,C(1994;1;246;728;814;881),6,4.7210235825388862,9970
