N,K,S,diameter,averageShortestPathLength,edges
1664,5,C(1664;1;60;76;322;691),6,4.5351773902585686,8320
1664,5,C(1664;1;212;508;694;773),6,4.5351773902585686,8320
