N,K,S,diameter,averageShortestPathLength,edges
1565,5,C(1565;1;29;557;624;774),6,4.4718670076726346,7825
1565,5,C(1565;1;54;343;459;734),6,4.4718670076726346,7825
1565,5,C(1565;1;73;372;642;753),6,4.4718670076726346,7825
1565,5,C(1565;1;74;122;469;484),6,4.4718670076726346,7825
1565,5,C(1565;1;184;571;641;763),6,4.4718670076726346,7825
