N,K,S,diameter,averageShortestPathLength,edges
1809,5,C(1809;1;48;446;557;815),6,4.6238938053097343,9045
1809,5,C(1809;1;197;461;475;717),6,4.6238938053097343,9045
1809,5,C(1809;1;237;310;436;721),6,4.6238938053097343,9045
1809,5,C(1809;1;434;668;854;876),6,4.6238938053097343,9045
