N,K,S,diameter,averageShortestPathLength,edges
1050,5,C(1050;1;10;143;217;243),6,4.0724499523355577,5250
1050,5,C(1050;1;119;257;470;501),6,4.0724499523355577,5250
