N,K,S,diameter,averageShortestPathLength,edges
1479,5,C(1479;1;116;238;422;670),6,4.4154262516914748,7395
1479,5,C(1479;1;203;323;368;433),6,4.4154262516914748,7395
1479,5,C(1479;1;304;406;532;578),6,4.4154262516914748,7395
