N,K,S,diameter,averageShortestPathLength,edges
1864,5,C(1864;1;88;154;361;738),7,4.6564680622651640,9320
1864,5,C(1864;1;537;656;682;726),7,4.6564680622651640,9320
