N,K,S,diameter,averageShortestPathLength,edges
1845,5,C(1845;1;41;106;201;555),6,4.6442516268980478,9225
1845,5,C(1845;1;294;510;574;644),6,4.6442516268980478,9225
