N,K,S,diameter,averageShortestPathLength,edges
1674,5,C(1674;1;326;583;717;810),6,4.5439330543933059,8370
1674,5,C(1674;1;491;507;638;702),6,4.5439330543933059,8370
