N,K,S,diameter,averageShortestPathLength,edges
1856,5,C(1856;1;41;288;525;736),6,4.6517520215633423,9280
1856,5,C(1856;1;96;251;845;864),6,4.6517520215633423,9280
1856,5,C(1856;1;123;480;672;679),6,4.6517520215633423,9280
