N,K,S,diameter,averageShortestPathLength,edges
1060,5,C(1060;1;34;191;358;438),6,4.0793201133144477,5300
1060,5,C(1060;1;111;142;466;518),6,4.0793201133144477,5300
