N,K,S,diameter,averageShortestPathLength,edges
1949,5,C(1949;1;51;61;328;824),7,4.7022587268993838,9745
1949,5,C(1949;1;70;366;498;535),7,4.7022587268993838,9745
1949,5,C(1949;1;306;544;639;900),7,4.7022587268993838,9745
1949,5,C(1949;1;327;410;529;663),7,4.7022587268993838,9745
1949,5,C(1949;1;341;414;518;868),7,4.7022587268993838,9745
