N,K,S,diameter,averageShortestPathLength,edges
1574,5,C(1574;1;69;118;480;628),6,4.4806102987921168,7870
1574,5,C(1574;1;365;486;572;584),6,4.4806102987921168,7870
