N,K,S,diameter,averageShortestPathLength,edges
1061,5,C(1061;1;27;131;178;194),6,4.0811320754716984,5305
1061,5,C(1061;1;65;81;201;436),6,4.0811320754716984,5305
1061,5,C(1061;1;72;150;393;506),6,4.0811320754716984,5305
1061,5,C(1061;1;280;304;440;494),6,4.0811320754716984,5305
1061,5,C(1061;1;290;322;340;443),6,4.0811320754716984,5305
