N,K,S,diameter,averageShortestPathLength,edges
1971,5,C(1971;1;21;294;511;920),6,4.7116751269035531,9855
1971,5,C(1971;1;105;501;662;730),6,4.7116751269035531,9855
1971,5,C(1971;1;252;281;414;868),6,4.7116751269035531,9855
1971,5,C(1971;1;261;441;452;491),6,4.7116751269035531,9855
1971,5,C(1971;1;266;441;520;954),6,4.7116751269035531,9855
