N,K,S,diameter,averageShortestPathLength,edges
1098,5,C(1098;1;9;141;227;382),6,4.1121239744758435,5490
1098,5,C(1098;1;159;200;387;445),6,4.1121239744758435,5490
