N,K,S,diameter,averageShortestPathLength,edges
1816,5,C(1816;1;84;160;221;804),6,4.6292011019283743,9080
1816,5,C(1816;1;189;468;588;632),6,4.6292011019283743,9080
