N,K,S,diameter,averageShortestPathLength,edges
1686,5,C(1686;1;67;83;291;570),6,4.5531157270029672,8430
1686,5,C(1686;1;76;146;617;640),6,4.5531157270029672,8430
1686,5,C(1686;1;84;105;151;731),6,4.5531157270029672,8430
1686,5,C(1686;1;143;159;210;325),6,4.5531157270029672,8430
1686,5,C(1686;1;235;346;590;686),6,4.5531157270029672,8430
