N,K,S,diameter,averageShortestPathLength,edges
1840,5,C(1840;1;190;367;580;661),6,4.6405655247417075,9200
1840,5,C(1840;1;190;443;580;737),6,4.6405655247417075,9200
1840,5,C(1840;1;390;579;893;900),6,4.6405655247417075,9200
