N,K,S,diameter,averageShortestPathLength,edges
1092,5,C(1092;1;39;85;345;496),6,4.1081576535288722,5460
1092,5,C(1092;1;39;160;167;261),6,4.1081576535288722,5460
