N,K,S,diameter,averageShortestPathLength,edges
1481,5,C(1481;1;8;104;514;675),6,4.4148648648648647,7405
1481,5,C(1481;1;13;185;306;471),6,4.4148648648648647,7405
1481,5,C(1481;1;92;121;170;713),6,4.4148648648648647,7405
1481,5,C(1481;1;114;356;378;660),6,4.4148648648648647,7405
1481,5,C(1481;1;239;588;667;727),6,4.4148648648648647,7405
