N,K,S,diameter,averageShortestPathLength,edges
1980,5,C(1980;1;56;595;742;773),6,4.7150075795856496,9900
1980,5,C(1980;1;128;706;865;917),6,4.7150075795856496,9900
