N,K,S,diameter,averageShortestPathLength,edges
1733,5,C(1733;1;15;186;669;799),6,4.5796766743648964,8665
1733,5,C(1733;1;210;382;531;807),6,4.5796766743648964,8665
1733,5,C(1733;1;231;302;359;862),6,4.5796766743648964,8665
1733,5,C(1733;1;318;629;770;850),6,4.5796766743648964,8665
1733,5,C(1733;1;373;466;487;812),6,4.5796766743648964,8665
