N,K,S,diameter,averageShortestPathLength,edges
2033,5,C(2033;1;60;170;264;719),6,4.7391732283464565,10165
2033,5,C(2033;1;82;291;715;854),6,4.7391732283464565,10165
2033,5,C(2033;1;236;277;446;978),6,4.7391732283464565,10165
2033,5,C(2033;1;336;411;576;588),6,4.7391732283464565,10165
2033,5,C(2033;1;478;510;743;873),6,4.7391732283464565,10165
