N,K,S,diameter,averageShortestPathLength,edges
2028,5,C(2028;1;113;323;685;862),7,4.7395165268870247,10140
2028,5,C(2028;1;118;341;365;631),7,4.7395165268870247,10140
2028,5,C(2028;1;383;418;691;743),7,4.7395165268870247,10140
2028,5,C(2028;1;565;601;922;989),7,4.7395165268870247,10140
