N,K,S,diameter,averageShortestPathLength,edges
2157,5,C(2157;1;52;66;319;923),7,4.8033395176252318,10785
2157,5,C(2157;1;142;511;744;913),7,4.8033395176252318,10785
2157,5,C(2157;1;215;395;439;909),7,4.8033395176252318,10785
2157,5,C(2157;1;557;582;782;1037),7,4.8033395176252318,10785
