N,K,S,diameter,averageShortestPathLength,edges
2504,5,C(2504;1;168;581;602;712),7,4.9596484218937276,12520
2504,5,C(2504;1;542;664;1099;1240),7,4.9596484218937276,12520
