N,K,S,diameter,averageShortestPathLength,edges
2547,5,C(2547;1;148;319;769;873),7,4.9795758051846031,12735
2547,5,C(2547;1;325;520;550;594),7,4.9795758051846031,12735
2547,5,C(2547;1;378;511;721;782),7,4.9795758051846031,12735
2547,5,C(2547;1;740;811;918;1079),7,4.9795758051846031,12735
