N,K,S,diameter,averageShortestPathLength,edges
2122,5,C(2122;1;154;215;591;606),7,4.7817067421027817,10610
2122,5,C(2122;1;227;368;471;1006),7,4.7817067421027817,10610
2122,5,C(2122;1;238;833;847;962),7,4.7817067421027817,10610
