N,K,S,diameter,averageShortestPathLength,edges
2100,5,C(2100;1;73;169;523;566),7,4.7675083373034779,10500
2100,5,C(2100;1;151;842;863;947),7,4.7675083373034779,10500
2100,5,C(2100;1;233;314;671;683),7,4.7675083373034779,10500
2100,5,C(2100;1;242;703;751;787),7,4.7675083373034779,10500
