N,K,S,diameter,averageShortestPathLength,edges
2027,5,C(2027;1;192;544;761;847),7,4.7423494570582427,10135
2027,5,C(2027;1;205;335;450;644),7,4.7423494570582427,10135
2027,5,C(2027;1;245;280;295;969),7,4.7423494570582427,10135
2027,5,C(2027;1;247;509;578;968),7,4.7423494570582427,10135
2027,5,C(2027;1;585;755;835;907),7,4.7423494570582427,10135
