N,K,S,diameter,averageShortestPathLength,edges
2108,5,C(2108;1;132;439;1003;1020),7,4.7721879449454203,10540
2108,5,C(2108;1;204;533;792;833),7,4.7721879449454203,10540
