N,K,S,diameter,averageShortestPathLength,edges
2613,5,C(2613;1;58;433;713;1115),7,5.0076569678407354,13065
2613,5,C(2613;1;151;425;982;1219),7,5.0076569678407354,13065
2613,5,C(2613;1;166;1006;1064;1153),7,5.0076569678407354,13065
2613,5,C(2613;1;200;656;769;1147),7,5.0076569678407354,13065
2613,5,C(2613;1;398;695;856;1114),7,5.0076569678407354,13065
