N,K,S,diameter,averageShortestPathLength,edges
2126,5,C(2126;1;56;87;270;910),7,4.7849411764705883,10630
2126,5,C(2126;1;391;636;730;768),7,4.7849411764705883,10630
