N,K,S,diameter,averageShortestPathLength,edges
2576,5,C(2576;1;76;83;820;1114),7,4.9902912621359219,12880
2576,5,C(2576;1;510;869;932;972),7,4.9902912621359219,12880
