N,K,S,diameter,averageShortestPathLength,edges
2552,5,C(2552;1;522;737;813;1056),7,4.9792238337906705,12760
2552,5,C(2552;1;539;754;813;1056),7,4.9792238337906705,12760
