N,K,S,diameter,averageShortestPathLength,edges
2016,5,C(2016;1;95;154;638;752),7,4.7320099255583123,10080
2016,5,C(2016;1;191;496;826;898),7,4.7320099255583123,10080
