N,K,S,diameter,averageShortestPathLength,edges
2153,5,C(2153;1;87;493;518;704),7,4.8020446096654279,10765
2153,5,C(2153;1;99;390;712;800),7,4.8020446096654279,10765
2153,5,C(2153;1;279;315;458;584),7,4.8020446096654279,10765
2153,5,C(2153;1;403;550;587;1010),7,4.8020446096654279,10765
2153,5,C(2153;1;872;904;1013;1071),7,4.8020446096654279,10765
