N,K,S,diameter,averageShortestPathLength,edges
2040,5,C(2040;1;28;145;307;899),7,4.7454634624816086,10200
2040,5,C(2040;1;59;247;388;395),7,4.7454634624816086,10200
2040,5,C(2040;1;223;365;844;917),7,4.7454634624816086,10200
