N,K,S,diameter,averageShortestPathLength,edges
2590,5,C(2590;1;17;297;338;794),7,4.9934337582078019,12950
2590,5,C(2590;1;258;457;934;1049),7,4.9934337582078019,12950
2590,5,C(2590;1;279;538;593;1004),7,4.9934337582078019,12950
