N,K,S,diameter,averageShortestPathLength,edges
2106,5,C(2106;1;103;130;525;1035),7,4.7738717339667458,10530
2106,5,C(2106;1;603;676;915;961),7,4.7738717339667458,10530
