N,K,S,diameter,averageShortestPathLength,edges
2534,5,C(2534;1;129;693;941;1092),7,4.9699960521121200,12670
2534,5,C(2534;1;275;307;525;1246),7,4.9699960521121200,12670
2534,5,C(2534;1;392;719;931;1007),7,4.9699960521121200,12670
