N,K,S,diameter,averageShortestPathLength,edges
2039,5,C(2039;1;109;363;429;445),7,4.7477919528949952,10195
2039,5,C(2039;1;156;348;404;822),7,4.7477919528949952,10195
2039,5,C(2039;1;191;318;789;819),7,4.7477919528949952,10195
2039,5,C(2039;1;230;264;782;928),7,4.7477919528949952,10195
2039,5,C(2039;1;352;416;600;866),7,4.7477919528949952,10195
