N,K,S,diameter,averageShortestPathLength,edges
2538,5,C(2538;1;146;248;383;604),7,4.9672841939298387,12690
2538,5,C(2538;1;497;704;1040;1106),7,4.9672841939298387,12690
