N,K,S,diameter,averageShortestPathLength,edges
2008,5,C(2008;1;27;139;294;888),7,4.7254608868958643,10040
2008,5,C(2008;1;234;256;377;595),7,4.7254608868958643,10040
2008,5,C(2008;1;512;751;939;970),7,4.7254608868958643,10040
