N,K,S,diameter,averageShortestPathLength,edges
2523,5,C(2523;1;11;281;881;995),7,4.9659000793021413,12615
2523,5,C(2523;1;14;130;610;862),7,4.9659000793021413,12615
2523,5,C(2523;1;71;233;524;781),7,4.9659000793021413,12615
2523,5,C(2523;1;404;422;901;1072),7,4.9659000793021413,12615
2523,5,C(2523;1;608;688;827;943),7,4.9659000793021413,12615
