N,K,S,diameter,averageShortestPathLength,edges
2009,5,C(2009;1;23;124;312;634),6,4.7310756972111552,10045
2009,5,C(2009;1;45;264;592;629),6,4.7310756972111552,10045
2009,5,C(2009;1;81;146;845;880),6,4.7310756972111552,10045
2009,5,C(2009;1;262;344;625;639),6,4.7310756972111552,10045
2009,5,C(2009;1;710;741;751;808),6,4.7310756972111552,10045
