N,K,S,diameter,averageShortestPathLength,edges
2518,5,C(2518;1;23;876;953;1229),7,4.9638458482320225,12590
2518,5,C(2518;1;219;275;287;476),7,4.9638458482320225,12590
2518,5,C(2518;1;244;465;543;1115),7,4.9638458482320225,12590
2518,5,C(2518;1;293;978;997;1217),7,4.9638458482320225,12590
