N,K,S,diameter,averageShortestPathLength,edges
2569,5,C(2569;1;52;215;677;718),7,4.9844236760124607,12845
2569,5,C(2569;1;85;234;247;844),7,4.9844236760124607,12845
2569,5,C(2569;1;187;516;998;1226),7,4.9844236760124607,12845
2569,5,C(2569;1;272;390;577;927),7,4.9844236760124607,12845
2569,5,C(2569;1;466;505;618;1111),7,4.9844236760124607,12845
