N,K,S,diameter,averageShortestPathLength,edges
2514,5,C(2514;1;99;330;800;968),7,4.9621965777954635,12570
2514,5,C(2514;1;172;228;439;735),7,4.9621965777954635,12570
2514,5,C(2514;1;240;351;578;859),7,4.9621965777954635,12570
