N,K,S,diameter,averageShortestPathLength,edges
2094,5,C(2094;1;19;491;614;785),7,4.7725752508361206,10470
2094,5,C(2094;1;145;661;749;1012),7,4.7725752508361206,10470
2094,5,C(2094;1;362;917;971;1043),7,4.7725752508361206,10470
2094,5,C(2094;1;415;551;914;923),7,4.7725752508361206,10470
