N,K,S,diameter,averageShortestPathLength,edges
2114,5,C(2114;1;17;63;606;974),7,4.7818267865593942,10570
2114,5,C(2114;1;160;245;306;373),7,4.7818267865593942,10570
