N,K,S,diameter,averageShortestPathLength,edges
2564,5,C(2564;1;23;122;356;795),7,4.9863441279750296,12820
2564,5,C(2564;1;96;223;369;998),7,4.9863441279750296,12820
2564,5,C(2564;1;203;589;938;1154),7,4.9863441279750296,12820
2564,5,C(2564;1;442;487;945;980),7,4.9863441279750296,12820
2564,5,C(2564;1;581;1154;1197;1270),7,4.9863441279750296,12820
2564,5,C(2564;1;890;1101;1190;1245),7,4.9863441279750296,12820
