N,K,S,diameter,averageShortestPathLength,edges
2047,5,C(2047;1;39;365;837;1011),7,4.7487781036168135,10235
2047,5,C(2047;1;85;722;737;848),7,4.7487781036168135,10235
2047,5,C(2047;1;105;136;289;568),7,4.7487781036168135,10235
2047,5,C(2047;1;225;245;258;587),7,4.7487781036168135,10235
2047,5,C(2047;1;544;659;746;894),7,4.7487781036168135,10235
