N,K,S,diameter,averageShortestPathLength,edges
2591,5,C(2591;1;32;41;466;742),7,4.9938223938223940,12955
2591,5,C(2591;1;81;509;730;1119),7,4.9938223938223940,12955
2591,5,C(2591;1;139;502;517;734),7,4.9938223938223940,12955
2591,5,C(2591;1;160;192;845;1079),7,4.9938223938223940,12955
2591,5,C(2591;1;252;316;431;1282),7,4.9938223938223940,12955
