N,K,S,diameter,averageShortestPathLength,edges
2545,5,C(2545;1;36;706;1153;1216),7,4.9748427672955975,12725
2545,5,C(2545;1;161;249;887;919),7,4.9748427672955975,12725
2545,5,C(2545;1;373;788;1027;1257),7,4.9748427672955975,12725
2545,5,C(2545;1;411;539;622;1049),7,4.9748427672955975,12725
2545,5,C(2545;1;879;903;1001;1036),7,4.9748427672955975,12725
