N,K,S,diameter,averageShortestPathLength,edges
2061,5,C(2061;1;76;266;717;770),7,4.7572815533980579,10305
2061,5,C(2061;1;174;248;289;301),7,4.7572815533980579,10305
2061,5,C(2061;1;222;431;883;1015),7,4.7572815533980579,10305
2061,5,C(2061;1;241;406;425;714),7,4.7572815533980579,10305
2061,5,C(2061;1;249;271;805;869),7,4.7572815533980579,10305
2061,5,C(2061;1;268;493;665;780),7,4.7572815533980579,10305
2061,5,C(2061;1;332;339;538;899),7,4.7572815533980579,10305
2061,5,C(2061;1;461;478;777;1027),7,4.7572815533980579,10305
