N,K,S,diameter,averageShortestPathLength,edges
2152,5,C(2152;1;202;210;253;322),7,4.7996280799628082,10760
2152,5,C(2152;1;290;390;723;962),7,4.7996280799628082,10760
