N,K,S,diameter,averageShortestPathLength,edges
2097,5,C(2097;1;20;144;358;496),7,4.7757633587786259,10485
2097,5,C(2097;1;41;387;634;820),7,4.7757633587786259,10485
2097,5,C(2097;1;43;135;334;389),7,4.7757633587786259,10485
2097,5,C(2097;1;55;129;247;1004),7,4.7757633587786259,10485
2097,5,C(2097;1;58;157;305;498),7,4.7757633587786259,10485
2097,5,C(2097;1;187;361;416;858),7,4.7757633587786259,10485
2097,5,C(2097;1;395;470;754;804),7,4.7757633587786259,10485
2097,5,C(2097;1;647;734;814;846),7,4.7757633587786259,10485
