N,K,S,diameter,averageShortestPathLength,edges
2587,5,C(2587;1;15;442;493;743),7,4.9938128383604026,12935
2587,5,C(2587;1;32;383;571;1131),7,4.9938128383604026,12935
2587,5,C(2587;1;63;1039;1051;1248),7,4.9938128383604026,12935
2587,5,C(2587;1;143;222;345;657),7,4.9938128383604026,12935
