N,K,S,diameter,averageShortestPathLength,edges
2063,5,C(2063;1;40;143;338;645),7,4.7575169738118328,10315
2063,5,C(2063;1;43;565;596;981),7,4.7575169738118328,10315
2063,5,C(2063;1;45;128;669;822),7,4.7575169738118328,10315
2063,5,C(2063;1;48;274;301;361),7,4.7575169738118328,10315
2063,5,C(2063;1;177;555;700;891),7,4.7575169738118328,10315
