N,K,S,diameter,averageShortestPathLength,edges
2064,5,C(2064;1;196;322;668;917),7,4.7581192438196798,10320
2064,5,C(2064;1;410;691;748;788),7,4.7581192438196798,10320
