N,K,S,diameter,averageShortestPathLength,edges
2029,5,C(2029;1;17;481;829;891),7,4.7366863905325447,10145
2029,5,C(2029;1;19;471;722;793),7,4.7366863905325447,10145
2029,5,C(2029;1;38;82;534;599),7,4.7366863905325447,10145
2029,5,C(2029;1;56;148;230;965),7,4.7366863905325447,10145
2029,5,C(2029;1;267;358;425;548),7,4.7366863905325447,10145
