N,K,S,diameter,averageShortestPathLength,edges
2549,5,C(2549;1;173;802;844;1140),7,4.9748822605965461,12745
2549,5,C(2549;1;199;278;989;1259),7,4.9748822605965461,12745
2549,5,C(2549;1;410;442;624;933),7,4.9748822605965461,12745
2549,5,C(2549;1;450;651;1058;1169),7,4.9748822605965461,12745
2549,5,C(2549;1;594;1051;1069;1164),7,4.9748822605965461,12745
