N,K,S,diameter,averageShortestPathLength,edges
2025,5,C(2025;1;33;89;286;688),7,4.7391304347826084,10125
2025,5,C(2025;1;78;149;583;616),7,4.7391304347826084,10125
2025,5,C(2025;1;91;167;299;978),7,4.7391304347826084,10125
2025,5,C(2025;1;97;309;653;727),7,4.7391304347826084,10125
