N,K,S,diameter,averageShortestPathLength,edges
2054,5,C(2054;1;31;680;823;862),7,4.7540185094982954,10270
2054,5,C(2054;1;265;371;436;552),7,4.7540185094982954,10270
2054,5,C(2054;1;558;609;688;881),7,4.7540185094982954,10270
