N,K,S,diameter,averageShortestPathLength,edges
2098,5,C(2098;1;195;424;462;796),7,4.7744396757272289,10490
2098,5,C(2098;1;394;740;893;992),7,4.7744396757272289,10490
