N,K,S,diameter,averageShortestPathLength,edges
2118,5,C(2118;1;72;656;689;933),7,4.7836561171469061,10590
2118,5,C(2118;1;83;378;620;927),7,4.7836561171469061,10590
