N,K,S,diameter,averageShortestPathLength,edges
2529,5,C(2529;1;189;502;603;840),7,4.9715189873417724,12645
2529,5,C(2529;1;558;882;932;1110),7,4.9715189873417724,12645
