N,K,S,diameter,averageShortestPathLength,edges
2052,5,C(2052;1;9;297;491;914),7,4.7513408093612872,10260
2052,5,C(2052;1;46;692;824;857),7,4.7513408093612872,10260
2052,5,C(2052;1;117;243;443;658),7,4.7513408093612872,10260
2052,5,C(2052;1;194;272;688;941),7,4.7513408093612872,10260
