N,K,S,diameter,averageShortestPathLength,edges
2076,5,C(2076;1;9;172;719;786),7,4.7633734939759034,10380
2076,5,C(2076;1;32;205;231;798),7,4.7633734939759034,10380
