N,K,S,diameter,averageShortestPathLength,edges
2544,5,C(2544;1;165;261;986;1029),7,4.9783720015729456,12720
2544,5,C(2544;1;368;507;522;710),7,4.9783720015729456,12720
