N,K,S,diameter,averageShortestPathLength,edges
2535,5,C(2535;1;41;50;508;727),7,4.9660615627466456,12675
2535,5,C(2535;1;50;973;1013;1234),7,4.9660615627466456,12675
2535,5,C(2535;1;115;454;652;1067),7,4.9660615627466456,12675
2535,5,C(2535;1;371;805;878;1007),7,4.9660615627466456,12675
