N,K,S,diameter,averageShortestPathLength,edges
2104,5,C(2104;1;15;85;570;928),7,4.7779362815026154,10520
2104,5,C(2104;1;38;561;707;920),7,4.7779362815026154,10520
2104,5,C(2104;1;52;124;816;951),7,4.7779362815026154,10520
2104,5,C(2104;1;99;378;619;704),7,4.7779362815026154,10520
2104,5,C(2104;1;188;772;927;1008),7,4.7779362815026154,10520
