N,K,S,diameter,averageShortestPathLength,edges
2563,5,C(2563;1;73;355;1130;1261),7,4.9820452771272441,12815
2563,5,C(2563;1;250;309;570;955),7,4.9820452771272441,12815
2563,5,C(2563;1;314;368;430;953),7,4.9820452771272441,12815
2563,5,C(2563;1;316;592;823;1211),7,4.9820452771272441,12815
2563,5,C(2563;1;643;719;1055;1227),7,4.9820452771272441,12815
