N,K,S,diameter,averageShortestPathLength,edges
2042,5,C(2042;1;21;793;888;903),7,4.7466927976482118,10210
2042,5,C(2042;1;43;135;334;389),7,4.7466927976482118,10210
2042,5,C(2042;1;64;78;590;777),7,4.7466927976482118,10210
2042,5,C(2042;1;95;199;573;942),7,4.7466927976482118,10210
2042,5,C(2042;1;103;121;426;923),7,4.7466927976482118,10210
2042,5,C(2042;1;431;946;960;1004),7,4.7466927976482118,10210
