N,K,S,diameter,averageShortestPathLength,edges
2596,5,C(2596;1;199;442;1008;1032),7,4.9973025048169557,12980
2596,5,C(2596;1;240;287;350;1140),7,4.9973025048169557,12980
