N,K,S,diameter,averageShortestPathLength,edges
2516,5,C(2516;1;17;594;902;993),7,4.9622266401590460,12580
2516,5,C(2516;1;158;413;527;1246),7,4.9622266401590460,12580
