N,K,S,diameter,averageShortestPathLength,edges
2059,5,C(2059;1;20;96;721;842),6,4.7531584062196304,10295
2059,5,C(2059;1;86;400;622;738),6,4.7531584062196304,10295
2059,5,C(2059;1;103;139;248;407),6,4.7531584062196304,10295
2059,5,C(2059;1;207;291;357;890),6,4.7531584062196304,10295
2059,5,C(2059;1;237;297;314;935),6,4.7531584062196304,10295
