N,K,S,diameter,averageShortestPathLength,edges
2599,5,C(2599;1;27;349;418;678),7,4.9976905311778292,12995
2599,5,C(2599;1;208;385;783;1130),7,4.9976905311778292,12995
2599,5,C(2599;1;252;551;983;1130),7,4.9976905311778292,12995
2599,5,C(2599;1;691;914;1130;1287),7,4.9976905311778292,12995
