N,K,S,diameter,averageShortestPathLength,edges
2581,5,C(2581;1;44;437;607;1068),7,4.9953488372093027,12905
2581,5,C(2581;1;176;445;518;1011),7,4.9953488372093027,12905
2581,5,C(2581;1;189;534;573;1159),7,4.9953488372093027,12905
2581,5,C(2581;1;203;214;763;1152),7,4.9953488372093027,12905
2581,5,C(2581;1;274;727;766;1160),7,4.9953488372093027,12905
2581,5,C(2581;1;398;783;884;922),7,4.9953488372093027,12905
2581,5,C(2581;1;534;579;1029;1182),7,4.9953488372093027,12905
2581,5,C(2581;1;684;865;997;1073),7,4.9953488372093027,12905
