N,K,S,diameter,averageShortestPathLength,edges
2074,5,C(2074;1;303;761;942;1026),7,4.7621804148576938,10370
2074,5,C(2074;1;387;470;928;957),7,4.7621804148576938,10370
2074,5,C(2074;1;397;654;687;818),7,4.7621804148576938,10370
