N,K,S,diameter,averageShortestPathLength,edges
2026,5,C(2026;1;206;534;719;888),7,4.7407407407407405,10130
2026,5,C(2026;1;560;665;778;954),7,4.7407407407407405,10130
