N,K,S,diameter,averageShortestPathLength,edges
2533,5,C(2533;1;60;234;778;929),7,4.9676145339652447,12665
2533,5,C(2533;1;140;169;801;877),7,4.9676145339652447,12665
2533,5,C(2533;1;245;325;1050;1259),7,4.9676145339652447,12665
2533,5,C(2533;1;311;604;756;971),7,4.9676145339652447,12665
2533,5,C(2533;1;619;641;728;1008),7,4.9676145339652447,12665
