N,K,S,diameter,averageShortestPathLength,edges
2136,5,C(2136;1;22;143;486;1011),7,4.7929742388758783,10680
2136,5,C(2136;1;239;261;810;986),7,4.7929742388758783,10680
