N,K,S,diameter,averageShortestPathLength,edges
2532,5,C(2532;1;48;792;825;1207),7,4.9719478467009086,12660
2532,5,C(2532;1;228;600;751;765),7,4.9719478467009086,12660
