N,K,S,diameter,averageShortestPathLength,edges
2132,5,C(2132;1;8;348;861;959),7,4.7916471140309715,10660
2132,5,C(2132;1;20;196;269;779),7,4.7916471140309715,10660
