N,K,S,diameter,averageShortestPathLength,edges
2578,5,C(2578;1;523;788;880;1254),7,4.9879705083430341,12890
2578,5,C(2578;1;746;806;1045;1078),7,4.9879705083430341,12890
