N,K,S,diameter,averageShortestPathLength,edges
2519,5,C(2519;1;58;428;442;1157),7,4.9634630659253371,12595
2519,5,C(2519;1;304;861;876;932),7,4.9634630659253371,12595
2519,5,C(2519;1;321;624;717;771),7,4.9634630659253371,12595
2519,5,C(2519;1;433;516;644;1061),7,4.9634630659253371,12595
2519,5,C(2519;1;873;897;991;1028),7,4.9634630659253371,12595
