N,K,S,diameter,averageShortestPathLength,edges
2525,5,C(2525;1;47;466;597;720),7,4.9667194928684628,12625
2525,5,C(2525;1;258;499;972;1090),7,4.9667194928684628,12625
2525,5,C(2525;1;370;558;764;917),7,4.9667194928684628,12625
2525,5,C(2525;1;660;926;967;1172),7,4.9667194928684628,12625
