N,K,S,diameter,averageShortestPathLength,edges
2595,5,C(2595;1;255;436;470;665),7,4.9961449498843482,12975
2595,5,C(2595;1;494;1055;1185;1225),7,4.9961449498843482,12975
