N,K,S,diameter,averageShortestPathLength,edges
829,5,C(829;1;51;118;125;157),6,3.8623188405797100,4145
829,5,C(829;1;54;114;126;206),6,3.8623188405797100,4145
829,5,C(829;1;65;165;209;257),6,3.8623188405797100,4145
829,5,C(829;1;80;100;132;175),6,3.8623188405797100,4145
829,5,C(829;1;90;119;261;274),6,3.8623188405797100,4145
