N,K,S,diameter,averageShortestPathLength,edges
812,5,C(812;1;21;87;317;392),5,3.8421701602959311,4060
812,5,C(812;1;196;261;315;333),5,3.8421701602959311,4060
