N,K,S,diameter,averageShortestPathLength,edges
522,5,C(522;1;34;60;199;250),5,3.4548944337811900,2610
522,5,C(522;1;102;110;164;181),5,3.4548944337811900,2610
