N,K,S,diameter,averageShortestPathLength,edges
797,5,C(797;1;6;156;191;274),5,3.8241206030150754,3985
797,5,C(797;1;26;101;133;220),5,3.8241206030150754,3985
797,5,C(797;1;32;192;210;264),5,3.8241206030150754,3985
797,5,C(797;1;92;272;281;315),5,3.8241206030150754,3985
797,5,C(797;1;126;160;338;363),5,3.8241206030150754,3985
