N,K,S,diameter,averageShortestPathLength,edges
242,5,C(242;1;4;47;62;84),4,2.8506224066390042,1210
242,5,C(242;1;60;72;94;103),4,2.8506224066390042,1210
