N,K,S,diameter,averageShortestPathLength,edges
970,5,C(970;1;115;130;288;383),5,3.9948400412796699,4850
970,5,C(970;1;174;220;233;365),5,3.9948400412796699,4850
