N,K,S,diameter,averageShortestPathLength,edges
282,5,C(282;1;6;45;71;87),4,2.9644128113879002,1410
282,5,C(282;1;12;33;51;139),4,2.9644128113879002,1410
