N,K,S,diameter,averageShortestPathLength,edges
560,5,C(560;1;26;35;208;229),5,3.5134168157423971,2800
560,5,C(560;1;48;105;269;274),5,3.5134168157423971,2800
560,5,C(560;1;89;184;206;254),5,3.5134168157423971,2800
560,5,C(560;1;151;216;254;274),5,3.5134168157423971,2800
