N,K,S,diameter,averageShortestPathLength,edges
817,5,C(817;1;22;60;73;333),5,3.8504901960784315,4085
817,5,C(817;1;22;77;189;260),5,3.8504901960784315,4085
817,5,C(817;1;117;151;177;191),5,3.8504901960784315,4085
817,5,C(817;1;120;211;260;405),5,3.8504901960784315,4085
817,5,C(817;1;134;291;303;320),5,3.8504901960784315,4085
