N,K,S,diameter,averageShortestPathLength,edges
206,5,C(206;1;25;29;36;46),4,2.7317073170731709,1030
206,5,C(206;1;30;71;79;84),4,2.7317073170731709,1030
206,5,C(206;1;33;48;73;76),4,2.7317073170731709,1030
