N,K,S,diameter,averageShortestPathLength,edges
763,5,C(763;1;6;85;105;239),5,3.7900262467191599,3815
763,5,C(763;1;27;69;91;377),5,3.7900262467191599,3815
763,5,C(763;1;83;188;265;322),5,3.7900262467191599,3815
763,5,C(763;1;113;127;167;364),5,3.7900262467191599,3815
