N,K,S,diameter,averageShortestPathLength,edges
862,5,C(862;1;16;242;382;405),5,3.8943089430894311,4310
862,5,C(862;1;132;315;350;374),5,3.8943089430894311,4310
