N,K,S,diameter,averageShortestPathLength,edges
990,5,C(990;1;11;116;261;309),6,4.0131445904954504,4950
990,5,C(990;1;60;195;275;282),6,4.0131445904954504,4950
