N,K,S,diameter,averageShortestPathLength,edges
288,5,C(288;1;13;56;66;128),4,2.9825783972125435,1440
288,5,C(288;1;32;40;133;138),4,2.9825783972125435,1440
