N,K,S,diameter,averageShortestPathLength,edges
720,5,C(720;1;49;84;114;206),5,3.7343532684283729,3600
720,5,C(720;1;174;191;204;254),5,3.7343532684283729,3600
