N,K,S,diameter,averageShortestPathLength,edges
917,5,C(917;1;18;235;285;405),6,3.9475982532751090,4585
917,5,C(917;1;33;74;291;415),6,3.9475982532751090,4585
917,5,C(917;1;43;359;389;408),6,3.9475982532751090,4585
917,5,C(917;1;51;64;137;436),6,3.9475982532751090,4585
917,5,C(917;1;120;227;271;326),6,3.9475982532751090,4585
