N,K,S,diameter,averageShortestPathLength,edges
621,5,C(621;1;37;52;235;279),5,3.6032258064516127,3105
621,5,C(621;1;37;61;127;234),5,3.6032258064516127,3105
621,5,C(621;1;44;200;235;261),5,3.6032258064516127,3105
621,5,C(621;1;59;112;126;203),5,3.6032258064516127,3105
