N,K,S,diameter,averageShortestPathLength,edges
521,5,C(521;1;22;54;90;258),5,3.4538461538461540,2605
521,5,C(521;1;36;113;208;230),5,3.4538461538461540,2605
521,5,C(521;1;39;111;164;172),5,3.4538461538461540,2605
521,5,C(521;1;71;83;138;187),5,3.4538461538461540,2605
521,5,C(521;1;110;185;209;246),5,3.4538461538461540,2605
