N,K,S,diameter,averageShortestPathLength,edges
726,5,C(726;1;136;141;263;352),5,3.7420689655172414,3630
726,5,C(726;1;260;265;339;352),5,3.7420689655172414,3630
