N,K,S,diameter,averageShortestPathLength,edges
445,5,C(445;1;17;30;165;188),4,3.3243243243243241,2225
445,5,C(445;1;64;150;175;187),4,3.3243243243243241,2225
445,5,C(445;1;95;146;157;185),4,3.3243243243243241,2225
