N,K,S,diameter,averageShortestPathLength,edges
828,5,C(828;1;113;178;186;387),5,3.8585247883917777,4140
828,5,C(828;1;297;302;390;403),5,3.8585247883917777,4140
