N,K,S,diameter,averageShortestPathLength,edges
192,5,C(192;1;27;56;71;90),4,2.6596858638743455,960
192,5,C(192;1;42;51;56;73),4,2.6596858638743455,960
