N,K,S,diameter,averageShortestPathLength,edges
520,5,C(520;1;16;54;79;169),5,3.4527938342967244,2600
520,5,C(520;1;79;106;169;224),5,3.4527938342967244,2600
