N,K,S,diameter,averageShortestPathLength,edges
790,5,C(790;1;19;44;154;184),5,3.8136882129277567,3950
790,5,C(790;1;164;176;216;291),5,3.8136882129277567,3950
