N,K,S,diameter,averageShortestPathLength,edges
848,5,C(848;1;6;79;273;397),5,3.8783943329397874,4240
848,5,C(848;1;37;94;107;267),5,3.8783943329397874,4240
848,5,C(848;1;118;143;161;317),5,3.8783943329397874,4240
848,5,C(848;1;255;275;351;410),5,3.8783943329397874,4240
