N,K,S,diameter,averageShortestPathLength,edges
507,5,C(507;1;26;65;81;125),5,3.4268774703557314,2535
507,5,C(507;1;73;130;171;182),5,3.4268774703557314,2535
