N,K,S,diameter,averageShortestPathLength,edges
626,5,C(626;1;13;22;158;243),5,3.6143999999999998,3130
626,5,C(626;1;36;98;115;289),5,3.6143999999999998,3130
626,5,C(626;1;49;114;206;237),5,3.6143999999999998,3130
