N,K,S,diameter,averageShortestPathLength,edges
879,5,C(879;1;9;33;179;396),5,3.9088838268792712,4395
879,5,C(879;1;96;162;275;285),5,3.9088838268792712,4395
