N,K,S,diameter,averageShortestPathLength,edges
680,5,C(680;1;9;58;248;271),5,3.6892488954344627,3400
680,5,C(680;1;15;54;88;257),5,3.6892488954344627,3400
680,5,C(680;1;16;84;139;144),5,3.6892488954344627,3400
680,5,C(680;1;48;82;121;151),5,3.6892488954344627,3400
680,5,C(680;1;58;127;135;296),5,3.6892488954344627,3400
680,5,C(680;1;78;112;271;281),5,3.6892488954344627,3400
680,5,C(680;1;176;181;224;244),5,3.6892488954344627,3400
