N,K,S,diameter,averageShortestPathLength,edges
503,5,C(503;1;15;71;92;189),5,3.4262948207171315,2515
503,5,C(503;1;31;85;228;234),5,3.4262948207171315,2515
503,5,C(503;1;40;90;146;165),5,3.4262948207171315,2515
503,5,C(503;1;67;88;128;230),5,3.4262948207171315,2515
503,5,C(503;1;82;95;214;224),5,3.4262948207171315,2515
