N,K,S,diameter,averageShortestPathLength,edges
457,5,C(457;1;8;65;148;175),5,3.3464912280701755,2285
457,5,C(457;1;15;37;176;181),5,3.3464912280701755,2285
457,5,C(457;1;28;61;73;225),5,3.3464912280701755,2285
457,5,C(457;1;47;81;101;144),5,3.3464912280701755,2285
457,5,C(457;1;49;57;79;210),5,3.3464912280701755,2285
