N,K,S,diameter,averageShortestPathLength,edges
942,5,C(942;1;61;164;272;414),6,3.9670563230605738,4710
942,5,C(942;1;84;128;139;188),6,3.9670563230605738,4710
