N,K,S,diameter,averageShortestPathLength,edges
459,5,C(459;1;27;39;61;225),5,3.3493449781659388,2295
459,5,C(459;1;135;158;195;207),5,3.3493449781659388,2295
