N,K,S,diameter,averageShortestPathLength,edges
900,5,C(900;1;41;209;394;446),5,3.9343715239154617,4500
900,5,C(900;1;49;166;406;439),5,3.9343715239154617,4500
900,5,C(900;1;211;334;349;394),5,3.9343715239154617,4500
