N,K,S,diameter,averageShortestPathLength,edges
278,5,C(278;1;11;56;95;131),4,2.9530685920577620,1390
278,5,C(278;1;20;29;72;97),4,2.9530685920577620,1390
278,5,C(278;1;24;35;63;79),4,2.9530685920577620,1390
278,5,C(278;1;26;38;43;135),4,2.9530685920577620,1390
278,5,C(278;1;35;60;76;115),4,2.9530685920577620,1390
278,5,C(278;1;75;87;123;132),4,2.9530685920577620,1390
278,5,C(278;1;96;101;113;135),4,2.9530685920577620,1390
