N,K,S,diameter,averageShortestPathLength,edges
1623,5,C(1623;1;61;137;233;770),6,4.5092478421701605,8115
1623,5,C(1623;1;76;184;731;745),6,4.5092478421701605,8115
1623,5,C(1623;1;83;202;268;662),6,4.5092478421701605,8115
1623,5,C(1623;1;101;154;176;344),6,4.5092478421701605,8115
1623,5,C(1623;1;352;373;466;757),6,4.5092478421701605,8115
