N,K,S,diameter,averageShortestPathLength,edges
1111,5,C(1111;1;28;259;329;501),6,4.1261261261261257,5555
1111,5,C(1111;1;39;71;379;439),6,4.1261261261261257,5555
1111,5,C(1111;1;57;397;494;530),6,4.1261261261261257,5555
1111,5,C(1111;1;119;266;287;375),6,4.1261261261261257,5555
1111,5,C(1111;1;120;163;299;551),6,4.1261261261261257,5555
