N,K,S,diameter,averageShortestPathLength,edges
1648,5,C(1648;1;232;334;428;743),6,4.5294474802671525,8240
1648,5,C(1648;1;295;350;636;776),6,4.5294474802671525,8240
