N,K,S,diameter,averageShortestPathLength,edges
1430,5,C(1430;1;8;113;494;672),6,4.3792862141357594,7150
1430,5,C(1430;1;76;312;367;664),6,4.3792862141357594,7150
