N,K,S,diameter,averageShortestPathLength,edges
1414,5,C(1414;1;27;320;330;592),6,4.3722576079263975,7070
1414,5,C(1414;1;250;302;419;598),6,4.3722576079263975,7070
