N,K,S,diameter,averageShortestPathLength,edges
1299,5,C(1299;1;122;254;288;563),6,4.2788906009244991,6495
1299,5,C(1299;1;168;181;509;581),6,4.2788906009244991,6495
1299,5,C(1299;1;179;245;408;545),6,4.2788906009244991,6495
1299,5,C(1299;1;282;443;491;512),6,4.2788906009244991,6495
