N,K,S,diameter,averageShortestPathLength,edges
1459,5,C(1459;1;18;260;343;489),6,4.4019204389574762,7295
1459,5,C(1459;1;62;81;216;634),6,4.4019204389574762,7295
1459,5,C(1459;1;182;311;358;632),6,4.4019204389574762,7295
1459,5,C(1459;1;353;380;575;587),6,4.4019204389574762,7295
1459,5,C(1459;1;543;550;621;679),6,4.4019204389574762,7295
