N,K,S,diameter,averageShortestPathLength,edges
1184,5,C(1184;1;126;411;476;564),6,4.1868131868131870,5920
1184,5,C(1184;1;140;252;346;435),6,4.1868131868131870,5920
1184,5,C(1184;1;182;204;373;487),6,4.1868131868131870,5920
1184,5,C(1184;1;228;405;419;482),6,4.1868131868131870,5920
1184,5,C(1184;1;265;314;404;573),6,4.1868131868131870,5920
