N,K,S,diameter,averageShortestPathLength,edges
1408,5,C(1408;1;25;299;342;481),6,4.3624733475479740,7040
1408,5,C(1408;1;70;157;169;375),6,4.3624733475479740,7040
1408,5,C(1408;1;126;259;565;675),6,4.3624733475479740,7040
1408,5,C(1408;1;150;161;199;267),6,4.3624733475479740,7040
