N,K,S,diameter,averageShortestPathLength,edges
1145,5,C(1145;1;54;311;379;558),6,4.1555944055944058,5725
1145,5,C(1145;1;77;266;429;546),6,4.1555944055944058,5725
1145,5,C(1145;1;81;206;216;543),6,4.1555944055944058,5725
1145,5,C(1145;1;97;158;342;517),6,4.1555944055944058,5725
1145,5,C(1145;1;99;106;239;392),6,4.1555944055944058,5725
