N,K,S,diameter,averageShortestPathLength,edges
1723,5,C(1723;1;72;342;387;836),6,4.5737514518002325,8615
1723,5,C(1723;1;189;398;635;679),6,4.5737514518002325,8615
1723,5,C(1723;1;210;426;467;694),6,4.5737514518002325,8615
1723,5,C(1723;1;392;777;808;826),6,4.5737514518002325,8615
1723,5,C(1723;1;512;642;681;728),6,4.5737514518002325,8615
