N,K,S,diameter,averageShortestPathLength,edges
1705,5,C(1705;1;9;110;695;735),6,4.5586854460093900,8525
1705,5,C(1705;1;379;650;770;835),6,4.5586854460093900,8525
