N,K,S,diameter,averageShortestPathLength,edges
1390,5,C(1390;1;16;124;461;654),6,4.3506119510439163,6950
1390,5,C(1390;1;61;364;570;651),6,4.3506119510439163,6950
1390,5,C(1390;1;79;434;550;649),6,4.3506119510439163,6950
1390,5,C(1390;1;199;344;404;514),6,4.3506119510439163,6950
1390,5,C(1390;1;260;319;559;644),6,4.3506119510439163,6950
