N,K,S,diameter,averageShortestPathLength,edges
1294,5,C(1294;1;76;97;526;634),6,4.2784222737819029,6470
1294,5,C(1294;1;168;226;260;627),6,4.2784222737819029,6470
