N,K,S,diameter,averageShortestPathLength,edges
1552,5,C(1552;1;21;88;312;364),6,4.4667956157317859,7760
1552,5,C(1552;1;152;500;680;739),6,4.4667956157317859,7760
