N,K,S,diameter,averageShortestPathLength,edges
1141,5,C(1141;1;17;168;343;541),6,4.1526315789473687,5705
1141,5,C(1141;1;77;438;490;537),6,4.1526315789473687,5705
1141,5,C(1141;1;88;110;150;316),6,4.1526315789473687,5705
1141,5,C(1141;1;91;116;147;310),6,4.1526315789473687,5705
1141,5,C(1141;1;152;284;376;491),6,4.1526315789473687,5705
1141,5,C(1141;1;152;311;538;563),6,4.1526315789473687,5705
1141,5,C(1141;1;229;520;529;563),6,4.1526315789473687,5705
1141,5,C(1141;1;244;305;464;565),6,4.1526315789473687,5705
