N,K,S,diameter,averageShortestPathLength,edges
1712,5,C(1712;1;143;308;354;512),6,4.5657510227936875,8560
1712,5,C(1712;1;176;206;431;788),6,4.5657510227936875,8560
