N,K,S,diameter,averageShortestPathLength,edges
1462,5,C(1462;1;28;97;527;660),6,4.4017796030116356,7310
1462,5,C(1462;1;60;85;211;370),6,4.4017796030116356,7310
