N,K,S,diameter,averageShortestPathLength,edges
1452,5,C(1452;1;78;121;271;375),6,4.3962784286698833,7260
1452,5,C(1452;1;498;509;605;663),6,4.3962784286698833,7260
