N,K,S,diameter,averageShortestPathLength,edges
1013,5,C(1013;1;9;208;368;490),5,4.0355731225296445,5065
1013,5,C(1013;1;53;74;399;461),5,4.0355731225296445,5065
1013,5,C(1013;1;167;202;225;266),5,4.0355731225296445,5065
1013,5,C(1013;1;172;256;278;441),5,4.0355731225296445,5065
1013,5,C(1013;1;232;336;375;397),5,4.0355731225296445,5065
