N,K,S,diameter,averageShortestPathLength,edges
1617,5,C(1617;1;296;480;649;747),6,4.5061881188118811,8085
1617,5,C(1617;1;348;484;582;661),6,4.5061881188118811,8085
