N,K,S,diameter,averageShortestPathLength,edges
1620,5,C(1620;1;67;117;442;772),6,4.5083384805435456,8100
1620,5,C(1620;1;171;466;616;677),6,4.5083384805435456,8100
