N,K,S,diameter,averageShortestPathLength,edges
1647,5,C(1647;1;105;178;414;660),6,4.5236938031591736,8235
1647,5,C(1647;1;528;576;681;805),6,4.5236938031591736,8235
