N,K,S,diameter,averageShortestPathLength,edges
1707,5,C(1707;1;13;145;272;497),6,4.5592028135990619,8535
1707,5,C(1707;1;17;182;659;785),6,4.5592028135990619,8535
1707,5,C(1707;1;47;259;461;698),6,4.5592028135990619,8535
1707,5,C(1707;1;247;340;502;814),6,4.5592028135990619,8535
1707,5,C(1707;1;373;394;487;799),6,4.5592028135990619,8535
