N,K,S,diameter,averageShortestPathLength,edges
1235,5,C(1235;1;8;121;320;531),6,4.2317666126418150,6175
1235,5,C(1235;1;8;123;431;518),6,4.2317666126418150,6175
1235,5,C(1235;1;36;329;337;422),6,4.2317666126418150,6175
1235,5,C(1235;1;40;88;448;463),6,4.2317666126418150,6175
1235,5,C(1235;1;43;149;198;612),6,4.2317666126418150,6175
1235,5,C(1235;1;102;296;331;375),6,4.2317666126418150,6175
1235,5,C(1235;1;139;244;463;517),6,4.2317666126418150,6175
1235,5,C(1235;1;225;407;444;514),6,4.2317666126418150,6175
1235,5,C(1235;1;231;368;446;492),6,4.2317666126418150,6175
