N,K,S,diameter,averageShortestPathLength,edges
1263,5,C(1263;1;138;395;606;617),6,4.2535657686212360,6315
1263,5,C(1263;1;171;189;299;502),6,4.2535657686212360,6315
1263,5,C(1263;1;216;245;426;479),6,4.2535657686212360,6315
