N,K,S,diameter,averageShortestPathLength,edges
1601,5,C(1601;1;8;112;554;731),6,4.4974999999999996,8005
1601,5,C(1601;1;14;200;331;509),6,4.4974999999999996,8005
1601,5,C(1601;1;58;279;315;682),6,4.4974999999999996,8005
1601,5,C(1601;1;78;138;243;343),6,4.4974999999999996,8005
1601,5,C(1601;1;311;390;614;714),6,4.4974999999999996,8005
