N,K,S,diameter,averageShortestPathLength,edges
1548,5,C(1548;1;180;302;611;690),6,4.4628312863606983,7740
1548,5,C(1548;1;324;454;726;755),6,4.4628312863606983,7740
