N,K,S,diameter,averageShortestPathLength,edges
1106,5,C(1106;1;8;75;348;452),6,4.1212669683257914,5530
1106,5,C(1106;1;59;124;472;482),6,4.1212669683257914,5530
