N,K,S,diameter,averageShortestPathLength,edges
1461,5,C(1461;1;22;93;310;537),6,4.4027397260273968,7305
1461,5,C(1461;1;42;195;332;650),6,4.4027397260273968,7305
1461,5,C(1461;1;56;80;300;475),6,4.4027397260273968,7305
1461,5,C(1461;1;63;245;438;476),6,4.4027397260273968,7305
1461,5,C(1461;1;99;287;416;452),6,4.4027397260273968,7305
1461,5,C(1461;1;169;203;320;462),6,4.4027397260273968,7305
1461,5,C(1461;1;268;347;369;439),6,4.4027397260273968,7305
