N,K,S,diameter,averageShortestPathLength,edges
1041,5,C(1041;1;126;132;354;496),5,4.0615384615384613,5205
1041,5,C(1041;1;170;198;441;462),5,4.0615384615384613,5205
