N,K,S,diameter,averageShortestPathLength,edges
1125,5,C(1125;1;155;373;390;474),6,4.1316725978647684,5625
1125,5,C(1125;1;187;195;237;265),6,4.1316725978647684,5625
