N,K,S,diameter,averageShortestPathLength,edges
1385,5,C(1385;1;97;457;601;631),6,4.3453757225433529,6925
1385,5,C(1385;1;122;257;276;663),6,4.3453757225433529,6925
1385,5,C(1385;1;168;276;297;432),6,4.3453757225433529,6925
1385,5,C(1385;1;193;259;539;638),6,4.3453757225433529,6925
1385,5,C(1385;1;338;493;591;666),6,4.3453757225433529,6925
