N,K,S,diameter,averageShortestPathLength,edges
1064,5,C(1064;1;123;239;500;518),6,4.0827845719661333,5320
1064,5,C(1064;1;149;173;238;316),6,4.0827845719661333,5320
1064,5,C(1064;1;434;452;463;507),6,4.0827845719661333,5320
