N,K,S,diameter,averageShortestPathLength,edges
1465,5,C(1465;1;130;475;499;570),6,4.4071038251366117,7325
1465,5,C(1465;1;145;229;365;470),6,4.4071038251366117,7325
