N,K,S,diameter,averageShortestPathLength,edges
1494,5,C(1494;1;13;189;237;292),6,4.4293369055592766,7470
1494,5,C(1494;1;33;159;300;655),6,4.4293369055592766,7470
1494,5,C(1494;1;69;266;372;385),6,4.4293369055592766,7470
1494,5,C(1494;1;115;363;675;712),6,4.4293369055592766,7470
1494,5,C(1494;1;131;140;433;513),6,4.4293369055592766,7470
1494,5,C(1494;1;153;266;473;521),6,4.4293369055592766,7470
1494,5,C(1494;1;170;259;479;711),6,4.4293369055592766,7470
1494,5,C(1494;1;203;354;591;723),6,4.4293369055592766,7470
1494,5,C(1494;1;218;552;617;741),6,4.4293369055592766,7470
