N,K,S,diameter,averageShortestPathLength,edges
1198,5,C(1198;1;18;94;273;390),6,4.2005012531328321,5990
1198,5,C(1198;1;320;373;474;512),6,4.2005012531328321,5990
