N,K,S,diameter,averageShortestPathLength,edges
1667,5,C(1667;1;26;302;347;516),6,4.5426170468187275,8335
1667,5,C(1667;1;42;429;575;652),6,4.5426170468187275,8335
1667,5,C(1667;1;136;149;321;711),6,4.5426170468187275,8335
1667,5,C(1667;1;138;254;457;473),6,4.5426170468187275,8335
1667,5,C(1667;1;179;577;661;781),6,4.5426170468187275,8335
