N,K,S,diameter,averageShortestPathLength,edges
1722,5,C(1722;1;52;598;760;847),6,4.5729227193492159,8610
1722,5,C(1722;1;164;376;511;610),6,4.5729227193492159,8610
