N,K,S,diameter,averageShortestPathLength,edges
1520,5,C(1520;1;26;125;143;469),6,4.4410796576695191,7600
1520,5,C(1520;1;138;287;605;677),6,4.4410796576695191,7600
1520,5,C(1520;1;185;269;467;606),6,4.4410796576695191,7600
