N,K,S,diameter,averageShortestPathLength,edges
1575,5,C(1575;1;39;150;236;759),6,4.4790343074968231,7875
1575,5,C(1575;1;474;600;634;744),6,4.4790343074968231,7875
