N,K,S,diameter,averageShortestPathLength,edges
1364,5,C(1364;1;11;269;389;442),6,4.3308877476155541,6820
1364,5,C(1364;1;113;431;458;649),6,4.3308877476155541,6820
1364,5,C(1364;1;169;346;547;561),6,4.3308877476155541,6820
