N,K,S,diameter,averageShortestPathLength,edges
1059,5,C(1059;1;15;228;382;512),6,4.0812854442344042,5295
1059,5,C(1059;1;36;280;300;395),6,4.0812854442344042,5295
1059,5,C(1059;1;108;242;311;453),6,4.0812854442344042,5295
