N,K,S,diameter,averageShortestPathLength,edges
1016,5,C(1016;1;9;331;433;476),6,4.0384236453201972,5080
1016,5,C(1016;1;19;168;248;387),6,4.0384236453201972,5080
1016,5,C(1016;1;21;128;399;480),6,4.0384236453201972,5080
1016,5,C(1016;1;43;183;196;359),6,4.0384236453201972,5080
1016,5,C(1016;1;43;189;221;468),6,4.0384236453201972,5080
1016,5,C(1016;1;60;113;161;189),6,4.0384236453201972,5080
1016,5,C(1016;1;107;120;247;312),6,4.0384236453201972,5080
