N,K,S,diameter,averageShortestPathLength,edges
1529,5,C(1529;1;23;564;602;737),6,4.4502617801047117,7645
1529,5,C(1529;1;84;99;469;527),6,4.4502617801047117,7645
1529,5,C(1529;1;91;133;165;558),6,4.4502617801047117,7645
1529,5,C(1529;1;348;414;441;682),6,4.4502617801047117,7645
