N,K,S,diameter,averageShortestPathLength,edges
1538,5,C(1538;1;160;244;438;625),6,4.4541314248536112,7690
1538,5,C(1538;1;172;251;276;740),6,4.4541314248536112,7690
