N,K,S,diameter,averageShortestPathLength,edges
1778,5,C(1778;1;106;179;476;630),6,4.6060776589758019,8890
1778,5,C(1778;1;149;196;208;364),6,4.6060776589758019,8890
