N,K,S,diameter,averageShortestPathLength,edges
1435,5,C(1435;1;17;304;470;535),6,4.3835425383542539,7175
1435,5,C(1435;1;288;310;439;475),6,4.3835425383542539,7175
1435,5,C(1435;1;310;422;475;573),6,4.3835425383542539,7175
