N,K,S,diameter,averageShortestPathLength,edges
1220,5,C(1220;1;15;122;179;598),6,4.2190319934372438,6100
1220,5,C(1220;1;58;122;225;259),6,4.2190319934372438,6100
