N,K,S,diameter,averageShortestPathLength,edges
1338,5,C(1338;1;55;71;226;629),6,4.3103964098728493,6690
1338,5,C(1338;1;73;169;425;442),6,4.3103964098728493,6690
1338,5,C(1338;1;85;106;353;485),6,4.3103964098728493,6690
1338,5,C(1338;1;95;235;245;512),6,4.3103964098728493,6690
