N,K,S,diameter,averageShortestPathLength,edges
1089,5,C(1089;1;29;103;194;423),6,4.1066176470588234,5445
1089,5,C(1089;1;32;74;199;279),6,4.1066176470588234,5445
1089,5,C(1089;1;34;232;315;338),6,4.1066176470588234,5445
1089,5,C(1089;1;197;230;421;513),6,4.1066176470588234,5445
