N,K,S,diameter,averageShortestPathLength,edges
1592,5,C(1592;1;97;111;163;560),6,4.4921433060967946,7960
1592,5,C(1592;1;104;235;293;683),6,4.4921433060967946,7960
1592,5,C(1592;1;224;279;691;721),6,4.4921433060967946,7960
1592,5,C(1592;1;317;329;464;545),6,4.4921433060967946,7960
