N,K,S,diameter,averageShortestPathLength,edges
1042,5,C(1042;1;76;123;269;285),6,4.0605187319884726,5210
1042,5,C(1042;1;91;201;262;449),6,4.0605187319884726,5210
1042,5,C(1042;1;117;197;213;486),6,4.0605187319884726,5210
1042,5,C(1042;1;181;229;337;438),6,4.0605187319884726,5210
