N,K,S,diameter,averageShortestPathLength,edges
1419,5,C(1419;1;50;192;414;582),6,4.3709449929478135,7095
1419,5,C(1419;1;162;507;596;636),6,4.3709449929478135,7095
