N,K,S,diameter,averageShortestPathLength,edges
1684,5,C(1684;1;226;306;348;631),6,4.5508021390374331,8420
1684,5,C(1684;1;230;390;419;696),6,4.5508021390374331,8420
