N,K,S,diameter,averageShortestPathLength,edges
1409,5,C(1409;1;100;175;185;232),6,4.3650568181818183,7045
1409,5,C(1409;1;104;249;432;462),6,4.3650568181818183,7045
1409,5,C(1409;1;155;354;495;674),6,4.3650568181818183,7045
1409,5,C(1409;1;212;496;655;686),6,4.3650568181818183,7045
1409,5,C(1409;1;314;321;402;420),6,4.3650568181818183,7045
