N,K,S,diameter,averageShortestPathLength,edges
1319,5,C(1319;1;169;244;542;630),6,4.2974203338391499,6595
1319,5,C(1319;1;207;259;320;651),6,4.2974203338391499,6595
1319,5,C(1319;1;208;275;359;373),6,4.2974203338391499,6595
1319,5,C(1319;1;260;274;309;626),6,4.2974203338391499,6595
1319,5,C(1319;1;286;348;496;543),6,4.2974203338391499,6595
