N,K,S,diameter,averageShortestPathLength,edges
1784,5,C(1784;1;45;173;672;772),6,4.6118900729108248,8920
1784,5,C(1784;1;104;300;321;555),6,4.6118900729108248,8920
1784,5,C(1784;1;155;215;536;636),6,4.6118900729108248,8920
1784,5,C(1784;1;165;272;289;716),6,4.6118900729108248,8920
1784,5,C(1784;1;459;476;587;648),6,4.6118900729108248,8920
1784,5,C(1784;1;697;736;789;860),6,4.6118900729108248,8920
