N,K,S,diameter,averageShortestPathLength,edges
1716,5,C(1716;1;216;230;401;753),6,4.5708454810495631,8580
1716,5,C(1716;1;360;475;574;747),6,4.5708454810495631,8580
