N,K,S,diameter,averageShortestPathLength,edges
1120,5,C(1120;1;12;105;354;477),6,4.1349419124218052,5600
1120,5,C(1120;1;35;324;522;533),6,4.1349419124218052,5600
1120,5,C(1120;1;49;81;136;393),6,4.1349419124218052,5600
1120,5,C(1120;1;57;88;137;553),6,4.1349419124218052,5600
1120,5,C(1120;1;96;357;412;435),6,4.1349419124218052,5600
1120,5,C(1120;1;158;202;326;541),6,4.1349419124218052,5600
1120,5,C(1120;1;194;362;402;501),6,4.1349419124218052,5600
1120,5,C(1120;1;327;344;401;511),6,4.1349419124218052,5600
