N,K,S,diameter,averageShortestPathLength,edges
1662,5,C(1662;1;37;202;519;784),6,4.5358217940999399,8310
1662,5,C(1662;1;428;525;539;814),6,4.5358217940999399,8310
