N,K,S,diameter,averageShortestPathLength,edges
1791,5,C(1791;1;53;67;631;759),6,4.6122905027932957,8955
1791,5,C(1791;1;75;437;613;755),6,4.6122905027932957,8955
1791,5,C(1791;1;250;695;776;840),6,4.6122905027932957,8955
1791,5,C(1791;1;485;555;607;811),6,4.6122905027932957,8955
