N,K,S,diameter,averageShortestPathLength,edges
1209,5,C(1209;1;15;371;457;586),6,4.2086092715231791,6045
1209,5,C(1209;1;106;176;196;522),6,4.2086092715231791,6045
1209,5,C(1209;1;158;178;264;466),6,4.2086092715231791,6045
1209,5,C(1209;1;246;422;500;523),6,4.2086092715231791,6045
