N,K,S,diameter,averageShortestPathLength,edges
530,5,C(530;1;28;92;224;229),5,3.4669187145557654,2650
530,5,C(530;1;32;81;124;148),5,3.4669187145557654,2650
