N,K,S,diameter,averageShortestPathLength,edges
789,5,C(789;1;15;71;120;354),5,3.8197969543147208,3945
789,5,C(789;1;46;188;314;390),5,3.8197969543147208,3945
789,5,C(789;1;51;81;119;366),5,3.8197969543147208,3945
789,5,C(789;1;59;94;256;363),5,3.8197969543147208,3945
789,5,C(789;1;78;100;105;165),5,3.8197969543147208,3945
789,5,C(789;1;98;226;277;348),5,3.8197969543147208,3945
789,5,C(789;1;107;180;199;223),5,3.8197969543147208,3945
789,5,C(789;1;225;246;305;381),5,3.8197969543147208,3945
