N,K,S,diameter,averageShortestPathLength,edges
618,5,C(618;1;12;129;170;227),5,3.5996758508914102,3090
618,5,C(618;1;29;52;144;152),5,3.5996758508914102,3090
618,5,C(618;1;30;49;141;296),5,3.5996758508914102,3090
618,5,C(618;1;80;190;277;282),5,3.5996758508914102,3090
