N,K,S,diameter,averageShortestPathLength,edges
746,5,C(746;1;27;74;112;292),5,3.7664429530201344,3730
746,5,C(746;1;58;134;221;370),5,3.7664429530201344,3730
