N,K,S,diameter,averageShortestPathLength,edges
815,5,C(815;1;43;255;362;372),5,3.8427518427518428,4075
815,5,C(815;1;44;75;214;403),5,3.8427518427518428,4075
815,5,C(815;1;116;165;287;389),5,3.8427518427518428,4075
815,5,C(815;1;179;274;385;398),5,3.8427518427518428,4075
