N,K,S,diameter,averageShortestPathLength,edges
715,5,C(715;1;14;264;274;324),5,3.7282913165266107,3575
715,5,C(715;1;24;106;296;326),5,3.7282913165266107,3575
715,5,C(715;1;36;171;219;261),5,3.7282913165266107,3575
715,5,C(715;1;46;64;149;226),5,3.7282913165266107,3575
715,5,C(715;1;51;79;121;326),5,3.7282913165266107,3575
715,5,C(715;1;64;181;264;339),5,3.7282913165266107,3575
715,5,C(715;1;111;294;324;344),5,3.7282913165266107,3575
715,5,C(715;1;116;121;261;274),5,3.7282913165266107,3575
715,5,C(715;1;139;174;186;304),5,3.7282913165266107,3575
