N,K,S,diameter,averageShortestPathLength,edges
252,5,C(252;1;15;27;49;58),4,2.8844621513944224,1260
252,5,C(252;1;54;70;104;117),4,2.8844621513944224,1260
252,5,C(252;1;57;74;110;119),4,2.8844621513944224,1260
