N,K,S,diameter,averageShortestPathLength,edges
752,5,C(752;1;40;202;257;342),5,3.7749667110519307,3760
752,5,C(752;1;54;79;152;166),5,3.7749667110519307,3760
