N,K,S,diameter,averageShortestPathLength,edges
766,5,C(766;1;41;118;127;183),5,3.7882352941176469,3830
766,5,C(766;1;83;193;206;253),5,3.7882352941176469,3830
766,5,C(766;1;104;243;293;323),5,3.7882352941176469,3830
766,5,C(766;1;109;145;240;355),5,3.7882352941176469,3830
