N,K,S,diameter,averageShortestPathLength,edges
717,5,C(717;1;78;97;209;259),5,3.7346368715083798,3585
717,5,C(717;1;93;160;247;298),5,3.7346368715083798,3585
717,5,C(717;1;121;208;219;227),5,3.7346368715083798,3585
717,5,C(717;1;170;293;320;354),5,3.7346368715083798,3585
