N,K,S,diameter,averageShortestPathLength,edges
298,5,C(298;1;13;80;98;144),4,3.0101010101010099,1490
298,5,C(298;1;14;20;90;127),4,3.0101010101010099,1490
298,5,C(298;1;23;34;52;130),4,3.0101010101010099,1490
298,5,C(298;1;28;40;61;126),4,3.0101010101010099,1490
