N,K,S,diameter,averageShortestPathLength,edges
945,5,C(945;1;19;124;376;456),5,3.9703389830508473,4725
945,5,C(945;1;24;106;169;199),5,3.9703389830508473,4725
945,5,C(945;1;39;251;274;284),5,3.9703389830508473,4725
945,5,C(945;1;64;221;339;419),5,3.9703389830508473,4725
