N,K,S,diameter,averageShortestPathLength,edges
442,5,C(442;1;8;86;167;207),5,3.3219954648526078,2210
442,5,C(442;1;33;45;82;108),5,3.3219954648526078,2210
442,5,C(442;1;67;79;164;190),5,3.3219954648526078,2210
