N,K,S,diameter,averageShortestPathLength,edges
620,5,C(620;1;24;41;144;296),5,3.6009693053311795,3100
620,5,C(620;1;64;121;144;196),5,3.6009693053311795,3100
