N,K,S,diameter,averageShortestPathLength,edges
827,5,C(827;1;34;112;150;278),5,3.8619854721549638,4135
827,5,C(827;1;44;96;224;341),5,3.8619854721549638,4135
827,5,C(827;1;48;172;354;369),5,3.8619854721549638,4135
827,5,C(827;1;73;94;199;381),5,3.8619854721549638,4135
827,5,C(827;1;204;308;320;351),5,3.8619854721549638,4135
