N,K,S,diameter,averageShortestPathLength,edges
818,5,C(818;1;14;156;219;357),5,3.8506731946144432,4090
818,5,C(818;1;16;75;291;406),5,3.8506731946144432,4090
818,5,C(818;1;127;142;180;349),5,3.8506731946144432,4090
