N,K,S,diameter,averageShortestPathLength,edges
652,5,C(652;1;62;101;107;290),5,3.6497695852534564,3260
652,5,C(652;1;71;162;227;274),5,3.6497695852534564,3260
652,5,C(652;1;135;174;195;298),5,3.6497695852534564,3260
