N,K,S,diameter,averageShortestPathLength,edges
853,5,C(853;1;35;77;177;340),5,3.8873239436619720,4265
853,5,C(853;1;78;102;144;339),5,3.8873239436619720,4265
853,5,C(853;1;78;113;143;279),5,3.8873239436619720,4265
853,5,C(853;1;92;352;373;400),5,3.8873239436619720,4265
853,5,C(853;1;195;234;339;395),5,3.8873239436619720,4265
