N,K,S,diameter,averageShortestPathLength,edges
622,5,C(622;1;20;32;195;288),5,3.6086956521739131,3110
622,5,C(622;1;32;185;212;300),5,3.6086956521739131,3110
