N,K,S,diameter,averageShortestPathLength,edges
264,5,C(264;1;14;46;67;96),4,2.9125475285171101,1320
264,5,C(264;1;23;32;51;90),4,2.9125475285171101,1320
264,5,C(264;1;23;42;56;117),4,2.9125475285171101,1320
264,5,C(264;1;67;86;96;118),4,2.9125475285171101,1320
