N,K,S,diameter,averageShortestPathLength,edges
956,5,C(956;1;9;137;376;457),6,3.9832460732984294,4780
956,5,C(956;1;21;240;321;429),6,3.9832460732984294,4780
956,5,C(956;1;91;148;157;425),6,3.9832460732984294,4780
956,5,C(956;1;200;341;387;439),6,3.9832460732984294,4780
