N,K,S,diameter,averageShortestPathLength,edges
584,5,C(584;1;80;108;145;192),5,3.5506003430531732,2920
584,5,C(584;1;124;145;184;264),5,3.5506003430531732,2920
