N,K,S,diameter,averageShortestPathLength,edges
611,5,C(611;1;9;103;257;288),5,3.5934426229508198,3055
611,5,C(611;1;13;66;95;154),5,3.5934426229508198,3055
611,5,C(611;1;13;201;263;283),5,3.5934426229508198,3055
611,5,C(611;1;15;95;133;261),5,3.5934426229508198,3055
611,5,C(611;1;32;68;243;283),5,3.5934426229508198,3055
611,5,C(611;1;65;206;230;287),5,3.5934426229508198,3055
611,5,C(611;1;76;123;175;234),5,3.5934426229508198,3055
611,5,C(611;1;88;126;147;239),5,3.5934426229508198,3055
611,5,C(611;1;163;210;227;294),5,3.5934426229508198,3055
