N,K,S,diameter,averageShortestPathLength,edges
239,5,C(239;1;9;23;58;110),4,2.8403361344537816,1195
239,5,C(239;1;10;16;52;91),4,2.8403361344537816,1195
239,5,C(239;1;15;63;69;89),4,2.8403361344537816,1195
239,5,C(239;1;21;29;97;103),4,2.8403361344537816,1195
239,5,C(239;1;24;33;53;94),4,2.8403361344537816,1195
