N,K,S,diameter,averageShortestPathLength,edges
205,5,C(205;1;5;39;46;64),4,2.7254901960784315,1025
205,5,C(205;1;9;16;80;84),4,2.7254901960784315,1025
205,5,C(205;1;21;59;91;100),4,2.7254901960784315,1025
205,5,C(205;1;40;49;61;66),4,2.7254901960784315,1025
