N,K,S,diameter,averageShortestPathLength,edges
240,5,C(240;1;18;30;46;69),4,2.8410041841004183,1200
240,5,C(240;1;21;30;46;78),4,2.8410041841004183,1200
