N,K,S,diameter,averageShortestPathLength,edges
915,5,C(915;1;43;62;214;225),5,3.9452954048140043,4575
915,5,C(915;1;44;165;383;388),5,3.9452954048140043,4575
915,5,C(915;1;92;104;225;428),5,3.9452954048140043,4575
915,5,C(915;1;124;158;368;450),5,3.9452954048140043,4575
