N,K,S,diameter,averageShortestPathLength,edges
284,5,C(284;1;6;33;56;75),4,2.9681978798586575,1420
284,5,C(284;1;14;32;86;123),4,2.9681978798586575,1420
284,5,C(284;1;26;43;101;136),4,2.9681978798586575,1420
284,5,C(284;1;34;45;53;128),4,2.9681978798586575,1420
284,5,C(284;1;74;88;127;130),4,2.9681978798586575,1420
