N,K,S,diameter,averageShortestPathLength,edges
714,5,C(714;1;9;262;303;318),5,3.7321178120617109,3570
714,5,C(714;1;60;176;205;310),5,3.7321178120617109,3570
714,5,C(714;1;74;101;106;348),5,3.7321178120617109,3570
