N,K,S,diameter,averageShortestPathLength,edges
742,5,C(742;1;128;175;341;368),5,3.7624831309041835,3710
742,5,C(742;1;235;315;334;342),5,3.7624831309041835,3710
