N,K,S,diameter,averageShortestPathLength,edges
574,5,C(574;1;18;190;233;282),5,3.5392670157068062,2870
574,5,C(574;1;96;101;218;248),5,3.5392670157068062,2870
