N,K,S,diameter,averageShortestPathLength,edges
479,5,C(479;1;8;36;98;166),5,3.3849372384937237,2395
479,5,C(479;1;22;53;173;189),5,3.3849372384937237,2395
479,5,C(479;1;44;119;127;147),5,3.3849372384937237,2395
479,5,C(479;1;60;99;132;235),5,3.3849372384937237,2395
479,5,C(479;1;101;150;161;196),5,3.3849372384937237,2395
