N,K,S,diameter,averageShortestPathLength,edges
816,5,C(816;1;13;47;191;364),5,3.8478527607361963,4080
816,5,C(816;1;28;47;205;239),5,3.8478527607361963,4080
816,5,C(816;1;28;203;251;373),5,3.8478527607361963,4080
816,5,C(816;1;35;164;191;239),5,3.8478527607361963,4080
