N,K,S,diameter,averageShortestPathLength,edges
524,5,C(524;1;14;36;96;217),5,3.4588910133843211,2620
524,5,C(524;1;72;99;104;186),5,3.4588910133843211,2620
