N,K,S,diameter,averageShortestPathLength,edges
198,5,C(198;1;12;68;84;89),4,2.7005076142131981,990
198,5,C(198;1;48;78;86;89),4,2.7005076142131981,990
