N,K,S,diameter,averageShortestPathLength,edges
669,5,C(669;1;54;114;126;206),5,3.6706586826347305,3345
669,5,C(669;1;72;150;318;328),5,3.6706586826347305,3345
