N,K,S,diameter,averageShortestPathLength,edges
188,5,C(188;1;4;18;45;74),4,2.6577540106951871,940
188,5,C(188;1;10;38;71;92),4,2.6577540106951871,940
