N,K,S,diameter,averageShortestPathLength,edges
1828,5,C(1828;1;24;162;337;899),6,4.6360153256704981,9140
1828,5,C(1828;1;57;179;250;640),6,4.6360153256704981,9140
1828,5,C(1828;1;61;364;449;742),6,4.6360153256704981,9140
