N,K,S,diameter,averageShortestPathLength,edges
1996,5,C(1996;1;104;688;745;991),6,4.7238095238095239,9980
1996,5,C(1996;1;249;300;472;713),6,4.7238095238095239,9980
1996,5,C(1996;1;497;600;927;944),6,4.7238095238095239,9980
