N,K,S,diameter,averageShortestPathLength,edges
1829,5,C(1829;1;151;203;435;776),6,4.6345733041575494,9145
1829,5,C(1829;1;166;235;786;910),6,4.6345733041575494,9145
1829,5,C(1829;1;185;500;854;898),6,4.6345733041575494,9145
1829,5,C(1829;1;225;825;845;860),6,4.6345733041575494,9145
1829,5,C(1829;1;252;606;776;898),6,4.6345733041575494,9145
