N,K,S,diameter,averageShortestPathLength,edges
1964,5,C(1964;1;201;594;709;933),7,4.7024961793173716,9820
1964,5,C(1964;1;218;241;659;957),7,4.7024961793173716,9820
1964,5,C(1964;1;275;501;537;934),7,4.7024961793173716,9820
1964,5,C(1964;1;453;523;554;811),7,4.7024961793173716,9820
