N,K,S,diameter,averageShortestPathLength,edges
1482,5,C(1482;1;22;60;318;449),6,4.4186360567184337,7410
1482,5,C(1482;1;505;534;660;736),6,4.4186360567184337,7410
