N,K,S,diameter,averageShortestPathLength,edges
1851,5,C(1851;1;36;201;468;722),6,4.6475675675675676,9255
1851,5,C(1851;1;159;192;216;664),6,4.6475675675675676,9255
