N,K,S,diameter,averageShortestPathLength,edges
1397,5,C(1397;1;18;85;331;393),6,4.3595988538681949,6985
1397,5,C(1397;1;96;211;388;548),6,4.3595988538681949,6985
1397,5,C(1397;1;181;378;472;612),6,4.3595988538681949,6985
1397,5,C(1397;1;192;271;441;455),6,4.3595988538681949,6985
1397,5,C(1397;1;287;366;422;646),6,4.3595988538681949,6985
