N,K,S,diameter,averageShortestPathLength,edges
1051,5,C(1051;1;27;215;223;291),6,4.0704761904761906,5255
1051,5,C(1051;1;44;137;192;353),6,4.0704761904761906,5255
1051,5,C(1051;1;72;80;131;509),6,4.0704761904761906,5255
1051,5,C(1051;1;73;104;372;466),6,4.0704761904761906,5255
1051,5,C(1051;1;106;381;506;514),6,4.0704761904761906,5255
