N,K,S,diameter,averageShortestPathLength,edges
1425,5,C(1425;1;17;139;213;699),6,4.3750000000000000,7125
1425,5,C(1425;1;41;159;183;697),6,4.3750000000000000,7125
1425,5,C(1425;1;92;264;378;503),6,4.3750000000000000,7125
