N,K,S,diameter,averageShortestPathLength,edges
1328,5,C(1328;1;30;329;384;490),6,4.3059532780708363,6640
1328,5,C(1328;1;58;128;553;654),6,4.3059532780708363,6640
