N,K,S,diameter,averageShortestPathLength,edges
1992,5,C(1992;1;13;728;853;930),7,4.7202410848819687,9960
1992,5,C(1992;1;56;378;613;985),7,4.7202410848819687,9960
1992,5,C(1992;1;176;397;690;815),7,4.7202410848819687,9960
