N,K,S,diameter,averageShortestPathLength,edges
1518,5,C(1518;1;57;184;459;535),6,4.4449571522742257,7590
1518,5,C(1518;1;104;462;606;731),6,4.4449571522742257,7590
1518,5,C(1518;1;159;349;460;717),6,4.4449571522742257,7590
1518,5,C(1518;1;396;430;515;618),6,4.4449571522742257,7590
