N,K,S,diameter,averageShortestPathLength,edges
1924,5,C(1924;1;106;330;505;628),6,4.6874674986999478,9620
1924,5,C(1924;1;134;461;766;908),6,4.6874674986999478,9620
