N,K,S,diameter,averageShortestPathLength,edges
1365,5,C(1365;1;18;78;477;581),6,4.3328445747800588,6825
1365,5,C(1365;1;56;271;450;671),6,4.3328445747800588,6825
1365,5,C(1365;1;64;168;395;655),6,4.3328445747800588,6825
1365,5,C(1365;1;136;199;225;574),6,4.3328445747800588,6825
1365,5,C(1365;1;156;236;416;461),6,4.3328445747800588,6825
1365,5,C(1365;1;214;299;374;624),6,4.3328445747800588,6825
1365,5,C(1365;1;356;439;495;539),6,4.3328445747800588,6825
1365,5,C(1365;1;379;429;646;676),6,4.3328445747800588,6825
