N,K,S,diameter,averageShortestPathLength,edges
1612,5,C(1612;1;59;112;262;476),6,4.5052762259466173,8060
1612,5,C(1612;1;172;244;542;765),6,4.5052762259466173,8060
