N,K,S,diameter,averageShortestPathLength,edges
1095,5,C(1095;1;9;126;341;526),6,4.1133455210237662,5475
1095,5,C(1095;1;59;431;445;522),6,4.1133455210237662,5475
1095,5,C(1095;1;71;94;207;220),6,4.1133455210237662,5475
1095,5,C(1095;1;86;96;306;331),6,4.1133455210237662,5475
1095,5,C(1095;1;191;279;289;411),6,4.1133455210237662,5475
1095,5,C(1095;1;213;401;464;475),6,4.1133455210237662,5475
