N,K,S,diameter,averageShortestPathLength,edges
1593,5,C(1593;1;51;484;550;781),6,4.4949748743718594,7965
1593,5,C(1593;1;97;165;254;559),6,4.4949748743718594,7965
1593,5,C(1593;1;107;418;508;609),6,4.4949748743718594,7965
1593,5,C(1593;1;134;257;363;427),6,4.4949748743718594,7965
