N,K,S,diameter,averageShortestPathLength,edges
1308,5,C(1308;1;63;351;438;485),6,4.2899770466717673,6540
1308,5,C(1308;1;89;153;258;375),6,4.2899770466717673,6540
1308,5,C(1308;1;123;429;444;514),6,4.2899770466717673,6540
