N,K,S,diameter,averageShortestPathLength,edges
1820,5,C(1820;1;131;408;617;658),6,4.6305662451896650,9100
1820,5,C(1820;1;227;372;389;658),6,4.6305662451896650,9100
1820,5,C(1820;1;390;441;745;870),6,4.6305662451896650,9100
1820,5,C(1820;1;406;457;587;744),6,4.6305662451896650,9100
