N,K,S,diameter,averageShortestPathLength,edges
1883,5,C(1883;1;188;287;871;900),7,4.6631243358129648,9415
1883,5,C(1883;1;235;329;631;766),7,4.6631243358129648,9415
1883,5,C(1883;1;342;651;726;912),7,4.6631243358129648,9415
1883,5,C(1883;1;378;468;625;828),7,4.6631243358129648,9415
