N,K,S,diameter,averageShortestPathLength,edges
1907,5,C(1907;1;38;453;712;918),6,4.6799580272822663,9535
1907,5,C(1907;1;182;239;526;552),6,4.6799580272822663,9535
1907,5,C(1907;1;241;389;458;904),6,4.6799580272822663,9535
1907,5,C(1907;1;261;383;684;853),6,4.6799580272822663,9535
1907,5,C(1907;1;376;605;732;939),6,4.6799580272822663,9535
