N,K,S,diameter,averageShortestPathLength,edges
1906,5,C(1906;1;170;282;760;879),6,4.6761154855643046,9530
1906,5,C(1906;1;178;228;425;886),6,4.6761154855643046,9530
