N,K,S,diameter,averageShortestPathLength,edges
1179,5,C(1179;1;14;429;451;519),6,4.1850594227504248,5895
1179,5,C(1179;1;52;222;384;421),6,4.1850594227504248,5895
1179,5,C(1179;1;68;174;231;332),6,4.1850594227504248,5895
