N,K,S,diameter,averageShortestPathLength,edges
1241,5,C(1241;1;64;99;249;387),6,4.2354838709677418,6205
1241,5,C(1241;1;80;309;434;447),6,4.2354838709677418,6205
1241,5,C(1241;1;103;446;522;605),6,4.2354838709677418,6205
1241,5,C(1241;1;126;351;529;568),6,4.2354838709677418,6205
1241,5,C(1241;1;211;260;494;574),6,4.2354838709677418,6205
