N,K,S,diameter,averageShortestPathLength,edges
1835,5,C(1835;1;101;415;596;634),7,4.6379498364231191,9175
1835,5,C(1835;1;109;624;640;739),7,4.6379498364231191,9175
1835,5,C(1835;1;356;684;744;895),7,4.6379498364231191,9175
1835,5,C(1835;1;389;495;514;859),7,4.6379498364231191,9175
