N,K,S,diameter,averageShortestPathLength,edges
1795,5,C(1795;1;170;450;525;704),6,4.6120401337792645,8975
1795,5,C(1795;1;436;525;545;860),6,4.6120401337792645,8975
