N,K,S,diameter,averageShortestPathLength,edges
1655,5,C(1655;1;12;250;415;530),6,4.5320435308343407,8275
1655,5,C(1655;1;138;255;320;655),6,4.5320435308343407,8275
