N,K,S,diameter,averageShortestPathLength,edges
1958,5,C(1958;1;70;425;480;594),7,4.7061829330608074,9790
1958,5,C(1958;1;129;264;736;760),7,4.7061829330608074,9790
