N,K,S,diameter,averageShortestPathLength,edges
1832,5,C(1832;1;33;283;802;874),6,4.6335335882031679,9160
1832,5,C(1832;1;82;111;269;746),6,4.6335335882031679,9160
1832,5,C(1832;1;123;282;395;586),6,4.6335335882031679,9160
