N,K,S,diameter,averageShortestPathLength,edges
1508,5,C(1508;1;28;360;448;549),6,4.4379562043795620,7540
1508,5,C(1508;1;44;217;296;704),6,4.4379562043795620,7540
