N,K,S,diameter,averageShortestPathLength,edges
1770,5,C(1770;1;44;103;260;802),6,4.6026003391746748,8850
1770,5,C(1770;1;99;133;274;762),6,4.6026003391746748,8850
1770,5,C(1770;1;120;500;685;831),6,4.6026003391746748,8850
1770,5,C(1770;1;140;214;412;653),6,4.6026003391746748,8850
1770,5,C(1770;1;173;388;573;846),6,4.6026003391746748,8850
