N,K,S,diameter,averageShortestPathLength,edges
1928,5,C(1928;1;272;464;702;803),6,4.6860404774260509,9640
1928,5,C(1928;1;485;536;786;816),6,4.6860404774260509,9640
