N,K,S,diameter,averageShortestPathLength,edges
1374,5,C(1374;1;50;140;316;437),6,4.3394027676620537,6870
1374,5,C(1374;1;349;364;412;604),6,4.3394027676620537,6870
