N,K,S,diameter,averageShortestPathLength,edges
1727,5,C(1727;1;19;252;617;770),6,4.5782155272305909,8635
1727,5,C(1727;1;99;210;377;747),6,4.5782155272305909,8635
1727,5,C(1727;1;422;495;623;818),6,4.5782155272305909,8635
1727,5,C(1727;1;487;551;571;715),6,4.5782155272305909,8635
