N,K,S,diameter,averageShortestPathLength,edges
1822,5,C(1822;1;194;255;556;593),6,4.6315211422295439,9110
1822,5,C(1822;1;308;331;338;443),6,4.6315211422295439,9110
1822,5,C(1822;1;522;611;632;805),6,4.6315211422295439,9110
