N,K,S,diameter,averageShortestPathLength,edges
1786,5,C(1786;1;56;369;833;868),6,4.6117647058823525,8930
1786,5,C(1786;1;74;120;253;485),6,4.6117647058823525,8930
1786,5,C(1786;1;121;346;368;777),6,4.6117647058823525,8930
