N,K,S,diameter,averageShortestPathLength,edges
1677,5,C(1677;1;80;229;279;286),6,4.5477326968973744,8385
1677,5,C(1677;1;183;258;604;750),6,4.5477326968973744,8385
1677,5,C(1677;1;236;414;516;762),6,4.5477326968973744,8385
1677,5,C(1677;1;276;485;566;793),6,4.5477326968973744,8385
1677,5,C(1677;1;299;321;476;491),6,4.5477326968973744,8385
