N,K,S,diameter,averageShortestPathLength,edges
1935,5,C(1935;1;166;284;388;642),6,4.6918304033092033,9675
1935,5,C(1935;1;237;721;767;781),6,4.6918304033092033,9675
1935,5,C(1935;1;314;511;888;898),6,4.6918304033092033,9675
1935,5,C(1935;1;325;386;400;505),6,4.6918304033092033,9675
1935,5,C(1935;1;608;773;877;906),6,4.6918304033092033,9675
