N,K,S,diameter,averageShortestPathLength,edges
1588,5,C(1588;1;99;166;700;774),6,4.4902331442974166,7940
1588,5,C(1588;1;130;376;401;714),6,4.4902331442974166,7940
