N,K,S,diameter,averageShortestPathLength,edges
1554,5,C(1554;1;28;101;309;502),6,4.4707018673535091,7770
1554,5,C(1554;1;44;69;601;656),6,4.4707018673535091,7770
1554,5,C(1554;1;57;181;194;632),6,4.4707018673535091,7770
1554,5,C(1554;1;158;437;508;532),6,4.4707018673535091,7770
1554,5,C(1554;1;224;240;375;575),6,4.4707018673535091,7770
1554,5,C(1554;1;308;472;597;677),6,4.4707018673535091,7770
1554,5,C(1554;1;322;432;675;727),6,4.4707018673535091,7770
1554,5,C(1554;1;358;580;742;761),6,4.4707018673535091,7770
1554,5,C(1554;1;378;469;555;718),6,4.4707018673535091,7770
