N,K,S,diameter,averageShortestPathLength,edges
1947,5,C(1947;1;131;330;355;901),7,4.6978417266187051,9735
1947,5,C(1947;1;188;264;542;683),7,4.6978417266187051,9735
1947,5,C(1947;1;330;370;400;532),7,4.6978417266187051,9735
1947,5,C(1947;1;404;439;758;924),7,4.6978417266187051,9735
