N,K,S,diameter,averageShortestPathLength,edges
1972,5,C(1972;1;164;252;293;319),6,4.7128361237950278,9860
1972,5,C(1972;1;203;364;599;896),6,4.7128361237950278,9860
