N,K,S,diameter,averageShortestPathLength,edges
1976,5,C(1976;1;12;77;425;585),7,4.7118987341772156,9880
1976,5,C(1976;1;77;403;867;924),7,4.7118987341772156,9880
1976,5,C(1976;1;172;809;939;975),7,4.7118987341772156,9880
