N,K,S,diameter,averageShortestPathLength,edges
1839,5,C(1839;1;32;259;427;703),6,4.6430903155603920,9195
1839,5,C(1839;1;71;260;433;893),6,4.6430903155603920,9195
1839,5,C(1839;1;218;379;694;745),6,4.6430903155603920,9195
1839,5,C(1839;1;274;739;862;884),6,4.6430903155603920,9195
1839,5,C(1839;1;290;329;361;518),6,4.6430903155603920,9195
