N,K,S,diameter,averageShortestPathLength,edges
1654,5,C(1654;1;8;36;308;477),6,4.5299455535390196,8270
1654,5,C(1654;1;267;312;464;482),6,4.5299455535390196,8270
