N,K,S,diameter,averageShortestPathLength,edges
1963,5,C(1963;1;68;197;346;505),7,4.7023445463812434,9815
1963,5,C(1963;1;198;278;726;946),7,4.7023445463812434,9815
1963,5,C(1963;1;241;365;684;940),7,4.7023445463812434,9815
1963,5,C(1963;1;279;347;441;658),7,4.7023445463812434,9815
1963,5,C(1963;1;433;630;772;892),7,4.7023445463812434,9815
