N,K,S,diameter,averageShortestPathLength,edges
1936,5,C(1936;1;17;224;269;883),7,4.6914728682170539,9680
1936,5,C(1936;1;31;544;581;763),7,4.6914728682170539,9680
1936,5,C(1936;1;80;331;475;687),7,4.6914728682170539,9680
1936,5,C(1936;1;784;813;911;963),7,4.6914728682170539,9680
