N,K,S,diameter,averageShortestPathLength,edges
1096,5,C(1096;1;9;210;318;382),6,4.1132420091324198,5480
1096,5,C(1096;1;286;330;342;487),6,4.1132420091324198,5480
