N,K,S,diameter,averageShortestPathLength,edges
1909,5,C(1909;1;8;201;237;541),6,4.6802935010482178,9545
1909,5,C(1909;1;19;152;685;734),6,4.6802935010482178,9545
1909,5,C(1909;1;170;588;695;886),6,4.6802935010482178,9545
1909,5,C(1909;1;171;209;716;741),6,4.6802935010482178,9545
1909,5,C(1909;1;423;554;614;632),6,4.6802935010482178,9545
