N,K,S,diameter,averageShortestPathLength,edges
1197,5,C(1197;1;121;235;554;571),6,4.1989966555183944,5985
1197,5,C(1197;1;163;242;277;457),6,4.1989966555183944,5985
1197,5,C(1197;1;163;293;527;571),6,4.1989966555183944,5985
1197,5,C(1197;1;235;335;457;586),6,4.1989966555183944,5985
1197,5,C(1197;1;431;452;460;538),6,4.1989966555183944,5985
