N,K,S,diameter,averageShortestPathLength,edges
1959,5,C(1959;1;110;247;432;807),7,4.7027579162410627,9795
1959,5,C(1959;1;132;305;374;930),7,4.7027579162410627,9795
1959,5,C(1959;1;167;230;495;549),7,4.7027579162410627,9795
