N,K,S,diameter,averageShortestPathLength,edges
1930,5,C(1930;1;66;153;550;605),6,4.6915500259201659,9650
1930,5,C(1930;1;68;150;759;877),6,4.6915500259201659,9650
1930,5,C(1930;1;89;160;262;853),6,4.6915500259201659,9650
1930,5,C(1930;1;378;395;710;883),6,4.6915500259201659,9650
1930,5,C(1930;1;394;550;647;853),6,4.6915500259201659,9650
