N,K,S,diameter,averageShortestPathLength,edges
1923,5,C(1923;1;95;451;839;850),7,4.6857440166493234,9615
1923,5,C(1923;1;109;307;320;578),7,4.6857440166493234,9615
1923,5,C(1923;1;197;247;464;832),7,4.6857440166493234,9615
1923,5,C(1923;1;515;643;668;859),7,4.6857440166493234,9615
1923,5,C(1923;1;595;758;775;875),7,4.6857440166493234,9615
