N,K,S,diameter,averageShortestPathLength,edges
1498,5,C(1498;1;156;455;530;725),6,4.4295257181028722,7490
1498,5,C(1498;1;175;290;368;593),6,4.4295257181028722,7490
