N,K,S,diameter,averageShortestPathLength,edges
1336,5,C(1336;1;18;96;281;442),6,4.3086142322097380,6680
1336,5,C(1336;1;271;458;466;632),6,4.3086142322097380,6680
