N,K,S,diameter,averageShortestPathLength,edges
1595,5,C(1595;1;60;478;550;750),6,4.4930991217063987,7975
1595,5,C(1595;1;95;120;317;495),6,4.4930991217063987,7975
