N,K,S,diameter,averageShortestPathLength,edges
1672,5,C(1672;1;155;390;451;792),6,4.5445840813883898,8360
1672,5,C(1672;1;264;407;434;507),6,4.5445840813883898,8360
