N,K,S,diameter,averageShortestPathLength,edges
1944,5,C(1944;1;53;713;736;776),6,4.6973751930005143,9720
1944,5,C(1944;1;88;344;637;917),6,4.6973751930005143,9720
1944,5,C(1944;1;253;364;628;926),6,4.6973751930005143,9720
1944,5,C(1944;1;319;440;589;656),6,4.6973751930005143,9720
1944,5,C(1944;1;442;644;812;899),6,4.6973751930005143,9720
