N,K,S,diameter,averageShortestPathLength,edges
1859,5,C(1859;1;125;236;256;286),6,4.6555435952637243,9295
1859,5,C(1859;1;143;314;355;449),6,4.6555435952637243,9295
1859,5,C(1859;1;240;429;580;686),6,4.6555435952637243,9295
1859,5,C(1859;1;457;669;777;858),6,4.6555435952637243,9295
