N,K,S,diameter,averageShortestPathLength,edges
1257,5,C(1257;1;16;200;254;591),6,4.2500000000000000,6285
1257,5,C(1257;1;27;376;524;573),6,4.2500000000000000,6285
1257,5,C(1257;1;44;137;393;553),6,4.2500000000000000,6285
1257,5,C(1257;1;95;204;279;458),6,4.2500000000000000,6285
1257,5,C(1257;1;108;172;222;415),6,4.2500000000000000,6285
1257,5,C(1257;1;173;513;550;616),6,4.2500000000000000,6285
1257,5,C(1257;1;193;324;367;574),6,4.2500000000000000,6285
