N,K,S,diameter,averageShortestPathLength,edges
1044,5,C(1044;1;13;341;439;500),6,4.0642377756471717,5220
1044,5,C(1044;1;199;320;335;499),6,4.0642377756471717,5220
1044,5,C(1044;1;241;295;355;440),6,4.0642377756471717,5220
1044,5,C(1044;1;283;455;484;497),6,4.0642377756471717,5220
