N,K,S,diameter,averageShortestPathLength,edges
1874,5,C(1874;1;177;384;404;794),6,4.6577682861719163,9370
1874,5,C(1874;1;248;754;828;847),6,4.6577682861719163,9370
