N,K,S,diameter,averageShortestPathLength,edges
1892,5,C(1892;1;38;177;755;899),6,4.6705446853516657,9460
1892,5,C(1892;1;48;504;805;890),6,4.6705446853516657,9460
1892,5,C(1892;1;79;421;729;862),6,4.6705446853516657,9460
1892,5,C(1892;1;214;283;667;791),6,4.6705446853516657,9460
1892,5,C(1892;1;369;560;684;798),6,4.6705446853516657,9460
1892,5,C(1892;1;442;479;785;829),6,4.6705446853516657,9460
