N,K,S,diameter,averageShortestPathLength,edges
1990,5,C(1990;1;85;120;780;929),6,4.7219708396178985,9950
1990,5,C(1990;1;255;350;360;799),6,4.7219708396178985,9950
