N,K,S,diameter,averageShortestPathLength,edges
1869,5,C(1869;1;43;518;803;926),6,4.6531049250535332,9345
1869,5,C(1869;1;49;115;220;895),6,4.6531049250535332,9345
1869,5,C(1869;1;65;236;553;652),6,4.6531049250535332,9345
1869,5,C(1869;1;71;259;668;689),6,4.6531049250535332,9345
