N,K,S,diameter,averageShortestPathLength,edges
1160,5,C(1160;1;8;54;220;309),6,4.1665228645383952,5800
1160,5,C(1160;1;229;394;488;500),6,4.1665228645383952,5800
