N,K,S,diameter,averageShortestPathLength,edges
1083,5,C(1083;1;14;150;227;369),6,4.1016635859519406,5415
1083,5,C(1083;1;27;43;229;306),6,4.1016635859519406,5415
1083,5,C(1083;1;30;124;176;316),6,4.1016635859519406,5415
1083,5,C(1083;1;51;144;232;403),6,4.1016635859519406,5415
1083,5,C(1083;1;80;173;234;371),6,4.1016635859519406,5415
1083,5,C(1083;1;131;242;313;402),6,4.1016635859519406,5415
1083,5,C(1083;1;240;353;397;452),6,4.1016635859519406,5415
