N,K,S,diameter,averageShortestPathLength,edges
1886,5,C(1886;1;24;146;327;357),6,4.6673740053050397,9430
1886,5,C(1886;1;53;756;796;819),6,4.6673740053050397,9430
1886,5,C(1886;1;306;412;427;803),6,4.6673740053050397,9430
