N,K,S,diameter,averageShortestPathLength,edges
1918,5,C(1918;1;17;214;583;671),6,4.6823161189358373,9590
1918,5,C(1918;1;23;227;628;795),6,4.6823161189358373,9590
1918,5,C(1918;1;74;263;323;345),6,4.6823161189358373,9590
1918,5,C(1918;1;299;417;677;890),6,4.6823161189358373,9590
