N,K,S,diameter,averageShortestPathLength,edges
1838,5,C(1838;1;51;65;588;839),7,4.6407185628742518,9190
1838,5,C(1838;1;127;471;590;631),7,4.6407185628742518,9190
1838,5,C(1838;1;227;302;509;635),7,4.6407185628742518,9190
1838,5,C(1838;1;251;444;521;901),7,4.6407185628742518,9190
