N,K,S,diameter,averageShortestPathLength,edges
1934,5,C(1934;1;9;49;326;836),7,4.6911536471805482,9670
1934,5,C(1934;1;32;344;549;682),7,4.6911536471805482,9670
1934,5,C(1934;1;96;204;237;671),7,4.6911536471805482,9670
1934,5,C(1934;1;122;215;466;865),7,4.6911536471805482,9670
1934,5,C(1934;1;155;660;832;842),7,4.6911536471805482,9670
