N,K,S,diameter,averageShortestPathLength,edges
1501,5,C(1501;1;23;204;308;746),6,4.4320000000000004,7505
1501,5,C(1501;1;151;385;488;519),6,4.4320000000000004,7505
1501,5,C(1501;1;167;402;455;662),6,4.4320000000000004,7505
1501,5,C(1501;1;261;424;666;709),6,4.4320000000000004,7505
1501,5,C(1501;1;434;607;649;699),6,4.4320000000000004,7505
