N,K,S,diameter,averageShortestPathLength,edges
1861,5,C(1861;1;82;256;711;855),6,4.6548387096774198,9305
1861,5,C(1861;1;156;305;737;836),6,4.6548387096774198,9305
1861,5,C(1861;1;330;360;522;803),6,4.6548387096774198,9305
1861,5,C(1861;1;331;343;390;654),6,4.6548387096774198,9305
1861,5,C(1861;1;344;804;847;912),6,4.6548387096774198,9305
