N,K,S,diameter,averageShortestPathLength,edges
1644,5,C(1644;1;21;419;598;675),6,4.5258673158855753,8220
1644,5,C(1644;1;33;357;565;794),6,4.5258673158855753,8220
