N,K,S,diameter,averageShortestPathLength,edges
1973,5,C(1973;1;31;642;745;859),6,4.7160243407707911,9865
1973,5,C(1973;1;40;126;281;834),6,4.7160243407707911,9865
1973,5,C(1973;1;73;414;776;866),6,4.7160243407707911,9865
1973,5,C(1973;1;147;330;611;973),6,4.7160243407707911,9865
1973,5,C(1973;1;148;155;867;891),6,4.7160243407707911,9865
