N,K,S,diameter,averageShortestPathLength,edges
1880,5,C(1880;1;30;115;397;415),6,4.6647152740819582,9400
1880,5,C(1880;1;95;270;573;915),6,4.6647152740819582,9400
