N,K,S,diameter,averageShortestPathLength,edges
1493,5,C(1493;1;71;153;171;571),6,4.4235924932975870,7465
1493,5,C(1493;1;154;267;413;604),6,4.4235924932975870,7465
1493,5,C(1493;1;227;274;306;392),6,4.4235924932975870,7465
1493,5,C(1493;1;342;438;572;605),6,4.4235924932975870,7465
1493,5,C(1493;1;444;633;723;736),6,4.4235924932975870,7465
