N,K,S,diameter,averageShortestPathLength,edges
1340,5,C(1340;1;31;51;259;346),6,4.3136669156086631,6700
1340,5,C(1340;1;52;83;380;472),6,4.3136669156086631,6700
1340,5,C(1340;1;60;113;264;516),6,4.3136669156086631,6700
1340,5,C(1340;1;119;331;366;631),6,4.3136669156086631,6700
1340,5,C(1340;1;189;289;421;506),6,4.3136669156086631,6700
1340,5,C(1340;1;251;261;389;594),6,4.3136669156086631,6700
