N,K,S,diameter,averageShortestPathLength,edges
1939,5,C(1939;1;29;340;837;959),7,4.6965944272445821,9695
1939,5,C(1939;1;38;122;468;903),7,4.6965944272445821,9695
1939,5,C(1939;1;51;405;483;600),7,4.6965944272445821,9695
1939,5,C(1939;1;231;576;699;747),7,4.6965944272445821,9695
