N,K,S,diameter,averageShortestPathLength,edges
1136,5,C(1136;1;42;412;423;448),6,4.1471365638766517,5680
1136,5,C(1136;1;52;298;521;528),6,4.1471365638766517,5680
