N,K,S,diameter,averageShortestPathLength,edges
1740,5,C(1740;1;8;76;502;689),6,4.5853939045428405,8700
1740,5,C(1740;1;22;149;548;856),6,4.5853939045428405,8700
