N,K,S,diameter,averageShortestPathLength,edges
1876,5,C(1876;1;65;432;467;620),6,4.6565333333333330,9380
1876,5,C(1876;1;216;628;671;703),6,4.6565333333333330,9380
1876,5,C(1876;1;484;671;712;837),6,4.6565333333333330,9380
