N,K,S,diameter,averageShortestPathLength,edges
1833,5,C(1833;1;14;267;682;862),6,4.6375545851528388,9165
1833,5,C(1833;1;96;185;307;757),6,4.6375545851528388,9165
1833,5,C(1833;1;131;150;475;724),6,4.6375545851528388,9165
1833,5,C(1833;1;203;301;675;895),6,4.6375545851528388,9165
