N,K,S,diameter,averageShortestPathLength,edges
1681,5,C(1681;1;23;108;450;529),6,4.5499999999999998,8405
1681,5,C(1681;1;23;385;580;804),6,4.5499999999999998,8405
1681,5,C(1681;1;67;310;406;452),6,4.5499999999999998,8405
1681,5,C(1681;1;171;276;358;571),6,4.5499999999999998,8405
1681,5,C(1681;1;236;683;769;804),6,4.5499999999999998,8405
