N,K,S,diameter,averageShortestPathLength,edges
1512,5,C(1512;1;116;161;562;703),6,4.4407677035076105,7560
1512,5,C(1512;1;217;271;316;410),6,4.4407677035076105,7560
