N,K,S,diameter,averageShortestPathLength,edges
1854,5,C(1854;1;34;142;185;920),6,4.6497571505666491,9270
1854,5,C(1854;1;446;461;572;842),6,4.6497571505666491,9270
