N,K,S,diameter,averageShortestPathLength,edges
1926,5,C(1926;1;22;267;395;945),6,4.6867532467532467,9630
1926,5,C(1926;1;356;381;629;729),6,4.6867532467532467,9630
