N,K,S,diameter,averageShortestPathLength,edges
1881,5,C(1881;1;43;292;427;745),6,4.6648936170212769,9405
1881,5,C(1881;1;175;313;515;586),6,4.6648936170212769,9405
1881,5,C(1881;1;224;277;545;625),6,4.6648936170212769,9405
1881,5,C(1881;1;260;349;356;497),6,4.6648936170212769,9405
1881,5,C(1881;1;270;318;796;869),6,4.6648936170212769,9405
1881,5,C(1881;1;371;477;525;748),6,4.6648936170212769,9405
1881,5,C(1881;1;511;599;613;733),6,4.6648936170212769,9405
