N,K,S,diameter,averageShortestPathLength,edges
1748,5,C(1748;1;97;355;429;468),6,4.5890097309673727,8740
1748,5,C(1748;1;160;261;273;775),6,4.5890097309673727,8740
1748,5,C(1748;1;241;309;453;496),6,4.5890097309673727,8740
1748,5,C(1748;1;509;573;716;865),6,4.5890097309673727,8740
