N,K,S,diameter,averageShortestPathLength,edges
1273,5,C(1273;1;22;336;370;517),6,4.2625786163522017,6365
1273,5,C(1273;1;131;364;405;613),6,4.2625786163522017,6365
1273,5,C(1273;1;141;178;261;623),6,4.2625786163522017,6365
1273,5,C(1273;1;178;236;492;633),6,4.2625786163522017,6365
1273,5,C(1273;1;236;269;316;447),6,4.2625786163522017,6365
