N,K,S,diameter,averageShortestPathLength,edges
1825,5,C(1825;1;20;590;749;820),6,4.6326754385964914,9125
1825,5,C(1825;1;65;95;245;826),6,4.6326754385964914,9125
