N,K,S,diameter,averageShortestPathLength,edges
1875,5,C(1875;1;235;295;364;740),6,4.6584845250800431,9375
1875,5,C(1875;1;490;655;716;785),6,4.6584845250800431,9375
