N,K,S,diameter,averageShortestPathLength,edges
1850,5,C(1850;1;35;181;383;774),6,4.6452136289886425,9250
1850,5,C(1850;1;43;145;797;828),6,4.6452136289886425,9250
1850,5,C(1850;1;43;454;685;879),6,4.6452136289886425,9250
