N,K,S,diameter,averageShortestPathLength,edges
1837,5,C(1837;1;143;670;854;889),7,4.6416122004357296,9185
1837,5,C(1837;1;189;467;600;649),7,4.6416122004357296,9185
1837,5,C(1837;1;580;712;781;797),7,4.6416122004357296,9185
1837,5,C(1837;1;584;695;847;909),7,4.6416122004357296,9185
