N,K,S,diameter,averageShortestPathLength,edges
1846,5,C(1846;1;29;505;769;848),6,4.6433604336043359,9230
1846,5,C(1846;1;191;463;480;801),6,4.6433604336043359,9230
1846,5,C(1846;1;261;450;749;917),6,4.6433604336043359,9230
1846,5,C(1846;1;307;320;389;435),6,4.6433604336043359,9230
