N,K,S,diameter,averageShortestPathLength,edges
1857,5,C(1857;1;94;446;475;686),6,4.6519396551724137,9285
1857,5,C(1857;1;107;164;304;907),6,4.6519396551724137,9285
1857,5,C(1857;1;136;425;538;904),6,4.6519396551724137,9285
1857,5,C(1857;1;229;751;758;788),6,4.6519396551724137,9285
1857,5,C(1857;1;736;758;889;904),6,4.6519396551724137,9285
