N,K,S,diameter,averageShortestPathLength,edges
1587,5,C(1587;1;36;375;468;547),6,4.4905422446406051,7935
1587,5,C(1587;1;420;531;555;676),6,4.4905422446406051,7935
