N,K,S,diameter,averageShortestPathLength,edges
1472,5,C(1472;1;150;337;444;618),6,4.4112848402447318,7360
1472,5,C(1472;1;266;463;508;566),6,4.4112848402447318,7360
