N,K,S,diameter,averageShortestPathLength,edges
2140,5,C(2140;1;26;165;429;916),7,4.7900888265544648,10700
2140,5,C(2140;1;165;429;454;796),7,4.7900888265544648,10700
