N,K,S,diameter,averageShortestPathLength,edges
2555,5,C(2555;1;57;386;759;849),7,4.9835552075176190,12775
2555,5,C(2555;1;75;856;959;1236),7,4.9835552075176190,12775
2555,5,C(2555;1;139;258;481;746),7,4.9835552075176190,12775
2555,5,C(2555;1;212;579;1011;1209),7,4.9835552075176190,12775
2555,5,C(2555;1;298;319;494;604),7,4.9835552075176190,12775
2555,5,C(2555;1;307;523;762;928),7,4.9835552075176190,12775
2555,5,C(2555;1;894;1000;1179;1204),7,4.9835552075176190,12775
2555,5,C(2555;1;1026;1110;1139;1239),7,4.9835552075176190,12775
