N,K,S,diameter,averageShortestPathLength,edges
2520,5,C(2520;1;87;589;738;1073),7,4.9622866216752683,12600
2520,5,C(2520;1;306;681;893;977),7,4.9622866216752683,12600
2520,5,C(2520;1;843;1091;1157;1242),7,4.9622866216752683,12600
