N,K,S,diameter,averageShortestPathLength,edges
2289,5,C(2289;1;14;124;852;902),7,4.8592657342657342,11445
2289,5,C(2289;1;72;203;505;817),7,4.8592657342657342,11445
2289,5,C(2289;1;325;406;510;683),7,4.8592657342657342,11445
