N,K,S,diameter,averageShortestPathLength,edges
2092,5,C(2092;1;21;412;565;730),7,4.7675753228120517,10460
2092,5,C(2092;1;40;137;406;785),7,4.7675753228120517,10460
2092,5,C(2092;1;80;234;525;797),7,4.7675753228120517,10460
