N,K,S,diameter,averageShortestPathLength,edges
2015,5,C(2015;1;54;456;769;870),6,4.7308838133068516,10075
2015,5,C(2015;1;206;769;820;844),6,4.7308838133068516,10075
2015,5,C(2015;1;240;709;844;904),6,4.7308838133068516,10075
2015,5,C(2015;1;456;630;851;904),6,4.7308838133068516,10075
