N,K,S,diameter,averageShortestPathLength,edges
2151,5,C(2151;1;510;759;1029;1055),7,4.7990697674418605,10755
2151,5,C(2151;1;645;787;867;1047),7,4.7990697674418605,10755
