N,K,S,diameter,averageShortestPathLength,edges
2045,5,C(2045;1;13;607;679;965),7,4.7485322896281801,10225
2045,5,C(2045;1;28;256;405;762),7,4.7485322896281801,10225
2045,5,C(2045;1;73;283;411;935),7,4.7485322896281801,10225
2045,5,C(2045;1;204;472;555;577),7,4.7485322896281801,10225
