N,K,S,diameter,averageShortestPathLength,edges
2199,5,C(2199;1;122;321;462;996),7,4.8216560509554141,10995
2199,5,C(2199;1;273;573;621;739),7,4.8216560509554141,10995
