N,K,S,diameter,averageShortestPathLength,edges
2603,5,C(2603;1;12;266;638;827),7,5.0023059185242120,13015
2603,5,C(2603;1;102;1058;1102;1224),7,5.0023059185242120,13015
2603,5,C(2603;1;108;361;787;955),7,5.0023059185242120,13015
2603,5,C(2603;1;148;217;456;487),7,5.0023059185242120,13015
2603,5,C(2603;1;155;192;299;988),7,5.0023059185242120,13015
2603,5,C(2603;1;176;551;756;1181),7,5.0023059185242120,13015
2603,5,C(2603;1;281;1010;1254;1280),7,5.0023059185242120,13015
2603,5,C(2603;1;308;317;575;741),7,5.0023059185242120,13015
