N,K,S,diameter,averageShortestPathLength,edges
2285,5,C(2285;1;71;540;587;998),7,4.8581436077057791,11425
2285,5,C(2285;1;137;354;780;883),7,4.8581436077057791,11425
2285,5,C(2285;1;320;593;771;973),7,4.8581436077057791,11425
2285,5,C(2285;1;467;798;945;1061),7,4.8581436077057791,11425
