N,K,S,diameter,averageShortestPathLength,edges
2116,5,C(2116;1;372;510;757;1028),7,4.7843971631205671,10580
2116,5,C(2116;1;376;416;587;1014),7,4.7843971631205671,10580
