N,K,S,diameter,averageShortestPathLength,edges
2221,5,C(2221;1;86;373;872;885),7,4.8351351351351353,11105
2221,5,C(2221;1;104;298;569;1024),7,4.8351351351351353,11105
2221,5,C(2221;1;131;161;443;961),7,4.8351351351351353,11105
2221,5,C(2221;1;236;261;371;1050),7,4.8351351351351353,11105
2221,5,C(2221;1;475;538;594;687),7,4.8351351351351353,11105
