N,K,S,diameter,averageShortestPathLength,edges
2537,5,C(2537;1;70;156;1040;1159),7,4.9716088328075712,12685
2537,5,C(2537;1;127;561;699;1188),7,4.9716088328075712,12685
2537,5,C(2537;1;309;414;839;1203),7,4.9716088328075712,12685
2537,5,C(2537;1;567;753;766;813),7,4.9716088328075712,12685
2537,5,C(2537;1;710;962;1162;1196),7,4.9716088328075712,12685
