N,K,S,diameter,averageShortestPathLength,edges
2524,5,C(2524;1;104;339;566;972),7,4.9655172413793105,12620
2524,5,C(2524;1;640;819;862;1008),7,4.9655172413793105,12620
