N,K,S,diameter,averageShortestPathLength,edges
2196,5,C(2196;1;53;66;416;504),7,4.8164009111617316,10980
2196,5,C(2196;1;612;786;953;1028),7,4.8164009111617316,10980
