N,K,S,diameter,averageShortestPathLength,edges
2309,5,C(2309;1;114;668;728;867),7,4.8726169844020797,11545
2309,5,C(2309;1;134;514;689;871),7,4.8726169844020797,11545
2309,5,C(2309;1;151;173;811;1075),7,4.8726169844020797,11545
2309,5,C(2309;1;224;314;367;1148),7,4.8726169844020797,11545
2309,5,C(2309;1;533;654;676;1114),7,4.8726169844020797,11545
