N,K,S,diameter,averageShortestPathLength,edges
2570,5,C(2570;1;82;292;449;968),7,4.9859867652783185,12850
2570,5,C(2570;1;452;601;732;948),7,4.9859867652783185,12850
