N,K,S,diameter,averageShortestPathLength,edges
2594,5,C(2594;1;153;510;622;742),7,4.9988430389510219,12970
2594,5,C(2594;1;373;792;868;1140),7,4.9988430389510219,12970
