N,K,S,diameter,averageShortestPathLength,edges
2297,5,C(2297;1;36;387;719;869),7,4.8675958188153308,11485
2297,5,C(2297;1;184;267;894;930),7,4.8675958188153308,11485
2297,5,C(2297;1;193;352;452;1111),7,4.8675958188153308,11485
2297,5,C(2297;1;205;393;490;968),7,4.8675958188153308,11485
2297,5,C(2297;1;319;339;585;726),7,4.8675958188153308,11485
