N,K,S,diameter,averageShortestPathLength,edges
2307,5,C(2307;1;30;928;952;1083),7,4.8690372940156115,11535
2307,5,C(2307;1;70;638;841;1008),7,4.8690372940156115,11535
2307,5,C(2307;1;253;315;395;990),7,4.8690372940156115,11535
2307,5,C(2307;1;266;297;538;1059),7,4.8690372940156115,11535
2307,5,C(2307;1;397;502;535;783),7,4.8690372940156115,11535
2307,5,C(2307;1;447;746;758;866),7,4.8690372940156115,11535
2307,5,C(2307;1;452;523;658;1137),7,4.8690372940156115,11535
