N,K,S,diameter,averageShortestPathLength,edges
2298,5,C(2298;1;65;424;737;818),7,4.8689595124074883,11490
2298,5,C(2298;1;154;254;577;601),7,4.8689595124074883,11490
2298,5,C(2298;1;358;398;449;689),7,4.8689595124074883,11490
