N,K,S,diameter,averageShortestPathLength,edges
2036,5,C(2036;1;120;650;776;791),6,4.7464373464373466,10180
2036,5,C(2036;1;254;416;435;736),6,4.7464373464373466,10180
