N,K,S,diameter,averageShortestPathLength,edges
2062,5,C(2062;1;86;542;785;918),7,4.7549733139252792,10310
2062,5,C(2062;1;90;122;373;914),7,4.7549733139252792,10310
