N,K,S,diameter,averageShortestPathLength,edges
2075,5,C(2075;1;67;210;250;782),7,4.7647058823529411,10375
2075,5,C(2075;1;86;109;550;1033),7,4.7647058823529411,10375
2075,5,C(2075;1;238;500;514;629),7,4.7647058823529411,10375
2075,5,C(2075;1;255;268;600;719),7,4.7647058823529411,10375
2075,5,C(2075;1;275;329;895;1022),7,4.7647058823529411,10375
2075,5,C(2075;1;442;800;898;922),7,4.7647058823529411,10375
2075,5,C(2075;1;875;894;941;953),7,4.7647058823529411,10375
