N,K,S,diameter,averageShortestPathLength,edges
2558,5,C(2558;1;69;268;349;729),7,4.9847477512710210,12790
2558,5,C(2558;1;92;733;834;1061),7,4.9847477512710210,12790
2558,5,C(2558;1;171;187;384;634),7,4.9847477512710210,12790
2558,5,C(2558;1;233;487;519;960),7,4.9847477512710210,12790
2558,5,C(2558;1;393;446;975;1021),7,4.9847477512710210,12790
2558,5,C(2558;1;422;725;790;1191),7,4.9847477512710210,12790
2558,5,C(2558;1;467;645;1019;1084),7,4.9847477512710210,12790
