N,K,S,diameter,averageShortestPathLength,edges
2612,5,C(2612;1;73;595;626;853),7,5.0019149751053238,13060
2612,5,C(2612;1;134;193;607;1035),7,5.0019149751053238,13060
2612,5,C(2612;1;203;457;1082;1145),7,5.0019149751053238,13060
2612,5,C(2612;1;663;934;957;1235),7,5.0019149751053238,13060
