N,K,S,diameter,averageShortestPathLength,edges
2014,5,C(2014;1;181;762;820;838),7,4.7312468951813216,10070
2014,5,C(2014;1;452;650;701;830),7,4.7312468951813216,10070
