N,K,S,diameter,averageShortestPathLength,edges
2241,5,C(2241;1;29;106;549;813),7,4.8383928571428569,11205
2241,5,C(2241;1;148;190;576;690),7,4.8383928571428569,11205
2241,5,C(2241;1;460;522;822;850),7,4.8383928571428569,11205
