N,K,S,diameter,averageShortestPathLength,edges
2203,5,C(2203;1;31;112;404;936),7,4.8247048138056314,11015
2203,5,C(2203;1;49;155;638;960),7,4.8247048138056314,11015
2203,5,C(2203;1;59;149;374;397),7,4.8247048138056314,11015
2203,5,C(2203;1;183;430;1066;1079),7,4.8247048138056314,11015
2203,5,C(2203;1;207;313;668;1005),7,4.8247048138056314,11015
