N,K,S,diameter,averageShortestPathLength,edges
2072,5,C(2072;1;123;278;427;904),7,4.7619507484307100,10360
2072,5,C(2072;1;219;273;794;936),7,4.7619507484307100,10360
