N,K,S,diameter,averageShortestPathLength,edges
2228,5,C(2228;1;128;152;552;907),7,4.8343062415806015,11140
2228,5,C(2228;1;216;705;740;1108),7,4.8343062415806015,11140
