N,K,S,diameter,averageShortestPathLength,edges
2584,5,C(2584;1;72;225;845;1100),7,4.9941927990708477,12920
2584,5,C(2584;1;211;312;460;963),7,4.9941927990708477,12920
2584,5,C(2584;1;292;735;915;1240),7,4.9941927990708477,12920
