N,K,S,diameter,averageShortestPathLength,edges
2502,5,C(2502;1;79;124;554;662),7,4.9564174330267896,12510
2502,5,C(2502;1;88;95;340;730),7,4.9564174330267896,12510
