N,K,S,diameter,averageShortestPathLength,edges
2574,5,C(2574;1;104;216;277;568),7,4.9879518072289155,12870
2574,5,C(2574;1;520;882;922;985),7,4.9879518072289155,12870
