N,K,S,diameter,averageShortestPathLength,edges
2286,5,C(2286;1;232;336;666;937),7,4.8595185995623629,11430
2286,5,C(2286;1;252;642;971;1042),7,4.8595185995623629,11430
