N,K,S,diameter,averageShortestPathLength,edges
2088,5,C(2088;1;83;115;687;792),7,4.7704839482510781,10440
2088,5,C(2088;1;97;470;610;784),7,4.7704839482510781,10440
2088,5,C(2088;1;134;409;896;1018),7,4.7704839482510781,10440
2088,5,C(2088;1;199;339;581;792),7,4.7704839482510781,10440
2088,5,C(2088;1;285;703;720;805),7,4.7704839482510781,10440
