N,K,S,diameter,averageShortestPathLength,edges
2004,5,C(2004;1;37;140;260;711),7,4.7294058911632550,10020
2004,5,C(2004;1;325;332;592;615),7,4.7294058911632550,10020
