N,K,S,diameter,averageShortestPathLength,edges
2188,5,C(2188;1;52;772;813;976),7,4.8184727937814360,10940
2188,5,C(2188;1;276;401;1028;1064),7,4.8184727937814360,10940
