N,K,S,diameter,averageShortestPathLength,edges
2310,5,C(2310;1;105;500;584;883),7,4.8718059766132527,11550
2310,5,C(2310;1;172;293;735;970),7,4.8718059766132527,11550
