N,K,S,diameter,averageShortestPathLength,edges
2548,5,C(2548;1;19;709;1024;1242),7,4.9784059678052612,12740
2548,5,C(2548;1;45;246;770;1123),7,4.9784059678052612,12740
2548,5,C(2548;1;86;295;518;1139),7,4.9784059678052612,12740
2548,5,C(2548;1;115;142;363;552),7,4.9784059678052612,12740
2548,5,C(2548;1;188;365;870;1207),7,4.9784059678052612,12740
2548,5,C(2548;1;266;453;674;881),7,4.9784059678052612,12740
