N,K,S,diameter,averageShortestPathLength,edges
2251,5,C(2251;1;60;311;321;397),7,4.8462222222222220,11255
2251,5,C(2251;1;105;132;561;1107),7,4.8462222222222220,11255
2251,5,C(2251;1;116;152;433;730),7,4.8462222222222220,11255
2251,5,C(2251;1;255;324;567;759),7,4.8462222222222220,11255
2251,5,C(2251;1;256;343;718;1088),7,4.8462222222222220,11255
