N,K,S,diameter,averageShortestPathLength,edges
2222,5,C(2222;1;81;131;410;564),7,4.8320576316974337,11110
2222,5,C(2222;1;140;169;441;828),7,4.8320576316974337,11110
2222,5,C(2222;1;355;636;816;1015),7,4.8320576316974337,11110
