N,K,S,diameter,averageShortestPathLength,edges
2553,5,C(2553;1;320;498;873;1265),7,4.9788401253918497,12765
2553,5,C(2553;1;525;633;1081;1093),7,4.9788401253918497,12765
