N,K,S,diameter,averageShortestPathLength,edges
2528,5,C(2528;1;326;808;906;1249),7,4.9655718242975864,12640
2528,5,C(2528;1;566;728;927;1158),7,4.9655718242975864,12640
