N,K,S,diameter,averageShortestPathLength,edges
2253,5,C(2253;1;221;366;573;606),7,4.8436944937833033,11265
2253,5,C(2253;1;367;645;762;858),7,4.8436944937833033,11265
