N,K,S,diameter,averageShortestPathLength,edges
2214,5,C(2214;1;43;333;618;1052),7,4.8237686398554001,11070
2214,5,C(2214;1;103;130;552;1089),7,4.8237686398554001,11070
