N,K,S,diameter,averageShortestPathLength,edges
2242,5,C(2242;1;333;368;678;915),7,4.8415885765283360,11210
2242,5,C(2242;1;406;432;583;781),7,4.8415885765283360,11210
2242,5,C(2242;1;530;573;887;916),7,4.8415885765283360,11210
