N,K,S,diameter,averageShortestPathLength,edges
2091,5,C(2091;1;32;261;497;674),7,4.7732057416267946,10455
2091,5,C(2091;1;62;375;394;736),7,4.7732057416267946,10455
2091,5,C(2091;1;196;371;865;972),7,4.7732057416267946,10455
2091,5,C(2091;1;554;741;812;892),7,4.7732057416267946,10455
