N,K,S,diameter,averageShortestPathLength,edges
2511,5,C(2511;1;102;348;459;1067),7,4.9513944223107567,12555
2511,5,C(2511;1;195;353;852;1188),7,4.9513944223107567,12555
