N,K,S,diameter,averageShortestPathLength,edges
2070,5,C(2070;1;98;124;388;671),6,4.7559207346544223,10350
2070,5,C(2070;1;284;358;488;799),6,4.7559207346544223,10350
