N,K,S,diameter,averageShortestPathLength,edges
2111,5,C(2111;1;42;49;474;929),7,4.7800947867298582,10555
2111,5,C(2111;1;58;238;432;855),7,4.7800947867298582,10555
2111,5,C(2111;1;182;517;604;1015),7,4.7800947867298582,10555
2111,5,C(2111;1;204;534;793;834),7,4.7800947867298582,10555
2111,5,C(2111;1;353;575;916;955),7,4.7800947867298582,10555
