N,K,S,diameter,averageShortestPathLength,edges
2218,5,C(2218;1;98;355;584;734),7,4.8304014433919713,11090
2218,5,C(2218;1;202;662;731;1048),7,4.8304014433919713,11090
