N,K,S,diameter,averageShortestPathLength,edges
2156,5,C(2156;1;87;240;363;888),7,4.7995359628770302,10780
2156,5,C(2156;1;592;793;828;1045),7,4.7995359628770302,10780
