N,K,S,diameter,averageShortestPathLength,edges
2003,5,C(2003;1;23;126;386;857),7,4.7222777222777221,10015
2003,5,C(2003;1;156;192;298;410),7,4.7222777222777221,10015
2003,5,C(2003;1;201;531;617;713),7,4.7222777222777221,10015
2003,5,C(2003;1;224;528;767;958),7,4.7222777222777221,10015
2003,5,C(2003;1;321;461;486;588),7,4.7222777222777221,10015
