N,K,S,diameter,averageShortestPathLength,edges
2573,5,C(2573;1;31;86;546;1133),7,4.9930015552099531,12865
2573,5,C(2573;1;233;868;1107;1180),7,4.9930015552099531,12865
2573,5,C(2573;1;352;604;620;783),7,4.9930015552099531,12865
2573,5,C(2573;1;589;773;1098;1275),7,4.9930015552099531,12865
