N,K,S,diameter,averageShortestPathLength,edges
2181,5,C(2181;1;59;589;791;949),7,4.8100917431192665,10905
2181,5,C(2181;1;284;661;692;928),7,4.8100917431192665,10905
2181,5,C(2181;1;385;511;716;757),7,4.8100917431192665,10905
2181,5,C(2181;1;412;557;593;1025),7,4.8100917431192665,10905
2181,5,C(2181;1;457;982;1072;1082),7,4.8100917431192665,10905
