N,K,S,diameter,averageShortestPathLength,edges
2274,5,C(2274;1;74;253;573;1106),7,4.8512978442586894,11370
2274,5,C(2274;1;472;555;755;980),7,4.8512978442586894,11370
