N,K,S,diameter,averageShortestPathLength,edges
2148,5,C(2148;1;51;259;279;324),7,4.7978574755472749,10740
2148,5,C(2148;1;192;225;249;763),7,4.7978574755472749,10740
