N,K,S,diameter,averageShortestPathLength,edges
2192,5,C(2192;1;101;166;380;919),7,4.8156093108169786,10960
2192,5,C(2192;1;179;196;422;935),7,4.8156093108169786,10960
2192,5,C(2192;1;414;452;747;803),7,4.8156093108169786,10960
