N,K,S,diameter,averageShortestPathLength,edges
2550,5,C(2550;1;33;192;942;1271),7,4.9756767359748917,12750
2550,5,C(2550;1;48;319;327;402),7,4.9756767359748917,12750
