N,K,S,diameter,averageShortestPathLength,edges
2562,5,C(2562;1;181;230;483;1274),7,4.9804763764154627,12810
2562,5,C(2562;1;399;644;664;1189),7,4.9804763764154627,12810
