N,K,S,diameter,averageShortestPathLength,edges
2512,5,C(2512;1;27;292;860;1186),7,4.9621664675428114,12560
2512,5,C(2512;1;93;230;404;476),7,4.9621664675428114,12560
2512,5,C(2512;1;274;281;1168;1198),7,4.9621664675428114,12560
2512,5,C(2512;1;295;416;446;782),7,4.9621664675428114,12560
