N,K,S,diameter,averageShortestPathLength,edges
2179,5,C(2179;1;34;294;717;832),7,4.8126721763085403,10895
2179,5,C(2179;1;43;265;409;705),7,4.8126721763085403,10895
2179,5,C(2179;1;55;213;309;917),7,4.8126721763085403,10895
2179,5,C(2179;1;74;126;240;1003),7,4.8126721763085403,10895
2179,5,C(2179;1;152;389;1023;1058),7,4.8126721763085403,10895
