N,K,S,diameter,averageShortestPathLength,edges
2162,5,C(2162;1;112;320;988;1021),7,4.7996298010180469,10810
2162,5,C(2162;1;146;488;726;1063),7,4.7996298010180469,10810
