N,K,S,diameter,averageShortestPathLength,edges
2260,5,C(2260;1;211;474;693;1068),7,4.8481629039397962,11300
2260,5,C(2260;1;252;889;903;1026),7,4.8481629039397962,11300
2260,5,C(2260;1;437;453;782;1104),7,4.8481629039397962,11300
