N,K,S,diameter,averageShortestPathLength,edges
2174,5,C(2174;1;350;363;832;1043),7,4.8094799815922684,10870
2174,5,C(2174;1;545;562;926;1021),7,4.8094799815922684,10870
2174,5,C(2174;1;574;667;807;832),7,4.8094799815922684,10870
