N,K,S,diameter,averageShortestPathLength,edges
2123,5,C(2123;1;46;446;618;1043),7,4.7860508953817158,10615
2123,5,C(2123;1;102;485;600;725),7,4.7860508953817158,10615
2123,5,C(2123;1;119;763;895;983),7,4.7860508953817158,10615
2123,5,C(2123;1;232;311;483;918),7,4.7860508953817158,10615
2123,5,C(2123;1;292;694;729;967),7,4.7860508953817158,10615
