N,K,S,diameter,averageShortestPathLength,edges
2269,5,C(2269;1;14;429;639;722),7,4.8465608465608465,11345
2269,5,C(2269;1;22;308;362;444),7,4.8465608465608465,11345
2269,5,C(2269;1;162;841;856;1024),7,4.8465608465608465,11345
2269,5,C(2269;1;402;677;776;959),7,4.8465608465608465,11345
2269,5,C(2269;1;419;500;741;941),7,4.8465608465608465,11345
