N,K,S,diameter,averageShortestPathLength,edges
2164,5,C(2164;1;25;266;918;1024),7,4.8062875635691169,10820
2164,5,C(2164;1;530;779;820;1002),7,4.8062875635691169,10820
