N,K,S,diameter,averageShortestPathLength,edges
2216,5,C(2216;1;47;77;381;464),7,4.8306997742663658,11080
2216,5,C(2216;1;99;215;285;720),7,4.8306997742663658,11080
2216,5,C(2216;1;259;512;1041;1093),7,4.8306997742663658,11080
2216,5,C(2216;1;291;517;943;1000),7,4.8306997742663658,11080
