N,K,S,diameter,averageShortestPathLength,edges
2197,5,C(2197;1;149;721;825;980),7,4.8233151183970859,10985
2197,5,C(2197;1;172;207;323;638),7,4.8233151183970859,10985
2197,5,C(2197;1;245;627;844;885),7,4.8233151183970859,10985
2197,5,C(2197;1;343;438;576;958),7,4.8233151183970859,10985
2197,5,C(2197;1;467;752;846;965),7,4.8233151183970859,10985
