N,K,S,diameter,averageShortestPathLength,edges
2119,5,C(2119;1;52;122;447;681),7,4.7847025495750710,10595
2119,5,C(2119;1;66;221;274;697),7,4.7847025495750710,10595
2119,5,C(2119;1;116;208;330;820),7,4.7847025495750710,10595
2119,5,C(2119;1;261;610;749;806),7,4.7847025495750710,10595
