N,K,S,diameter,averageShortestPathLength,edges
2175,5,C(2175;1;152;585;672;689),7,4.8086476540938365,10875
2175,5,C(2175;1;165;407;584;948),7,4.8086476540938365,10875
2175,5,C(2175;1;339;668;705;787),7,4.8086476540938365,10875
