N,K,S,diameter,averageShortestPathLength,edges
2053,5,C(2053;1;95;645;791;801),7,4.7534113060428851,10265
2053,5,C(2053;1;159;261;345;902),7,4.7534113060428851,10265
2053,5,C(2053;1;251;389;439;467),7,4.7534113060428851,10265
2053,5,C(2053;1;448;571;808;867),7,4.7534113060428851,10265
2053,5,C(2053;1;527;845;874;910),7,4.7534113060428851,10265
