N,K,S,diameter,averageShortestPathLength,edges
2050,5,C(2050;1;104;436;480;737),7,4.7510980966325036,10250
2050,5,C(2050;1;142;272;340;573),7,4.7510980966325036,10250
