N,K,S,diameter,averageShortestPathLength,edges
2249,5,C(2249;1;27;529;801;1013),7,4.8469750889679712,11245
2249,5,C(2249;1;35;814;857;948),7,4.8469750889679712,11245
2249,5,C(2249;1;41;153;257;744),7,4.8469750889679712,11245
2249,5,C(2249;1;73;268;278;384),7,4.8469750889679712,11245
2249,5,C(2249;1;147;454;720;833),7,4.8469750889679712,11245
