N,K,S,diameter,averageShortestPathLength,edges
2160,5,C(2160;1;169;399;406;925),7,4.8003705419175544,10800
2160,5,C(2160;1;266;325;409;969),7,4.8003705419175544,10800
