N,K,S,diameter,averageShortestPathLength,edges
2200,5,C(2200;1;122;167;309;1013),7,4.8176443838108227,11000
2200,5,C(2200;1;141;406;793;923),7,4.8176443838108227,11000
2200,5,C(2200;1;142;563;1011;1057),7,4.8176443838108227,11000
2200,5,C(2200;1;303;434;973;1061),7,4.8176443838108227,11000
