N,K,S,diameter,averageShortestPathLength,edges
2185,5,C(2185;1;16;113;443;497),7,4.8150183150183148,10925
2185,5,C(2185;1;54;143;884;947),7,4.8150183150183148,10925
2185,5,C(2185;1;58;421;526;928),7,4.8150183150183148,10925
2185,5,C(2185;1;131;488;519;932),7,4.8150183150183148,10925
2185,5,C(2185;1;382;956;963;987),7,4.8150183150183148,10925
