N,K,S,diameter,averageShortestPathLength,edges
2611,5,C(2611;1;97;201;276;517),7,5.0099616858237548,13055
2611,5,C(2611;1;113;323;352;374),7,5.0099616858237548,13055
2611,5,C(2611;1;556;675;817;1299),7,5.0099616858237548,13055
2611,5,C(2611;1;747;767;859;1069),7,5.0099616858237548,13055
2611,5,C(2611;1;904;1066;1086;1152),7,5.0099616858237548,13055
