N,K,S,diameter,averageShortestPathLength,edges
2231,5,C(2231;1;23;102;390;707),7,4.8394618834080720,11155
2231,5,C(2231;1;142;395;1035;1098),7,4.8394618834080720,11155
2231,5,C(2231;1;240;305;921;1104),7,4.8394618834080720,11155
2231,5,C(2231;1;510;660;897;1028),7,4.8394618834080720,11155
