N,K,S,diameter,averageShortestPathLength,edges
2232,5,C(2232;1;58;130;340;439),7,4.8381891528462573,11160
2232,5,C(2232;1;316;646;905;1078),7,4.8381891528462573,11160
