N,K,S,diameter,averageShortestPathLength,edges
2284,5,C(2284;1;60;584;1029;1066),7,4.8607095926412613,11420
2284,5,C(2284;1;475;698;1036;1092),7,4.8607095926412613,11420
