N,K,S,diameter,averageShortestPathLength,edges
2604,5,C(2604;1;428;452;627;1240),7,5.0011525163273145,13020
2604,5,C(2604;1;633;754;1088;1248),7,5.0011525163273145,13020
