N,K,S,diameter,averageShortestPathLength,edges
2034,5,C(2034;1;56;229;416;824),7,4.7407771765863256,10170
2034,5,C(2034;1;151;238;320;350),7,4.7407771765863256,10170
