N,K,S,diameter,averageShortestPathLength,edges
2302,5,C(2302;1;258;395;402;614),7,4.8665797479356803,11510
2302,5,C(2302;1;374;711;722;826),7,4.8665797479356803,11510
