N,K,S,diameter,averageShortestPathLength,edges
2546,5,C(2546;1;255;322;652;1009),7,4.9768172888015716,12730
2546,5,C(2546;1;364;623;921;1226),7,4.9768172888015716,12730
2546,5,C(2546;1;468;613;639;916),7,4.9768172888015716,12730
