N,K,S,diameter,averageShortestPathLength,edges
2560,5,C(2560;1;38;104;534;617),7,4.9839781164517394,12800
2560,5,C(2560;1;54;473;552;858),7,4.9839781164517394,12800
