N,K,S,diameter,averageShortestPathLength,edges
2078,5,C(2078;1;33;116;802;942),7,4.7684159845931635,10390
2078,5,C(2078;1;63;654;916;1004),7,4.7684159845931635,10390
