N,K,S,diameter,averageShortestPathLength,edges
2080,5,C(2080;1;106;123;603;884),7,4.7638287638287640,10400
2080,5,C(2080;1;307;321;738;988),7,4.7638287638287640,10400
2080,5,C(2080;1;542;947;959;988),7,4.7638287638287640,10400
