N,K,S,diameter,averageShortestPathLength,edges
2013,5,C(2013;1;70;345;918;933),7,4.7316103379721666,10065
2013,5,C(2013;1;303;447;714;949),7,4.7316103379721666,10065
