N,K,S,diameter,averageShortestPathLength,edges
2124,5,C(2124;1;152;194;377;547),7,4.7875647668393784,10620
2124,5,C(2124;1;256;365;455;718),7,4.7875647668393784,10620
2124,5,C(2124;1;332;631;778;1055),7,4.7875647668393784,10620
