N,K,S,diameter,averageShortestPathLength,edges
2019,5,C(2019;1;35;295;409;571),7,4.7353815659068381,10095
2019,5,C(2019;1;43;137;245;746),7,4.7353815659068381,10095
2019,5,C(2019;1;46;74;280;923),7,4.7353815659068381,10095
2019,5,C(2019;1;191;640;710;986),7,4.7353815659068381,10095
2019,5,C(2019;1;395;445;854;964),7,4.7353815659068381,10095
