N,K,S,diameter,averageShortestPathLength,edges
2509,5,C(2509;1;11;522;1096;1214),7,4.9617224880382773,12545
2509,5,C(2509;1;24;527;657;744),7,4.9617224880382773,12545
2509,5,C(2509;1;31;341;1128;1150),7,4.9617224880382773,12545
2509,5,C(2509;1;149;219;238;870),7,4.9617224880382773,12545
2509,5,C(2509;1;228;802;1012;1093),7,4.9617224880382773,12545
