N,K,S,diameter,averageShortestPathLength,edges
2505,5,C(2505;1;27;616;888;1035),7,4.9536741214057507,12525
2505,5,C(2505;1;61;510;858;942),7,4.9536741214057507,12525
