N,K,S,diameter,averageShortestPathLength,edges
2262,5,C(2262;1;16;440;751;826),7,4.8509509066784613,11310
2262,5,C(2262;1;356;503;730;1000),7,4.8509509066784613,11310
