N,K,S,diameter,averageShortestPathLength,edges
2229,5,C(2229;1;45;165;309;770),7,4.8384201077199283,11145
2229,5,C(2229;1;55;159;246;837),7,4.8384201077199283,11145
