N,K,S,diameter,averageShortestPathLength,edges
2294,5,C(2294;1;160;392;927;938),7,4.8626253815961622,11470
2294,5,C(2294;1;537;544;974;1042),7,4.8626253815961622,11470
