N,K,S,diameter,averageShortestPathLength,edges
2233,5,C(2233;1;37;287;476;963),7,4.8405017921146953,11165
2233,5,C(2233;1;294;651;1026;1052),7,4.8405017921146953,11165
2233,5,C(2233;1;420;665;691;1004),7,4.8405017921146953,11165
