N,K,S,diameter,averageShortestPathLength,edges
2506,5,C(2506;1;102;441;596;859),7,4.9612774451097801,12530
2506,5,C(2506;1;116;301;353;922),7,4.9612774451097801,12530
