N,K,S,diameter,averageShortestPathLength,edges
2244,5,C(2244;1;165;388;461;962),7,4.8417298261257242,11220
2244,5,C(2244;1;226;331;520;759),7,4.8417298261257242,11220
