N,K,S,diameter,averageShortestPathLength,edges
2057,5,C(2057;1;132;669;680;875),7,4.7568093385214008,10285
2057,5,C(2057;1;134;612;825;862),7,4.7568093385214008,10285
2057,5,C(2057;1;782;864;913;976),7,4.7568093385214008,10285
