N,K,S,diameter,averageShortestPathLength,edges
2081,5,C(2081;1;24;513;572;699),7,4.7682692307692305,10405
2081,5,C(2081;1;231;323;607;759),7,4.7682692307692305,10405
2081,5,C(2081;1;294;390;413;1036),7,4.7682692307692305,10405
2081,5,C(2081;1;352;382;650;844),7,4.7682692307692305,10405
2081,5,C(2081;1;499;814;933;940),7,4.7682692307692305,10405
