N,K,S,diameter,averageShortestPathLength,edges
2163,5,C(2163;1;56;147;448;866),7,4.8057354301572621,10815
2163,5,C(2163;1;70;357;542;560),7,4.8057354301572621,10815
