N,K,S,diameter,averageShortestPathLength,edges
2315,5,C(2315;1;49;76;388;447),7,4.8738115816767502,11575
2315,5,C(2315;1;143;506;913;1068),7,4.8738115816767502,11575
2315,5,C(2315;1;189;474;748;1143),7,4.8738115816767502,11575
2315,5,C(2315;1;352;492;958;1066),7,4.8738115816767502,11575
2315,5,C(2315;1;396;858;884;1072),7,4.8738115816767502,11575
