N,K,S,diameter,averageShortestPathLength,edges
2002,5,C(2002;1;143;182;492;721),7,4.7296351824087957,10010
2002,5,C(2002;1;164;255;571;968),7,4.7296351824087957,10010
2002,5,C(2002;1;369;456;489;836),7,4.7296351824087957,10010
2002,5,C(2002;1;682;736;827;859),7,4.7296351824087957,10010
