N,K,S,diameter,averageShortestPathLength,edges
2256,5,C(2256;1;208;330;1103;1122),7,4.8416851441241686,11280
2256,5,C(2256;1;438;640;767;1038),7,4.8416851441241686,11280
