N,K,S,diameter,averageShortestPathLength,edges
2169,5,C(2169;1;355;755;774;785),7,4.8090405904059041,10845
2169,5,C(2169;1;373;702;836;947),7,4.8090405904059041,10845
2169,5,C(2169;1;491;556;882;1006),7,4.8090405904059041,10845
2169,5,C(2169;1;688;857;1049;1062),7,4.8090405904059041,10845
