N,K,S,diameter,averageShortestPathLength,edges
2507,5,C(2507;1;22;366;769;885),7,4.9616919393455703,12535
2507,5,C(2507;1;79;114;610;895),7,4.9616919393455703,12535
2507,5,C(2507;1;170;452;476;890),7,4.9616919393455703,12535
2507,5,C(2507;1;433;711;830;1015),7,4.9616919393455703,12535
2507,5,C(2507;1;799;1000;1185;1224),7,4.9616919393455703,12535
