N,K,S,diameter,averageShortestPathLength,edges
2112,5,C(2112;1;13;197;305;874),7,4.7811463761250588,10560
2112,5,C(2112;1;139;325;665;1042),7,4.7811463761250588,10560
2112,5,C(2112;1;266;367;491;547),7,4.7811463761250588,10560
2112,5,C(2112;1;343;461;478;899),7,4.7811463761250588,10560
