N,K,S,diameter,averageShortestPathLength,edges
2257,5,C(2257;1;30;682;778;1004),7,4.8484042553191493,11285
2257,5,C(2257;1;86;599;1034;1080),7,4.8484042553191493,11285
2257,5,C(2257;1;117;275;978;1076),7,4.8484042553191493,11285
2257,5,C(2257;1;203;281;311;598),7,4.8484042553191493,11285
2257,5,C(2257;1;254;349;673;850),7,4.8484042553191493,11285
