N,K,S,diameter,averageShortestPathLength,edges
2314,5,C(2314;1;216;332;685;1127),7,4.8698659749243403,11570
2314,5,C(2314;1;470;606;887;987),7,4.8698659749243403,11570
2314,5,C(2314;1;679;701;882;970),7,4.8698659749243403,11570
