N,K,S,diameter,averageShortestPathLength,edges
2585,5,C(2585;1;53;569;797;1229),7,4.9907120743034055,12925
2585,5,C(2585;1;162;276;631;1168),7,4.9907120743034055,12925
2585,5,C(2585;1;168;384;686;1278),7,4.9907120743034055,12925
2585,5,C(2585;1;279;493;1007;1248),7,4.9907120743034055,12925
2585,5,C(2585;1;367;454;477;1073),7,4.9907120743034055,12925
