N,K,S,diameter,averageShortestPathLength,edges
2601,5,C(2601;1;29;524;626;863),7,4.9969230769230766,13005
2601,5,C(2601;1;217;590;736;1091),7,4.9969230769230766,13005
2601,5,C(2601;1;251;329;965;1166),7,4.9969230769230766,13005
2601,5,C(2601;1;295;313;752;1121),7,4.9969230769230766,13005
2601,5,C(2601;1;364;829;958;1123),7,4.9969230769230766,13005
