N,K,S,diameter,averageShortestPathLength,edges
2609,5,C(2609;1;41;520;690;1116),7,5.0023006134969323,13045
2609,5,C(2609;1;152;316;1176;1244),7,5.0023006134969323,13045
2609,5,C(2609;1;322;367;627;1218),7,5.0023006134969323,13045
2609,5,C(2609;1;335;700;1109;1260),7,5.0023006134969323,13045
2609,5,C(2609;1;557;620;1159;1253),7,5.0023006134969323,13045
