N,K,S,diameter,averageShortestPathLength,edges
2282,5,C(2282;1;61;369;455;508),7,4.8601490574309514,11410
2282,5,C(2282;1;181;217;478;823),7,4.8601490574309514,11410
2282,5,C(2282;1;235;329;643;716),7,4.8601490574309514,11410
