N,K,S,diameter,averageShortestPathLength,edges
2276,5,C(2276;1;310;628;691;908),7,4.8540659340659342,11380
2276,5,C(2276;1;312;583;926;944),7,4.8540659340659342,11380
