N,K,S,diameter,averageShortestPathLength,edges
2610,5,C(2610;1;82;120;826;1049),7,5.0019164430816403,13050
2610,5,C(2610;1;209;374;1020;1132),7,5.0019164430816403,13050
