N,K,S,diameter,averageShortestPathLength,edges
2095,5,C(2095;1;47;78;440;716),7,4.7736389684813751,10475
2095,5,C(2095;1;79;123;477;855),7,4.7736389684813751,10475
2095,5,C(2095;1;188;456;528;1015),7,4.7736389684813751,10475
2095,5,C(2095;1;312;773;804;990),7,4.7736389684813751,10475
