N,K,S,diameter,averageShortestPathLength,edges
2277,5,C(2277;1;85;523;841;1126),7,4.8602811950790858,11385
2277,5,C(2277;1;91;224;887;904),7,4.8602811950790858,11385
2277,5,C(2277;1;101;335;884;1135),7,4.8602811950790858,11385
2277,5,C(2277;1;248;640;868;1108),7,4.8602811950790858,11385
2277,5,C(2277;1;325;398;421;947),7,4.8602811950790858,11385
