N,K,S,diameter,averageShortestPathLength,edges
2303,5,C(2303;1;25;179;237;1040),7,4.8722849695916590,11515
2303,5,C(2303;1;219;680;764;1136),7,4.8722849695916590,11515
2303,5,C(2303;1;326;340;447;592),7,4.8722849695916590,11515
2303,5,C(2303;1;359;419;652;737),7,4.8722849695916590,11515
2303,5,C(2303;1;972;992;1042;1055),7,4.8722849695916590,11515
