N,K,S,diameter,averageShortestPathLength,edges
2021,5,C(2021;1;29;592;640;993),7,4.7336633663366339,10105
2021,5,C(2021;1;60;281;858;971),7,4.7336633663366339,10105
2021,5,C(2021;1;99;709;722;850),7,4.7336633663366339,10105
2021,5,C(2021;1;187;313;787;906),7,4.7336633663366339,10105
2021,5,C(2021;1;462;614;669;749),7,4.7336633663366339,10105
