N,K,S,diameter,averageShortestPathLength,edges
2324,5,C(2324;1;28;403;504;624),7,4.8755919070167888,11620
2324,5,C(2324;1;173;196;1048;1120),7,4.8755919070167888,11620
