N,K,S,diameter,averageShortestPathLength,edges
2012,5,C(2012;1;44;229;490;658),7,4.7339632023868718,10060
2012,5,C(2012;1;90;123;454;624),7,4.7339632023868718,10060
