N,K,S,diameter,averageShortestPathLength,edges
2032,5,C(2032;1;44;457;690;946),7,4.7434761201378635,10160
2032,5,C(2032;1;158;249;796;910),7,4.7434761201378635,10160
