N,K,S,diameter,averageShortestPathLength,edges
2022,5,C(2022;1;37;263;853;950),7,4.7357743691241962,10110
2022,5,C(2022;1;70;173;683;979),7,4.7357743691241962,10110
2022,5,C(2022;1;142;169;715;749),7,4.7357743691241962,10110
2022,5,C(2022;1;187;335;929;958),7,4.7357743691241962,10110
