N,K,S,diameter,averageShortestPathLength,edges
2258,5,C(2258;1;126;663;746;858),7,4.8489144882587505,11290
2258,5,C(2258;1;530;831;838;1024),7,4.8489144882587505,11290
