N,K,S,diameter,averageShortestPathLength,edges
2158,5,C(2158;1;177;273;680;845),7,4.8015762633286974,10790
2158,5,C(2158;1;221;240;273;317),7,4.8015762633286974,10790
