N,K,S,diameter,averageShortestPathLength,edges
2288,5,C(2288;1;153;342;662;936),7,4.8570179274158285,11440
2288,5,C(2288;1;329;406;438;936),7,4.8570179274158285,11440
