N,K,S,diameter,averageShortestPathLength,edges
2213,5,C(2213;1;87;109;356;989),7,4.8327305605786615,11065
2213,5,C(2213;1;93;230;469;727),7,4.8327305605786615,11065
2213,5,C(2213;1;103;243;407;1047),7,4.8327305605786615,11065
2213,5,C(2213;1;226;255;291;788),7,4.8327305605786615,11065
2213,5,C(2213;1;484;670;752;943),7,4.8327305605786615,11065
