N,K,S,diameter,averageShortestPathLength,edges
2141,5,C(2141;1;76;652;814;1008),7,4.7925233644859810,10705
2141,5,C(2141;1;79;227;259;818),7,4.7925233644859810,10705
2141,5,C(2141;1;124;315;805;909),7,4.7925233644859810,10705
2141,5,C(2141;1;271;464;572;986),7,4.7925233644859810,10705
2141,5,C(2141;1;415;435;670;949),7,4.7925233644859810,10705
