N,K,S,diameter,averageShortestPathLength,edges
2198,5,C(2198;1;143;648;1068;1085),7,4.8247610377787895,10990
2198,5,C(2198;1;313;436;728;984),7,4.8247610377787895,10990
2198,5,C(2198;1;315;415;764;776),7,4.8247610377787895,10990
2198,5,C(2198;1;586;728;750;941),7,4.8247610377787895,10990
