N,K,S,diameter,averageShortestPathLength,edges
2224,5,C(2224;1;172;309;572;731),7,4.8349077822762032,11120
2224,5,C(2224;1;463;547;676;700),7,4.8349077822762032,11120
2224,5,C(2224;1;831;861;916;988),7,4.8349077822762032,11120
